opportunity_id,customer_id,employee_id,branch_id,campaign_id,customer_name,age,segment,monthly_income,relationship_tenure_months,employment_type,city_tier,existing_customer_flag,salary_customer_flag,kyc_complete_flag,product_holding_count,has_credit_card_flag,has_personal_loan_flag,has_home_loan_flag,has_insurance_flag,avg_monthly_balance,avg_debit_txn_count_3m,avg_credit_txn_count_3m,digital_login_count_30d,app_sessions_30d,branch_visits_90d,rm_interactions_90d,last_campaign_contact_days,last_campaign_response,prior_offer_accept_count_12m,recent_service_issue_flag,bureau_score,lifecycle_stage,channel_preference,target_product,consent_flag,contactable_flag,assessment_timestamp,recorded_engine,historical_priority_score,historical_propensity_probability,historical_priority_band,historical_decision,historical_recommended_product,historical_channel,historical_next_step,historical_expected_value,historical_gross_expected_value,historical_contact_cost,historical_net_expected_value,historical_uplift_score,contacted_flag,holdout_control_flag,converted_flag,realized_value
OP0001,CU0001,EM0001,BR0001,CP1003,Customer 1,46,Affluent,134167.79,8,Salaried,Tier 1,0,0,1,4,1,1,0,1,288839.71,5,6,12,9,0,7,66,Clicked,1,0,764,Growth,RM / Branch,Insurance,1,1,2026-03-04T00:00:00,Rule-Based Recommendation Engine,520.0,0.5886,Low,Hold / Defer,Insurance,No Outreach,Keep out of the active audience until new engagement or relationship signals arrive.,0.0,0.0,0.0,0.0,0.5086,0,0,0.0,0.0
OP0002,CU0002,EM0006,BR0002,CP1004,Customer 2,43,Mass,144687.95,31,Professional,Tier 1,1,0,1,3,1,0,1,0,246697.38,8,5,3,5,0,0,22,No Response,0,0,776,Emerging,Hybrid,Wealth Upgrade,1,1,2026-03-14T00:00:00,Rule-Based Recommendation Engine,500.0,0.6991,Suppressed,Suppress,Wealth Upgrade,No Outreach,"Suppress outreach. Address service, compliance, or contact-fatigue constraints before reactivating.",0.0,0.0,0.0,0.0,0.6191,0,0,0.0,0.0
OP0003,CU0003,EM0005,BR0001,CP1001,Customer 3,39,Affluent,114256.36,46,Salaried,Tier 1,1,1,1,3,1,1,0,0,130632.52,18,8,14,7,1,2,8,Clicked,3,0,709,Emerging,Digital,Credit Card,1,1,2025-11-10T00:00:00,Rule-Based Recommendation Engine,520.0,0.5873,Low,Hold / Defer,Credit Card,No Outreach,Keep out of the active audience until new engagement or relationship signals arrive.,0.0,0.0,0.0,0.0,0.5073,0,0,0.0,0.0
OP0004,CU0004,EM0010,BR0002,CP1001,Customer 4,22,Mass,83301.22,34,Salaried,Tier 1,1,1,1,1,0,0,0,0,190539.04,29,3,17,11,0,2,71,Declined,0,0,860,Growth,Digital,Credit Card,1,1,2026-02-01T00:00:00,Rule-Based Recommendation Engine,896.0,0.8148,Prime,RM Priority Lead,Credit Card,RM / Branch,Route to RM within 48 hours with value talking points and product rationale.,2753.08,2898.08,145.0,2753.08,0.7348,1,0,1.0,3752.54
OP0005,CU0005,EM0001,BR0001,CP1003,Customer 5,26,Mass,51788.72,26,Salaried,Tier 3,1,0,1,1,0,0,0,0,32099.64,18,4,24,5,1,1,26,Accepted,0,0,749,Emerging,Digital,Insurance,1,1,2026-03-24T00:00:00,Rule-Based Recommendation Engine,714.0,0.5782,High,Campaign Target,Insurance,Digital,Push into the next campaign wave with personalization tags and channel controls.,3799.79,3807.79,8.0,3799.79,0.4982,0,1,0.0,0.0
OP0006,CU0006,EM0007,BR0002,CP1002,Customer 6,22,Affluent,220839.07,37,Business Owner,Tier 1,1,0,1,1,0,0,0,0,394046.67,14,11,5,6,0,2,22,Clicked,2,0,716,Emerging,RM / Branch,Personal Loan,1,0,2025-12-12T00:00:00,Rule-Based Recommendation Engine,500.0,0.8044,Suppressed,Suppress,Personal Loan,No Outreach,"Suppress outreach. Address service, compliance, or contact-fatigue constraints before reactivating.",0.0,0.0,0.0,0.0,0.7244,0,0,0.0,0.0
OP0007,CU0007,EM0003,BR0001,CP1003,Customer 7,39,Mass,102034.94,33,Self-Employed,Tier 2,0,0,0,4,1,1,0,1,148204.12,6,1,19,3,1,2,21,No Response,0,0,798,Growth,Hybrid,Insurance,1,1,2025-11-04T00:00:00,Rule-Based Recommendation Engine,500.0,0.5314,Suppressed,Suppress,Insurance,No Outreach,"Suppress outreach. Address service, compliance, or contact-fatigue constraints before reactivating.",0.0,0.0,0.0,0.0,0.4514,0,0,0.0,0.0
OP0008,CU0008,EM0010,BR0002,CP1004,Customer 8,42,Affluent,174993.8,6,Business Owner,Tier 1,1,1,1,3,1,0,1,0,389246.31,18,4,8,7,0,1,162,Opened,0,0,787,Established,RM / Branch,Wealth Upgrade,1,1,2025-11-24T00:00:00,Rule-Based Recommendation Engine,900.0,0.82,Prime,RM Priority Lead,Wealth Upgrade,RM / Branch,Route to RM within 48 hours with value talking points and product rationale.,13958.18,14103.18,145.0,13958.18,0.74,1,0,0.0,0.0
OP0009,CU0009,EM0004,BR0001,CP1001,Customer 9,36,Affluent,141660.84,80,Professional,Tier 1,1,1,1,2,0,0,1,0,334659.05,24,6,22,0,0,5,62,No Response,1,0,699,Growth,Hybrid,Credit Card,1,1,2026-02-11T00:00:00,Rule-Based Recommendation Engine,900.0,0.82,Prime,RM Priority Lead,Credit Card,RM / Branch,Route to RM within 48 hours with value talking points and product rationale.,2771.58,2916.58,145.0,2771.58,0.74,0,1,0.0,0.0
OP0010,CU0010,EM0009,BR0002,CP1001,Customer 10,32,Mass,87013.16,9,Contract,Tier 1,0,0,1,1,0,0,0,0,184837.66,14,5,15,0,1,2,10,No Response,0,0,730,Growth,Digital,Credit Card,1,1,2025-11-22T00:00:00,Rule-Based Recommendation Engine,735.0,0.6055,High,Campaign Target,Credit Card,Digital,Push into the next campaign wave with personalization tags and channel controls.,2145.64,2153.64,8.0,2145.64,0.5255,1,0,0.0,0.0
OP0011,CU0011,EM0004,BR0001,CP1003,Customer 11,29,Mass,111398.28,49,Professional,Tier 3,1,0,1,2,0,1,0,0,115394.21,8,7,0,15,1,0,9,Opened,1,0,723,Emerging,Hybrid,Insurance,0,1,2026-01-01T00:00:00,Rule-Based Recommendation Engine,500.0,0.5808,Suppressed,Suppress,Insurance,No Outreach,"Suppress outreach. Address service, compliance, or contact-fatigue constraints before reactivating.",0.0,0.0,0.0,0.0,0.5008,0,0,0.0,0.0
OP0012,CU0012,EM0009,BR0002,CP1003,Customer 12,30,Mass,78759.81,49,Salaried,Tier 1,0,1,1,2,1,0,0,0,12823.84,12,7,3,0,3,0,24,No Response,0,0,670,Emerging,Hybrid,Insurance,0,1,2026-03-24T00:00:00,Rule-Based Recommendation Engine,500.0,0.4638,Suppressed,Suppress,Insurance,No Outreach,"Suppress outreach. Address service, compliance, or contact-fatigue constraints before reactivating.",0.0,0.0,0.0,0.0,0.3838,0,0,0.0,0.0
OP0013,CU0013,EM0001,BR0001,CP1001,Customer 13,36,Mass,62170.46,12,Salaried,Tier 3,1,0,1,1,0,0,0,0,92605.23,1,10,19,5,2,1,151,Clicked,0,0,741,Established,Hybrid,Credit Card,1,1,2026-02-07T00:00:00,Rule-Based Recommendation Engine,811.0,0.7043,Prime,RM Priority Lead,Credit Card,RM / Branch,Route to RM within 48 hours with value talking points and product rationale.,2360.05,2505.05,145.0,2360.05,0.6243,1,0,0.0,0.0
OP0014,CU0014,EM0006,BR0002,CP1003,Customer 14,41,Mass,122527.82,32,Self-Employed,Tier 1,1,0,1,3,1,0,0,1,168900.17,16,6,20,10,1,0,22,Clicked,0,0,750,Established,Digital,Insurance,1,1,2025-12-07T00:00:00,Rule-Based Recommendation Engine,520.0,0.573,Low,Hold / Defer,Insurance,No Outreach,Keep out of the active audience until new engagement or relationship signals arrive.,0.0,0.0,0.0,0.0,0.493,0,0,0.0,0.0
OP0015,CU0015,EM0003,BR0001,CP1001,Customer 15,30,Mass,54894.84,13,Salaried,Tier 3,0,0,1,3,1,0,0,1,70242.44,14,7,11,13,0,3,109,No Response,0,0,798,Established,Digital,Credit Card,1,1,2025-12-30T00:00:00,Rule-Based Recommendation Engine,520.0,0.547,Low,Hold / Defer,Credit Card,No Outreach,Keep out of the active audience until new engagement or relationship signals arrive.,0.0,0.0,0.0,0.0,0.467,0,0,0.0,0.0
OP0016,CU0016,EM0006,BR0002,CP1001,Customer 16,21,Mass,89311.2,6,Self-Employed,Tier 3,0,0,1,1,0,0,0,0,157677.11,16,5,15,11,1,3,21,Declined,0,0,714,Emerging,Digital,Credit Card,1,1,2026-01-18T00:00:00,Rule-Based Recommendation Engine,777.0,0.6601,High,Campaign Target,Credit Card,RM / Branch,Push into the next campaign wave with personalization tags and channel controls.,2202.84,2347.84,145.0,2202.84,0.5801,1,0,0.0,0.0
OP0017,CU0017,EM0004,BR0001,CP1001,Customer 17,51,Mass,148200.19,1,Self-Employed,Tier 1,0,0,1,1,0,0,0,0,78550.44,2,5,13,18,2,0,14,No Response,1,0,774,Established,Digital,Credit Card,1,1,2026-04-07T00:00:00,Rule-Based Recommendation Engine,781.0,0.6653,High,Campaign Target,Credit Card,Digital,Push into the next campaign wave with personalization tags and channel controls.,2358.34,2366.34,8.0,2358.34,0.5853,0,1,0.0,0.0
OP0018,CU0018,EM0010,BR0002,CP1001,Customer 18,42,Mass,138266.56,46,Professional,Tier 2,1,1,1,2,1,0,0,0,97376.61,14,11,14,4,0,1,202,No Response,0,0,767,Emerging,Hybrid,Credit Card,1,1,2026-02-17T00:00:00,Rule-Based Recommendation Engine,520.0,0.5925,Low,Hold / Defer,Credit Card,No Outreach,Keep out of the active audience until new engagement or relationship signals arrive.,0.0,0.0,0.0,0.0,0.5125,0,0,0.0,0.0
OP0019,CU0019,EM0003,BR0001,CP1002,Customer 19,21,Mass,111905.92,76,Self-Employed,Tier 1,1,0,1,2,0,1,0,0,150168.45,1,6,19,8,1,1,9,No Response,0,0,675,Emerging,Digital,Personal Loan,1,1,2025-11-22T00:00:00,Rule-Based Recommendation Engine,500.0,0.3923,Suppressed,Suppress,Personal Loan,No Outreach,"Suppress outreach. Address service, compliance, or contact-fatigue constraints before reactivating.",0.0,0.0,0.0,0.0,0.3123,0,0,0.0,0.0
OP0020,CU0020,EM0008,BR0002,CP1001,Customer 20,44,Mass,135381.12,16,Salaried,Tier 2,1,1,1,2,1,0,0,0,135840.17,11,4,17,0,0,0,21,Opened,0,0,702,Mature,Hybrid,Credit Card,1,1,2026-03-06T00:00:00,Rule-Based Recommendation Engine,520.0,0.5509,Low,Hold / Defer,Credit Card,No Outreach,Keep out of the active audience until new engagement or relationship signals arrive.,0.0,0.0,0.0,0.0,0.4709,0,0,0.0,0.0
OP0021,CU0021,EM0003,BR0001,CP1001,Customer 21,35,Mass,71065.33,45,Salaried,Tier 2,1,0,1,1,0,0,0,0,32810.21,18,3,20,11,1,0,67,Declined,0,0,648,Growth,Digital,Credit Card,1,1,2026-03-19T00:00:00,Rule-Based Recommendation Engine,520.0,0.5483,Low,Hold / Defer,Credit Card,No Outreach,Keep out of the active audience until new engagement or relationship signals arrive.,0.0,0.0,0.0,0.0,0.4683,0,0,0.0,0.0
OP0022,CU0022,EM0008,BR0002,CP1002,Customer 22,33,Mass,72487.92,20,Salaried,Tier 2,1,1,1,3,1,1,0,0,124077.66,23,9,14,16,0,0,7,Clicked,1,0,799,Established,Digital,Personal Loan,1,1,2026-02-08T00:00:00,Rule-Based Recommendation Engine,500.0,0.469,Suppressed,Suppress,Personal Loan,No Outreach,"Suppress outreach. Address service, compliance, or contact-fatigue constraints before reactivating.",0.0,0.0,0.0,0.0,0.389,0,0,0.0,0.0
OP0023,CU0023,EM0002,BR0001,CP1004,Customer 23,57,Affluent,157531.61,48,Salaried,Tier 1,1,1,1,2,0,0,0,1,395243.25,17,9,14,0,0,4,60,No Response,0,0,740,Emerging,Hybrid,Wealth Upgrade,1,1,2025-11-01T00:00:00,Rule-Based Recommendation Engine,900.0,0.82,Prime,RM Priority Lead,Wealth Upgrade,RM / Branch,Route to RM within 48 hours with value talking points and product rationale.,13958.18,14103.18,145.0,13958.18,0.74,1,0,1.0,18757.27
OP0024,CU0024,EM0007,BR0002,CP1001,Customer 24,25,Mass,43815.55,28,Salaried,Tier 3,1,1,1,1,0,0,0,0,13047.19,10,6,9,3,0,1,148,No Response,1,0,713,Established,Hybrid,Credit Card,1,1,2025-11-29T00:00:00,Rule-Based Recommendation Engine,737.0,0.6081,High,Campaign Target,Credit Card,Hybrid,Push into the next campaign wave with personalization tags and channel controls.,2134.89,2162.89,28.0,2134.89,0.5281,1,0,1.0,2720.89
OP0025,CU0025,EM0001,BR0001,CP1001,Customer 25,27,Mass,42327.04,30,Contract,Tier 2,1,1,1,1,0,0,0,0,60235.25,18,1,5,13,0,0,38,No Response,4,0,625,Growth,Digital,Credit Card,1,1,2025-12-25T00:00:00,Rule-Based Recommendation Engine,520.0,0.5379,Low,Hold / Defer,Credit Card,No Outreach,Keep out of the active audience until new engagement or relationship signals arrive.,0.0,0.0,0.0,0.0,0.4579,0,0,0.0,0.0
OP0026,CU0026,EM0006,BR0002,CP1002,Customer 26,28,Affluent,119378.08,52,Self-Employed,Tier 3,1,0,1,2,0,1,0,0,128735.75,5,8,6,1,1,5,6,Declined,1,0,754,Emerging,RM / Branch,Personal Loan,1,1,2026-03-17T00:00:00,Rule-Based Recommendation Engine,500.0,0.5249,Suppressed,Suppress,Personal Loan,No Outreach,"Suppress outreach. Address service, compliance, or contact-fatigue constraints before reactivating.",0.0,0.0,0.0,0.0,0.4449,0,0,0.0,0.0
OP0027,CU0027,EM0001,BR0001,CP1001,Customer 27,25,Affluent,105912.05,64,Self-Employed,Tier 1,0,0,1,2,0,1,0,0,250871.01,1,1,0,8,0,2,111,No Response,0,0,684,Growth,Hybrid,Credit Card,1,1,2025-11-27T00:00:00,Rule-Based Recommendation Engine,797.0,0.6861,Prime,RM Priority Lead,Credit Card,RM / Branch,Route to RM within 48 hours with value talking points and product rationale.,2295.32,2440.32,145.0,2295.32,0.6061,1,0,1.0,3036.72
OP0028,CU0028,EM0008,BR0002,CP1003,Customer 28,27,Affluent,124877.82,31,Business Owner,Tier 1,1,0,1,3,1,1,0,0,299645.47,14,6,15,0,1,4,77,Declined,0,0,763,Emerging,Hybrid,Insurance,1,1,2026-01-02T00:00:00,Rule-Based Recommendation Engine,848.0,0.7524,Prime,RM Priority Lead,Insurance,RM / Branch,Route to RM within 48 hours with value talking points and product rationale.,4810.01,4955.01,145.0,4810.01,0.6724,1,0,0.0,0.0
OP0029,CU0029,EM0001,BR0001,CP1004,Customer 29,26,Affluent,125609.95,34,Business Owner,Tier 3,1,0,1,2,0,0,0,1,51956.96,12,6,9,0,0,3,29,No Response,0,0,777,Emerging,Hybrid,Wealth Upgrade,1,1,2026-03-05T00:00:00,Rule-Based Recommendation Engine,500.0,0.7381,Suppressed,Suppress,Wealth Upgrade,No Outreach,"Suppress outreach. Address service, compliance, or contact-fatigue constraints before reactivating.",0.0,0.0,0.0,0.0,0.6581,0,0,0.0,0.0
OP0030,CU0030,EM0007,BR0002,CP1001,Customer 30,24,Mass,59216.5,91,Contract,Tier 1,1,0,1,1,0,0,0,0,63779.25,21,5,20,4,0,0,63,Clicked,1,0,740,Emerging,Hybrid,Credit Card,0,1,2026-03-15T00:00:00,Rule-Based Recommendation Engine,500.0,0.7563,Suppressed,Suppress,Credit Card,No Outreach,"Suppress outreach. Address service, compliance, or contact-fatigue constraints before reactivating.",0.0,0.0,0.0,0.0,0.6763,0,0,0.0,0.0
OP0031,CU0031,EM0003,BR0001,CP1003,Customer 31,39,Mass,94433.67,1,Salaried,Tier 2,1,1,1,2,0,0,0,1,63757.46,21,9,19,14,0,1,69,Opened,1,0,805,Established,Hybrid,Insurance,1,1,2026-03-07T00:00:00,Rule-Based Recommendation Engine,520.0,0.5509,Low,Hold / Defer,Insurance,No Outreach,Keep out of the active audience until new engagement or relationship signals arrive.,0.0,0.0,0.0,0.0,0.4709,0,0,0.0,0.0
OP0032,CU0032,EM0007,BR0002,CP1004,Customer 32,27,Affluent,118699.54,22,Self-Employed,Tier 2,1,1,1,3,1,1,0,0,50095.86,12,11,6,8,0,3,46,Opened,0,0,756,Emerging,Digital,Wealth Upgrade,1,1,2025-11-25T00:00:00,Rule-Based Recommendation Engine,841.0,0.7433,Prime,RM Priority Lead,Wealth Upgrade,RM / Branch,Route to RM within 48 hours with value talking points and product rationale.,12639.02,12784.02,145.0,12639.02,0.6633,1,0,0.0,0.0
OP0033,CU0033,EM0005,BR0001,CP1003,Customer 33,54,Affluent,127450.92,11,Business Owner,Tier 2,0,0,1,2,0,1,0,0,451353.86,2,1,3,5,1,4,61,No Response,0,0,713,Established,RM / Branch,Insurance,1,1,2026-01-02T00:00:00,Rule-Based Recommendation Engine,820.0,0.716,Prime,RM Priority Lead,Insurance,RM / Branch,Route to RM within 48 hours with value talking points and product rationale.,4570.29,4715.29,145.0,4570.29,0.636,0,1,0.0,0.0
OP0034,CU0034,EM0008,BR0002,CP1003,Customer 34,27,Affluent,108787.93,7,Salaried,Tier 3,1,1,1,2,1,0,0,0,151910.63,25,5,25,11,2,1,3,No Response,0,0,711,Growth,Digital,Insurance,1,0,2026-02-02T00:00:00,Rule-Based Recommendation Engine,500.0,0.5834,Suppressed,Suppress,Insurance,No Outreach,"Suppress outreach. Address service, compliance, or contact-fatigue constraints before reactivating.",0.0,0.0,0.0,0.0,0.5034,0,0,0.0,0.0
OP0035,CU0035,EM0005,BR0001,CP1001,Customer 35,38,Mass,105499.26,28,Salaried,Tier 3,1,1,1,3,1,1,0,0,81785.01,14,1,18,10,0,0,88,No Response,0,0,741,Established,Digital,Credit Card,1,1,2026-04-06T00:00:00,Rule-Based Recommendation Engine,520.0,0.6185,Low,Hold / Defer,Credit Card,No Outreach,Keep out of the active audience until new engagement or relationship signals arrive.,0.0,0.0,0.0,0.0,0.5385,0,0,0.0,0.0
OP0036,CU0036,EM0009,BR0002,CP1003,Customer 36,28,Mass,93943.95,43,Salaried,Tier 3,1,0,1,1,0,0,0,0,67658.47,10,10,21,11,1,1,55,No Response,0,0,726,Growth,Digital,Insurance,1,1,2026-03-01T00:00:00,Rule-Based Recommendation Engine,760.0,0.638,High,Campaign Target,Insurance,Digital,Push into the next campaign wave with personalization tags and channel controls.,4193.61,4201.61,8.0,4193.61,0.558,1,0,0.0,0.0
OP0037,CU0037,EM0003,BR0001,CP1003,Customer 37,44,Affluent,126399.55,1,Salaried,Tier 1,0,1,1,3,1,0,0,1,197171.77,32,4,8,9,3,3,88,Clicked,0,0,775,Emerging,RM / Branch,Insurance,1,1,2025-12-30T00:00:00,Rule-Based Recommendation Engine,520.0,0.5704,Low,Hold / Defer,Insurance,No Outreach,Keep out of the active audience until new engagement or relationship signals arrive.,0.0,0.0,0.0,0.0,0.4904,0,0,0.0,0.0
OP0038,CU0038,EM0010,BR0002,CP1001,Customer 38,42,Affluent,116319.4,15,Salaried,Tier 1,0,1,1,1,0,0,0,0,296593.33,33,6,4,11,2,2,8,Clicked,0,0,779,Established,Digital,Credit Card,1,1,2026-02-10T00:00:00,Rule-Based Recommendation Engine,837.0,0.7381,Prime,RM Priority Lead,Credit Card,RM / Branch,Route to RM within 48 hours with value talking points and product rationale.,2480.27,2625.27,145.0,2480.27,0.6581,1,0,0.0,0.0
OP0039,CU0039,EM0005,BR0001,CP1004,Customer 39,51,Mass,69093.37,23,Contract,Tier 1,1,0,1,2,1,0,0,0,45772.31,15,1,20,7,1,3,35,Accepted,0,0,730,Established,Digital,Wealth Upgrade,1,1,2026-03-24T00:00:00,Rule-Based Recommendation Engine,520.0,0.6315,Low,Hold / Defer,Wealth Upgrade,RM / Branch,Keep out of the active audience until new engagement or relationship signals arrive.,0.0,0.0,145.0,0.0,0.5515,0,0,0.0,0.0
OP0040,CU0040,EM0006,BR0002,CP1003,Customer 40,48,Affluent,139119.35,36,Salaried,Tier 2,1,1,1,2,0,0,1,0,394670.54,15,4,15,10,0,3,96,Accepted,1,0,812,Established,Hybrid,Insurance,1,0,2025-11-15T00:00:00,Rule-Based Recommendation Engine,500.0,0.82,Suppressed,Suppress,Insurance,No Outreach,"Suppress outreach. Address service, compliance, or contact-fatigue constraints before reactivating.",0.0,0.0,0.0,0.0,0.74,0,0,0.0,0.0
OP0041,CU0041,EM0005,BR0001,CP1002,Customer 41,63,Affluent,182756.04,51,Self-Employed,Tier 1,1,0,1,3,1,0,0,1,195710.77,1,7,3,0,0,4,11,Clicked,0,0,769,Established,Hybrid,Personal Loan,1,1,2026-01-08T00:00:00,Rule-Based Recommendation Engine,500.0,0.7342,Suppressed,Suppress,Personal Loan,No Outreach,"Suppress outreach. Address service, compliance, or contact-fatigue constraints before reactivating.",0.0,0.0,0.0,0.0,0.6542,0,0,0.0,0.0
OP0042,CU0042,EM0007,BR0002,CP1004,Customer 42,26,Mass,99598.11,36,Self-Employed,Tier 3,1,0,1,1,0,0,0,0,145834.74,1,6,10,12,0,0,48,Opened,0,0,786,Emerging,Digital,Wealth Upgrade,1,1,2025-11-21T00:00:00,Rule-Based Recommendation Engine,520.0,0.716,Low,Hold / Defer,Wealth Upgrade,No Outreach,Keep out of the active audience until new engagement or relationship signals arrive.,0.0,0.0,0.0,0.0,0.636,0,0,0.0,0.0
OP0043,CU0043,EM0003,BR0001,CP1001,Customer 43,51,Affluent,125126.19,58,Salaried,Tier 2,1,1,1,3,1,0,0,1,337762.93,30,6,1,5,0,2,38,No Response,0,0,724,Emerging,Digital,Credit Card,1,1,2026-03-07T00:00:00,Rule-Based Recommendation Engine,520.0,0.5717,Low,Hold / Defer,Credit Card,No Outreach,Keep out of the active audience until new engagement or relationship signals arrive.,0.0,0.0,0.0,0.0,0.4917,0,0,0.0,0.0
OP0044,CU0044,EM0010,BR0002,CP1003,Customer 44,39,Mass,152697.26,3,Business Owner,Tier 1,1,0,1,2,1,0,0,0,156369.84,1,3,14,9,0,2,100,No Response,0,0,770,Growth,Digital,Insurance,1,1,2025-12-13T00:00:00,Rule-Based Recommendation Engine,820.0,0.716,Prime,RM Priority Lead,Insurance,RM / Branch,Route to RM within 48 hours with value talking points and product rationale.,4570.29,4715.29,145.0,4570.29,0.636,1,0,0.0,0.0
OP0045,CU0045,EM0004,BR0001,CP1003,Customer 45,55,Mass,178950.96,57,Business Owner,Tier 1,1,1,1,3,1,1,0,0,183577.24,15,6,9,8,0,1,58,Clicked,1,0,632,Growth,Hybrid,Insurance,1,1,2026-01-04T00:00:00,Rule-Based Recommendation Engine,728.0,0.5964,High,Campaign Target,Insurance,Hybrid,Push into the next campaign wave with personalization tags and channel controls.,3899.65,3927.65,28.0,3899.65,0.5164,1,0,0.0,0.0
OP0046,CU0046,EM0006,BR0002,CP1002,Customer 46,48,Affluent,175847.79,3,Professional,Tier 1,0,0,1,1,0,0,0,0,352515.91,6,3,19,6,0,3,60,No Response,2,0,709,Growth,Hybrid,Personal Loan,1,0,2026-03-31T00:00:00,Rule-Based Recommendation Engine,500.0,0.7667,Suppressed,Suppress,Personal Loan,No Outreach,"Suppress outreach. Address service, compliance, or contact-fatigue constraints before reactivating.",0.0,0.0,0.0,0.0,0.6867,0,0,0.0,0.0
OP0047,CU0047,EM0003,BR0001,CP1003,Customer 47,35,Mass,63864.48,37,Salaried,Tier 3,1,1,1,2,1,0,0,0,43964.14,19,6,15,7,1,1,12,No Response,0,0,670,Growth,Digital,Insurance,1,1,2026-03-22T00:00:00,Rule-Based Recommendation Engine,500.0,0.4846,Suppressed,Suppress,Insurance,No Outreach,"Suppress outreach. Address service, compliance, or contact-fatigue constraints before reactivating.",0.0,0.0,0.0,0.0,0.4046,0,0,0.0,0.0
OP0048,CU0048,EM0006,BR0002,CP1001,Customer 48,40,Mass,122489.59,12,Salaried,Tier 3,1,1,1,1,0,0,0,0,95206.15,26,2,9,0,0,1,49,No Response,0,0,733,Established,RM / Branch,Credit Card,1,1,2026-01-16T00:00:00,Rule-Based Recommendation Engine,795.0,0.6835,Prime,RM Priority Lead,Credit Card,RM / Branch,Route to RM within 48 hours with value talking points and product rationale.,2286.07,2431.07,145.0,2286.07,0.6035,1,0,1.0,2781.27
OP0049,CU0049,EM0004,BR0001,CP1004,Customer 49,45,Mass,101025.28,36,Salaried,Tier 3,1,1,1,1,0,0,0,0,210067.24,36,3,15,15,0,2,18,Opened,0,0,724,Growth,Hybrid,Wealth Upgrade,1,1,2026-03-15T00:00:00,Rule-Based Recommendation Engine,500.0,0.6523,Suppressed,Suppress,Wealth Upgrade,No Outreach,"Suppress outreach. Address service, compliance, or contact-fatigue constraints before reactivating.",0.0,0.0,0.0,0.0,0.5723,0,0,0.0,0.0
OP0050,CU0050,EM0010,BR0002,CP1002,Customer 50,54,Affluent,180026.47,1,Self-Employed,Tier 3,0,0,1,2,0,0,0,1,524311.27,14,4,2,9,1,3,44,No Response,0,0,726,Growth,Digital,Personal Loan,1,1,2026-01-24T00:00:00,Rule-Based Recommendation Engine,784.0,0.6692,High,Campaign Target,Personal Loan,RM / Branch,Push into the next campaign wave with personalization tags and channel controls.,6327.17,6472.17,145.0,6327.17,0.5892,1,0,0.0,0.0
OP0051,CU0051,EM0004,BR0001,CP1001,Customer 51,43,Affluent,87042.3,62,Contract,Tier 1,1,0,1,3,0,1,0,1,121781.93,12,3,4,10,2,3,28,Clicked,1,0,720,Growth,RM / Branch,Credit Card,1,1,2026-04-08T00:00:00,Rule-Based Recommendation Engine,791.0,0.6783,Prime,RM Priority Lead,Credit Card,RM / Branch,Route to RM within 48 hours with value talking points and product rationale.,2267.58,2412.58,145.0,2267.58,0.5983,1,0,1.0,3138.01
OP0052,CU0052,EM0006,BR0002,CP1003,Customer 52,45,Affluent,115229.65,68,Self-Employed,Tier 3,1,1,1,2,0,0,1,0,322360.42,8,3,8,6,1,2,75,No Response,0,0,745,Growth,Digital,Insurance,1,1,2025-11-25T00:00:00,Rule-Based Recommendation Engine,888.0,0.8044,Prime,RM Priority Lead,Insurance,RM / Branch,Route to RM within 48 hours with value talking points and product rationale.,5152.46,5297.46,145.0,5152.46,0.7244,0,1,0.0,0.0
OP0053,CU0053,EM0003,BR0001,CP1004,Customer 53,33,Affluent,69193.72,69,Salaried,Tier 3,0,1,0,3,1,1,0,0,119299.03,22,6,8,3,3,2,17,No Response,0,0,696,Emerging,RM / Branch,Wealth Upgrade,1,0,2026-01-12T00:00:00,Rule-Based Recommendation Engine,500.0,0.5834,Suppressed,Suppress,Wealth Upgrade,No Outreach,"Suppress outreach. Address service, compliance, or contact-fatigue constraints before reactivating.",0.0,0.0,0.0,0.0,0.5034,0,0,0.0,0.0
OP0054,CU0054,EM0006,BR0002,CP1003,Customer 54,37,Affluent,135988.66,21,Business Owner,Tier 3,0,0,1,2,0,1,0,0,203747.9,28,5,6,5,0,4,15,Clicked,1,0,747,Growth,Digital,Insurance,1,1,2025-12-05T00:00:00,Rule-Based Recommendation Engine,500.0,0.716,Suppressed,Suppress,Insurance,No Outreach,"Suppress outreach. Address service, compliance, or contact-fatigue constraints before reactivating.",0.0,0.0,0.0,0.0,0.636,0,0,0.0,0.0
OP0055,CU0055,EM0003,BR0001,CP1001,Customer 55,23,Affluent,126291.8,47,Self-Employed,Tier 2,1,0,1,2,0,1,0,0,185802.86,5,4,10,7,0,2,88,Opened,1,0,709,Growth,Hybrid,Credit Card,0,1,2025-11-06T00:00:00,Rule-Based Recommendation Engine,500.0,0.7537,Suppressed,Suppress,Credit Card,No Outreach,"Suppress outreach. Address service, compliance, or contact-fatigue constraints before reactivating.",0.0,0.0,0.0,0.0,0.6737,0,0,0.0,0.0
OP0056,CU0056,EM0006,BR0002,CP1002,Customer 56,24,Affluent,114060.38,41,Salaried,Tier 1,0,1,1,2,1,0,0,0,240866.33,17,1,1,7,1,4,72,Opened,0,0,751,Growth,RM / Branch,Personal Loan,1,1,2026-03-15T00:00:00,Rule-Based Recommendation Engine,827.0,0.7251,Prime,RM Priority Lead,Personal Loan,RM / Branch,Route to RM within 48 hours with value talking points and product rationale.,6867.8,7012.8,145.0,6867.8,0.6451,1,0,1.0,9214.99
OP0057,CU0057,EM0003,BR0001,CP1001,Customer 57,24,Mass,102907.45,37,Salaried,Tier 2,1,0,1,2,0,0,0,1,265283.88,9,6,7,8,1,1,35,Clicked,0,1,713,Growth,RM / Branch,Credit Card,1,1,2025-12-25T00:00:00,Rule-Based Recommendation Engine,500.0,0.56,Suppressed,Suppress,Credit Card,No Outreach,"Suppress outreach. Address service, compliance, or contact-fatigue constraints before reactivating.",0.0,0.0,0.0,0.0,0.48,0,0,0.0,0.0
OP0058,CU0058,EM0007,BR0002,CP1001,Customer 58,46,Mass,95900.3,11,Contract,Tier 3,0,0,1,1,0,0,0,0,175281.87,1,9,17,2,1,1,36,No Response,1,0,759,Growth,Hybrid,Credit Card,1,1,2026-03-02T00:00:00,Rule-Based Recommendation Engine,793.0,0.6809,Prime,RM Priority Lead,Credit Card,RM / Branch,Route to RM within 48 hours with value talking points and product rationale.,2276.83,2421.83,145.0,2276.83,0.6009,1,0,0.0,0.0
OP0059,CU0059,EM0004,BR0001,CP1002,Customer 59,38,Mass,99094.56,85,Salaried,Tier 1,1,1,1,3,1,0,0,1,144605.85,19,9,7,5,2,1,60,Accepted,1,1,745,Mature,Hybrid,Personal Loan,1,1,2026-01-20T00:00:00,Rule-Based Recommendation Engine,500.0,0.6224,Suppressed,Suppress,Personal Loan,No Outreach,"Suppress outreach. Address service, compliance, or contact-fatigue constraints before reactivating.",0.0,0.0,0.0,0.0,0.5424,0,0,0.0,0.0
OP0060,CU0060,EM0007,BR0002,CP1002,Customer 60,32,Affluent,69371.08,57,Salaried,Tier 1,1,1,1,2,1,0,0,0,104701.68,9,6,2,2,2,1,70,Opened,0,0,749,Emerging,RM / Branch,Personal Loan,1,1,2026-02-23T00:00:00,Rule-Based Recommendation Engine,755.0,0.6315,High,Campaign Target,Personal Loan,Outbound Campaign,Push into the next campaign wave with personalization tags and channel controls.,6089.55,6107.55,18.0,6089.55,0.5515,1,0,0.0,0.0
OP0061,CU0061,EM0004,BR0001,CP1003,Customer 61,36,Mass,95453.86,6,Salaried,Tier 2,1,0,1,3,1,0,1,0,79711.14,8,9,14,13,2,1,46,No Response,1,0,696,Mature,Digital,Insurance,1,1,2026-01-01T00:00:00,Rule-Based Recommendation Engine,746.0,0.6198,High,Campaign Target,Insurance,Digital,Push into the next campaign wave with personalization tags and channel controls.,4073.75,4081.75,8.0,4073.75,0.5398,1,0,0.0,0.0
OP0062,CU0062,EM0009,BR0002,CP1003,Customer 62,26,Mass,81294.66,4,Salaried,Tier 2,1,0,1,2,1,0,0,0,57197.71,11,10,2,6,2,1,15,No Response,0,0,748,Emerging,Digital,Insurance,0,1,2026-02-21T00:00:00,Rule-Based Recommendation Engine,500.0,0.5418,Suppressed,Suppress,Insurance,No Outreach,"Suppress outreach. Address service, compliance, or contact-fatigue constraints before reactivating.",0.0,0.0,0.0,0.0,0.4618,0,0,0.0,0.0
OP0063,CU0063,EM0004,BR0001,CP1001,Customer 63,26,Mass,93388.2,31,Salaried,Tier 2,0,1,1,4,1,1,1,0,113063.64,21,6,18,8,1,1,63,No Response,0,0,701,Growth,Hybrid,Credit Card,1,1,2026-03-28T00:00:00,Rule-Based Recommendation Engine,520.0,0.5301,Low,Hold / Defer,Credit Card,No Outreach,Keep out of the active audience until new engagement or relationship signals arrive.,0.0,0.0,0.0,0.0,0.4501,0,0,0.0,0.0
OP0064,CU0064,EM0009,BR0002,CP1004,Customer 64,59,Mass,200200.2,34,Professional,Tier 3,1,1,1,4,1,1,1,0,194068.4,15,8,14,18,0,0,46,Clicked,1,0,677,Established,Hybrid,Wealth Upgrade,1,1,2026-01-08T00:00:00,Rule-Based Recommendation Engine,520.0,0.612,Low,Hold / Defer,Wealth Upgrade,No Outreach,Keep out of the active audience until new engagement or relationship signals arrive.,0.0,0.0,0.0,0.0,0.532,0,0,0.0,0.0
OP0065,CU0065,EM0002,BR0001,CP1001,Customer 65,54,Affluent,131371.11,37,Salaried,Tier 1,1,0,1,3,0,1,0,1,344354.21,13,3,15,6,0,2,124,Declined,0,0,796,Emerging,Hybrid,Credit Card,1,1,2026-02-28T00:00:00,Rule-Based Recommendation Engine,900.0,0.82,Prime,RM Priority Lead,Credit Card,RM / Branch,Route to RM within 48 hours with value talking points and product rationale.,2771.58,2916.58,145.0,2771.58,0.74,0,1,0.0,0.0
OP0066,CU0066,EM0010,BR0002,CP1001,Customer 66,30,Mass,82769.06,20,Salaried,Tier 3,1,1,1,1,0,0,0,0,143591.44,2,9,18,6,0,1,16,Opened,0,0,754,Mature,Hybrid,Credit Card,1,1,2026-02-25T00:00:00,Rule-Based Recommendation Engine,817.0,0.7121,Prime,RM Priority Lead,Credit Card,RM / Branch,Route to RM within 48 hours with value talking points and product rationale.,2387.8,2532.8,145.0,2387.8,0.6321,1,0,0.0,0.0
OP0067,CU0067,EM0003,BR0001,CP1004,Customer 67,55,Mass,106281.87,56,Salaried,Tier 1,1,1,1,2,0,0,1,0,103668.75,18,10,21,4,0,2,10,No Response,0,0,672,Established,Hybrid,Wealth Upgrade,1,1,2026-02-17T00:00:00,Rule-Based Recommendation Engine,500.0,0.5275,Suppressed,Suppress,Wealth Upgrade,No Outreach,"Suppress outreach. Address service, compliance, or contact-fatigue constraints before reactivating.",0.0,0.0,0.0,0.0,0.4475,0,0,0.0,0.0
OP0068,CU0068,EM0010,BR0002,CP1003,Customer 68,47,Affluent,166369.42,30,Salaried,Tier 1,0,0,1,2,1,0,0,0,294735.54,7,1,6,11,0,2,15,Clicked,0,0,719,Established,RM / Branch,Insurance,1,1,2026-01-28T00:00:00,Rule-Based Recommendation Engine,500.0,0.6406,Suppressed,Suppress,Insurance,No Outreach,"Suppress outreach. Address service, compliance, or contact-fatigue constraints before reactivating.",0.0,0.0,0.0,0.0,0.5606,0,0,0.0,0.0
OP0069,CU0069,EM0004,BR0001,CP1001,Customer 69,34,Mass,199150.49,33,Professional,Tier 1,1,1,1,3,1,0,0,1,238622.08,24,4,16,6,1,2,103,Opened,0,1,778,Growth,Digital,Credit Card,1,1,2026-02-11T00:00:00,Rule-Based Recommendation Engine,500.0,0.5301,Suppressed,Suppress,Credit Card,No Outreach,"Suppress outreach. Address service, compliance, or contact-fatigue constraints before reactivating.",0.0,0.0,0.0,0.0,0.4501,0,0,0.0,0.0
OP0070,CU0070,EM0006,BR0002,CP1002,Customer 70,31,Affluent,84398.13,56,Salaried,Tier 1,1,0,1,1,0,0,0,0,55670.45,11,5,23,13,0,2,54,No Response,0,0,774,Established,Digital,Personal Loan,1,1,2026-04-09T00:00:00,Rule-Based Recommendation Engine,807.0,0.6991,Prime,RM Priority Lead,Personal Loan,RM / Branch,Route to RM within 48 hours with value talking points and product rationale.,6616.35,6761.35,145.0,6616.35,0.6191,0,1,0.0,0.0
OP0071,CU0071,EM0003,BR0001,CP1003,Customer 71,43,Affluent,80308.85,30,Salaried,Tier 2,1,0,1,1,0,0,0,0,264384.72,22,12,8,7,3,2,71,No Response,0,0,802,Growth,RM / Branch,Insurance,1,1,2026-02-07T00:00:00,Rule-Based Recommendation Engine,865.0,0.7745,Prime,RM Priority Lead,Insurance,RM / Branch,Route to RM within 48 hours with value talking points and product rationale.,4955.55,5100.55,145.0,4955.55,0.6945,1,0,0.0,0.0
OP0072,CU0072,EM0007,BR0002,CP1003,Customer 72,44,Mass,141868.78,40,Professional,Tier 3,1,0,1,1,0,0,0,0,288083.28,11,7,8,14,0,1,39,No Response,0,0,665,Growth,Hybrid,Insurance,1,1,2026-02-25T00:00:00,Rule-Based Recommendation Engine,714.0,0.5782,High,Campaign Target,Insurance,Hybrid,Push into the next campaign wave with personalization tags and channel controls.,3779.79,3807.79,28.0,3779.79,0.4982,1,0,0.0,0.0
OP0073,CU0073,EM0002,BR0001,CP1004,Customer 73,36,Affluent,153349.03,20,Self-Employed,Tier 1,1,0,1,2,0,1,0,0,470158.92,17,5,4,5,3,3,56,Clicked,0,0,736,Established,RM / Branch,Wealth Upgrade,1,1,2025-11-25T00:00:00,Rule-Based Recommendation Engine,877.0,0.7901,Prime,RM Priority Lead,Wealth Upgrade,RM / Branch,Route to RM within 48 hours with value talking points and product rationale.,13443.93,13588.93,145.0,13443.93,0.7101,1,0,1.0,17293.43
OP0074,CU0074,EM0010,BR0002,CP1002,Customer 74,33,Mass,83704.37,10,Salaried,Tier 2,0,1,1,1,0,0,0,0,205295.31,21,8,15,1,1,1,50,Accepted,0,0,730,Growth,Digital,Personal Loan,1,1,2026-03-06T00:00:00,Rule-Based Recommendation Engine,747.0,0.6211,High,Campaign Target,Personal Loan,Digital,Push into the next campaign wave with personalization tags and channel controls.,5998.97,6006.97,8.0,5998.97,0.5411,1,0,1.0,6980.69
OP0075,CU0075,EM0001,BR0001,CP1003,Customer 75,40,Affluent,81596.45,1,Contract,Tier 1,1,0,1,1,0,0,0,0,162122.19,13,10,12,10,0,2,52,No Response,1,0,682,Established,Digital,Insurance,1,1,2025-11-12T00:00:00,Rule-Based Recommendation Engine,768.0,0.6484,High,Campaign Target,Insurance,RM / Branch,Push into the next campaign wave with personalization tags and channel controls.,4125.1,4270.1,145.0,4125.1,0.5684,1,0,0.0,0.0
OP0076,CU0076,EM0009,BR0002,CP1003,Customer 76,28,Mass,65793.5,58,Self-Employed,Tier 3,1,1,1,2,1,0,0,0,58233.17,26,3,2,10,1,1,25,No Response,0,0,804,Growth,Digital,Insurance,1,1,2025-11-10T00:00:00,Rule-Based Recommendation Engine,763.0,0.6419,High,Campaign Target,Insurance,Digital,Push into the next campaign wave with personalization tags and channel controls.,4219.3,4227.3,8.0,4219.3,0.5619,1,0,0.0,0.0
OP0077,CU0077,EM0004,BR0001,CP1001,Customer 77,43,Affluent,134354.8,24,Professional,Tier 2,1,1,1,4,1,1,0,1,220159.32,17,4,9,14,1,4,27,Clicked,0,0,821,Growth,Hybrid,Credit Card,1,1,2025-11-08T00:00:00,Rule-Based Recommendation Engine,520.0,0.6796,Low,Hold / Defer,Credit Card,No Outreach,Keep out of the active audience until new engagement or relationship signals arrive.,0.0,0.0,0.0,0.0,0.5996,0,0,0.0,0.0
OP0078,CU0078,EM0006,BR0002,CP1003,Customer 78,38,Affluent,112882.33,62,Self-Employed,Tier 1,1,0,1,2,0,0,1,0,237881.29,27,2,11,19,1,3,42,Clicked,1,0,767,Established,Digital,Insurance,0,1,2026-01-04T00:00:00,Rule-Based Recommendation Engine,500.0,0.7654,Suppressed,Suppress,Insurance,No Outreach,"Suppress outreach. Address service, compliance, or contact-fatigue constraints before reactivating.",0.0,0.0,0.0,0.0,0.6854,0,0,0.0,0.0
OP0079,CU0079,EM0002,BR0001,CP1001,Customer 79,53,Mass,136990.92,68,Salaried,Tier 1,1,1,1,2,1,0,0,0,78534.04,7,8,30,1,2,1,17,Accepted,1,0,755,Established,Hybrid,Credit Card,1,1,2025-11-25T00:00:00,Rule-Based Recommendation Engine,520.0,0.5795,Low,Hold / Defer,Credit Card,No Outreach,Keep out of the active audience until new engagement or relationship signals arrive.,0.0,0.0,0.0,0.0,0.4995,0,0,0.0,0.0
OP0080,CU0080,EM0006,BR0002,CP1001,Customer 80,34,Affluent,141662.22,39,Business Owner,Tier 3,1,0,1,3,0,1,0,1,306400.38,7,2,6,11,0,2,97,No Response,0,0,643,Emerging,Hybrid,Credit Card,1,1,2025-11-24T00:00:00,Rule-Based Recommendation Engine,520.0,0.6627,Low,Hold / Defer,Credit Card,No Outreach,Keep out of the active audience until new engagement or relationship signals arrive.,0.0,0.0,0.0,0.0,0.5827,0,0,0.0,0.0
OP0081,CU0081,EM0005,BR0001,CP1004,Customer 81,23,Affluent,70374.02,65,Salaried,Tier 3,1,1,1,2,1,0,0,0,214116.32,1,1,12,3,0,2,104,Opened,1,0,798,Emerging,RM / Branch,Wealth Upgrade,1,1,2026-01-27T00:00:00,Rule-Based Recommendation Engine,900.0,0.82,Prime,RM Priority Lead,Wealth Upgrade,RM / Branch,Route to RM within 48 hours with value talking points and product rationale.,13958.18,14103.18,145.0,13958.18,0.74,1,0,0.0,0.0
OP0082,CU0082,EM0008,BR0002,CP1004,Customer 82,59,Affluent,122905.62,49,Salaried,Tier 3,1,1,1,3,1,0,0,1,254908.79,17,5,18,6,1,5,42,No Response,1,0,815,Established,Hybrid,Wealth Upgrade,1,1,2025-11-23T00:00:00,Rule-Based Recommendation Engine,900.0,0.82,Prime,RM Priority Lead,Wealth Upgrade,RM / Branch,Route to RM within 48 hours with value talking points and product rationale.,13958.18,14103.18,145.0,13958.18,0.74,1,0,0.0,0.0
OP0083,CU0083,EM0004,BR0001,CP1001,Customer 83,47,Mass,163403.11,45,Professional,Tier 1,1,0,1,2,0,0,1,0,160736.82,9,5,16,18,1,0,27,Declined,2,0,710,Established,Hybrid,Credit Card,1,1,2025-11-30T00:00:00,Rule-Based Recommendation Engine,855.0,0.7615,Prime,RM Priority Lead,Credit Card,RM / Branch,Route to RM within 48 hours with value talking points and product rationale.,2563.5,2708.5,145.0,2563.5,0.6815,1,0,0.0,0.0
OP0084,CU0084,EM0006,BR0002,CP1002,Customer 84,41,Mass,125892.17,31,Salaried,Tier 1,1,0,1,2,0,0,1,0,101494.56,15,8,13,8,0,1,20,Clicked,2,0,792,Established,Digital,Personal Loan,1,1,2026-02-17T00:00:00,Rule-Based Recommendation Engine,822.0,0.7186,Prime,RM Priority Lead,Personal Loan,RM / Branch,Route to RM within 48 hours with value talking points and product rationale.,6804.94,6949.94,145.0,6804.94,0.6386,1,0,0.0,0.0
OP0085,CU0085,EM0001,BR0001,CP1004,Customer 85,40,Mass,110992.76,60,Professional,Tier 1,1,1,1,2,0,0,1,0,34736.03,14,9,13,7,2,2,86,Accepted,2,0,721,Emerging,Digital,Wealth Upgrade,0,1,2025-11-11T00:00:00,Rule-Based Recommendation Engine,500.0,0.6731,Suppressed,Suppress,Wealth Upgrade,No Outreach,"Suppress outreach. Address service, compliance, or contact-fatigue constraints before reactivating.",0.0,0.0,0.0,0.0,0.5931,0,0,0.0,0.0
OP0086,CU0086,EM0010,BR0002,CP1001,Customer 86,40,Mass,125927.3,48,Salaried,Tier 1,1,1,1,3,1,0,0,1,184715.11,22,7,13,10,4,1,47,Clicked,0,0,825,Growth,Hybrid,Credit Card,1,1,2026-01-18T00:00:00,Rule-Based Recommendation Engine,520.0,0.6614,Low,Hold / Defer,Credit Card,No Outreach,Keep out of the active audience until new engagement or relationship signals arrive.,0.0,0.0,0.0,0.0,0.5814,0,0,0.0,0.0
OP0087,CU0087,EM0005,BR0001,CP1004,Customer 87,36,Affluent,202359.46,49,Professional,Tier 1,1,1,1,2,0,0,0,1,382301.17,17,8,3,6,0,3,27,Clicked,1,0,675,Growth,Digital,Wealth Upgrade,1,1,2025-12-14T00:00:00,Rule-Based Recommendation Engine,500.0,0.7004,Suppressed,Suppress,Wealth Upgrade,No Outreach,"Suppress outreach. Address service, compliance, or contact-fatigue constraints before reactivating.",0.0,0.0,0.0,0.0,0.6204,0,0,0.0,0.0
OP0088,CU0088,EM0010,BR0002,CP1003,Customer 88,45,Mass,108497.69,9,Self-Employed,Tier 1,1,0,1,2,0,1,0,0,120145.7,10,10,12,0,3,0,62,Accepted,0,0,728,Established,RM / Branch,Insurance,1,1,2025-12-20T00:00:00,Rule-Based Recommendation Engine,768.0,0.6484,High,Campaign Target,Insurance,Outbound Campaign,Push into the next campaign wave with personalization tags and channel controls.,4252.1,4270.1,18.0,4252.1,0.5684,1,0,0.0,0.0
OP0089,CU0089,EM0001,BR0001,CP1003,Customer 89,21,Mass,80823.92,12,Professional,Tier 3,1,1,0,1,0,0,0,0,67964.66,24,5,21,4,1,0,85,Clicked,0,0,757,Emerging,Digital,Insurance,1,1,2026-04-04T00:00:00,Rule-Based Recommendation Engine,500.0,0.5873,Suppressed,Suppress,Insurance,No Outreach,"Suppress outreach. Address service, compliance, or contact-fatigue constraints before reactivating.",0.0,0.0,0.0,0.0,0.5073,0,0,0.0,0.0
OP0090,CU0090,EM0008,BR0002,CP1002,Customer 90,33,Mass,73264.93,70,Contract,Tier 1,1,0,1,1,0,0,0,0,59170.97,11,6,14,0,2,0,34,Accepted,0,0,804,Growth,Digital,Personal Loan,1,1,2025-12-06T00:00:00,Rule-Based Recommendation Engine,806.0,0.6978,Prime,RM Priority Lead,Personal Loan,RM / Branch,Route to RM within 48 hours with value talking points and product rationale.,6603.77,6748.77,145.0,6603.77,0.6178,1,0,0.0,0.0
OP0091,CU0091,EM0003,BR0001,CP1003,Customer 91,41,Mass,120444.78,12,Self-Employed,Tier 1,1,1,1,3,0,1,1,0,343200.08,42,8,11,11,1,1,30,Opened,0,0,702,Emerging,RM / Branch,Insurance,0,1,2026-02-20T00:00:00,Rule-Based Recommendation Engine,500.0,0.716,Suppressed,Suppress,Insurance,No Outreach,"Suppress outreach. Address service, compliance, or contact-fatigue constraints before reactivating.",0.0,0.0,0.0,0.0,0.636,0,0,0.0,0.0
OP0092,CU0092,EM0008,BR0002,CP1001,Customer 92,44,Mass,140323.89,21,Self-Employed,Tier 2,1,0,1,2,0,0,0,1,140680.45,1,5,14,1,0,2,38,Clicked,0,0,765,Emerging,Hybrid,Credit Card,1,1,2026-03-14T00:00:00,Rule-Based Recommendation Engine,839.0,0.7407,Prime,RM Priority Lead,Credit Card,RM / Branch,Route to RM within 48 hours with value talking points and product rationale.,2489.52,2634.52,145.0,2489.52,0.6607,1,0,0.0,0.0
OP0093,CU0093,EM0003,BR0001,CP1002,Customer 93,40,Affluent,107943.02,8,Self-Employed,Tier 2,0,0,1,1,0,0,0,0,99116.91,7,6,2,6,3,3,62,No Response,0,0,693,Growth,RM / Branch,Personal Loan,1,0,2025-11-02T00:00:00,Rule-Based Recommendation Engine,500.0,0.5873,Suppressed,Suppress,Personal Loan,No Outreach,"Suppress outreach. Address service, compliance, or contact-fatigue constraints before reactivating.",0.0,0.0,0.0,0.0,0.5073,0,0,0.0,0.0
OP0094,CU0094,EM0008,BR0002,CP1004,Customer 94,47,Mass,173987.0,1,Business Owner,Tier 2,0,0,1,1,0,0,0,0,203169.16,13,3,0,0,2,1,102,No Response,0,0,736,Established,Digital,Wealth Upgrade,1,1,2026-03-26T00:00:00,Rule-Based Recommendation Engine,520.0,0.6289,Low,Hold / Defer,Wealth Upgrade,No Outreach,Keep out of the active audience until new engagement or relationship signals arrive.,0.0,0.0,0.0,0.0,0.5489,0,0,0.0,0.0
OP0095,CU0095,EM0005,BR0001,CP1004,Customer 95,43,Mass,121123.35,20,Self-Employed,Tier 1,1,1,1,3,1,0,1,0,113476.12,13,6,9,14,1,2,22,Opened,1,0,672,Growth,Digital,Wealth Upgrade,1,1,2026-03-01T00:00:00,Rule-Based Recommendation Engine,500.0,0.5665,Suppressed,Suppress,Wealth Upgrade,No Outreach,"Suppress outreach. Address service, compliance, or contact-fatigue constraints before reactivating.",0.0,0.0,0.0,0.0,0.4865,0,0,0.0,0.0
OP0096,CU0096,EM0007,BR0002,CP1002,Customer 96,50,Affluent,165078.3,57,Self-Employed,Tier 1,1,0,1,1,0,0,0,0,475392.73,20,9,19,14,0,2,20,Opened,1,0,761,Mature,Digital,Personal Loan,1,1,2025-12-26T00:00:00,Rule-Based Recommendation Engine,883.0,0.7979,Prime,RM Priority Lead,Personal Loan,RM / Branch,Route to RM within 48 hours with value talking points and product rationale.,7571.89,7716.89,145.0,7571.89,0.7179,1,0,0.0,0.0
OP0097,CU0097,EM0003,BR0001,CP1001,Customer 97,43,Mass,85455.21,55,Salaried,Tier 2,1,0,1,2,1,0,0,0,103406.18,12,6,15,6,0,0,124,Opened,0,0,797,Growth,Digital,Credit Card,1,1,2026-03-09T00:00:00,Rule-Based Recommendation Engine,520.0,0.5704,Low,Hold / Defer,Credit Card,No Outreach,Keep out of the active audience until new engagement or relationship signals arrive.,0.0,0.0,0.0,0.0,0.4904,0,0,0.0,0.0
OP0098,CU0098,EM0006,BR0002,CP1001,Customer 98,41,Mass,128540.17,21,Self-Employed,Tier 2,1,1,1,3,1,0,1,0,32424.55,25,6,18,0,0,0,69,Accepted,1,0,761,Growth,Hybrid,Credit Card,1,1,2026-03-14T00:00:00,Rule-Based Recommendation Engine,520.0,0.5769,Low,Hold / Defer,Credit Card,No Outreach,Keep out of the active audience until new engagement or relationship signals arrive.,0.0,0.0,0.0,0.0,0.4969,0,0,0.0,0.0
OP0099,CU0099,EM0005,BR0001,CP1001,Customer 99,31,Affluent,96557.58,46,Business Owner,Tier 1,1,0,1,2,0,0,1,0,226640.13,13,4,24,4,2,2,197,Opened,0,0,678,Emerging,Digital,Credit Card,1,1,2026-01-06T00:00:00,Rule-Based Recommendation Engine,741.0,0.6133,High,Campaign Target,Credit Card,Digital,Push into the next campaign wave with personalization tags and channel controls.,2173.39,2181.39,8.0,2173.39,0.5333,1,0,0.0,0.0
OP0100,CU0100,EM0007,BR0002,CP1004,Customer 100,32,Mass,52976.79,58,Salaried,Tier 3,1,1,1,1,0,0,0,0,108160.59,18,4,11,17,4,1,14,No Response,1,0,715,Growth,Hybrid,Wealth Upgrade,1,1,2025-12-18T00:00:00,Rule-Based Recommendation Engine,500.0,0.5509,Suppressed,Suppress,Wealth Upgrade,No Outreach,"Suppress outreach. Address service, compliance, or contact-fatigue constraints before reactivating.",0.0,0.0,0.0,0.0,0.4709,0,0,0.0,0.0
OP0101,CU0101,EM0003,BR0001,CP1004,Customer 101,47,Affluent,194915.26,51,Professional,Tier 1,1,1,1,2,1,0,0,0,342353.43,5,7,13,9,1,1,66,Declined,0,0,720,Established,Digital,Wealth Upgrade,1,1,2026-02-24T00:00:00,Rule-Based Recommendation Engine,898.0,0.8174,Prime,RM Priority Lead,Wealth Upgrade,RM / Branch,Route to RM within 48 hours with value talking points and product rationale.,13913.46,14058.46,145.0,13913.46,0.7374,1,0,0.0,0.0
OP0102,CU0102,EM0008,BR0002,CP1003,Customer 102,52,Mass,143359.0,1,Salaried,Tier 1,1,0,1,4,0,1,1,1,31336.13,6,4,5,2,1,0,69,No Response,0,0,710,Growth,RM / Branch,Insurance,1,1,2026-03-07T00:00:00,Rule-Based Recommendation Engine,520.0,0.4092,Low,Hold / Defer,Insurance,No Outreach,Keep out of the active audience until new engagement or relationship signals arrive.,0.0,0.0,0.0,0.0,0.3292,0,0,0.0,0.0
OP0103,CU0103,EM0004,BR0001,CP1004,Customer 103,48,Affluent,172584.72,47,Professional,Tier 1,1,1,1,1,0,0,0,0,310680.8,14,11,6,4,1,4,34,Opened,0,0,741,Established,RM / Branch,Wealth Upgrade,1,1,2026-03-30T00:00:00,Rule-Based Recommendation Engine,900.0,0.82,Prime,RM Priority Lead,Wealth Upgrade,RM / Branch,Route to RM within 48 hours with value talking points and product rationale.,13958.18,14103.18,145.0,13958.18,0.74,1,0,0.0,0.0
OP0104,CU0104,EM0008,BR0002,CP1003,Customer 104,46,Affluent,122666.99,40,Salaried,Tier 1,1,1,1,2,1,0,0,0,125719.05,26,4,14,12,0,3,7,Clicked,0,0,823,Established,Digital,Insurance,1,1,2025-12-08T00:00:00,Rule-Based Recommendation Engine,500.0,0.6991,Suppressed,Suppress,Insurance,No Outreach,"Suppress outreach. Address service, compliance, or contact-fatigue constraints before reactivating.",0.0,0.0,0.0,0.0,0.6191,0,0,0.0,0.0
OP0105,CU0105,EM0002,BR0001,CP1004,Customer 105,21,Affluent,62959.97,40,Salaried,Tier 2,1,1,1,2,1,0,0,0,90321.82,21,7,12,6,2,6,87,Opened,0,0,758,Established,Hybrid,Wealth Upgrade,1,1,2026-04-05T00:00:00,Rule-Based Recommendation Engine,855.0,0.7615,Prime,RM Priority Lead,Wealth Upgrade,RM / Branch,Route to RM within 48 hours with value talking points and product rationale.,12952.04,13097.04,145.0,12952.04,0.6815,1,0,0.0,0.0
OP0106,CU0106,EM0009,BR0002,CP1002,Customer 106,34,Mass,87740.66,25,Salaried,Tier 2,1,1,1,2,0,0,0,1,166101.23,12,2,7,12,0,1,16,Opened,0,0,811,Established,Digital,Personal Loan,1,1,2026-03-13T00:00:00,Rule-Based Recommendation Engine,778.0,0.6614,High,Campaign Target,Personal Loan,Digital,Push into the next campaign wave with personalization tags and channel controls.,6388.73,6396.73,8.0,6388.73,0.5814,1,0,0.0,0.0
OP0107,CU0107,EM0005,BR0001,CP1001,Customer 107,23,Mass,89247.55,36,Salaried,Tier 1,0,1,1,3,1,0,0,1,53145.37,14,4,12,5,0,1,3,Clicked,0,0,746,Emerging,Digital,Credit Card,0,0,2025-12-14T00:00:00,Rule-Based Recommendation Engine,500.0,0.4625,Suppressed,Suppress,Credit Card,No Outreach,"Suppress outreach. Address service, compliance, or contact-fatigue constraints before reactivating.",0.0,0.0,0.0,0.0,0.3825,0,0,0.0,0.0
OP0108,CU0108,EM0009,BR0002,CP1001,Customer 108,26,Affluent,55000.24,104,Salaried,Tier 1,1,1,1,1,0,0,0,0,125241.07,15,3,14,8,1,1,12,Clicked,0,0,765,Emerging,Hybrid,Credit Card,1,1,2025-12-25T00:00:00,Rule-Based Recommendation Engine,500.0,0.7251,Suppressed,Suppress,Credit Card,No Outreach,"Suppress outreach. Address service, compliance, or contact-fatigue constraints before reactivating.",0.0,0.0,0.0,0.0,0.6451,0,0,0.0,0.0
OP0109,CU0109,EM0002,BR0001,CP1003,Customer 109,40,Mass,116682.58,26,Salaried,Tier 1,1,1,1,2,0,1,0,0,133840.27,1,4,9,10,1,1,109,Declined,0,0,717,Established,Digital,Insurance,0,1,2026-01-27T00:00:00,Rule-Based Recommendation Engine,500.0,0.6952,Suppressed,Suppress,Insurance,No Outreach,"Suppress outreach. Address service, compliance, or contact-fatigue constraints before reactivating.",0.0,0.0,0.0,0.0,0.6152,0,0,0.0,0.0
OP0110,CU0110,EM0010,BR0002,CP1002,Customer 110,35,Affluent,106427.78,50,Salaried,Tier 1,1,1,1,1,0,0,0,0,260954.44,20,3,19,5,1,0,26,No Response,1,0,843,Growth,Digital,Personal Loan,1,1,2025-11-29T00:00:00,Rule-Based Recommendation Engine,882.0,0.7966,Prime,RM Priority Lead,Personal Loan,RM / Branch,Route to RM within 48 hours with value talking points and product rationale.,7559.32,7704.32,145.0,7559.32,0.7166,1,0,1.0,9746.89
OP0111,CU0111,EM0001,BR0001,CP1001,Customer 111,36,Affluent,228970.77,33,Business Owner,Tier 2,1,0,1,2,0,1,0,0,304121.09,10,7,8,13,1,6,40,Accepted,0,0,730,Established,Digital,Credit Card,1,1,2026-02-25T00:00:00,Rule-Based Recommendation Engine,892.0,0.8096,Prime,RM Priority Lead,Credit Card,RM / Branch,Route to RM within 48 hours with value talking points and product rationale.,2734.59,2879.59,145.0,2734.59,0.7296,1,0,0.0,0.0
OP0112,CU0112,EM0006,BR0002,CP1003,Customer 112,33,Mass,104219.34,43,Salaried,Tier 1,1,0,1,1,0,0,0,0,159687.35,11,1,7,9,0,0,40,Declined,0,0,721,Growth,Digital,Insurance,1,1,2026-01-06T00:00:00,Rule-Based Recommendation Engine,788.0,0.6744,High,Campaign Target,Insurance,Digital,Push into the next campaign wave with personalization tags and channel controls.,4433.33,4441.33,8.0,4433.33,0.5944,1,0,0.0,0.0
OP0113,CU0113,EM0003,BR0001,CP1001,Customer 113,63,Affluent,210443.38,11,Professional,Tier 2,1,0,1,2,0,1,0,0,537041.52,26,5,13,3,1,3,68,Clicked,1,0,718,Growth,Hybrid,Credit Card,1,1,2026-03-28T00:00:00,Rule-Based Recommendation Engine,864.0,0.7732,Prime,RM Priority Lead,Credit Card,RM / Branch,Route to RM within 48 hours with value talking points and product rationale.,2605.12,2750.12,145.0,2605.12,0.6932,1,0,1.0,3126.3
OP0114,CU0114,EM0008,BR0002,CP1004,Customer 114,29,Affluent,116310.58,14,Self-Employed,Tier 1,1,0,1,3,1,0,0,1,565645.92,23,1,13,8,1,2,116,Opened,0,0,781,Emerging,Digital,Wealth Upgrade,1,1,2026-03-20T00:00:00,Rule-Based Recommendation Engine,900.0,0.82,Prime,RM Priority Lead,Wealth Upgrade,RM / Branch,Route to RM within 48 hours with value talking points and product rationale.,13958.18,14103.18,145.0,13958.18,0.74,1,0,0.0,0.0
OP0115,CU0115,EM0005,BR0001,CP1002,Customer 115,43,Mass,161821.69,29,Self-Employed,Tier 3,0,0,1,2,1,0,0,0,237764.44,21,5,0,6,0,1,60,Declined,0,0,745,Growth,Digital,Personal Loan,1,1,2026-02-18T00:00:00,Rule-Based Recommendation Engine,789.0,0.6757,High,Campaign Target,Personal Loan,Digital,Push into the next campaign wave with personalization tags and channel controls.,6527.03,6535.03,8.0,6527.03,0.5957,1,0,0.0,0.0
OP0116,CU0116,EM0010,BR0002,CP1004,Customer 116,61,HNI,245775.64,42,Professional,Tier 2,1,1,1,4,1,1,1,0,850000.0,27,8,5,13,3,1,25,Accepted,3,0,808,Growth,RM / Branch,Wealth Upgrade,1,1,2026-01-15T00:00:00,Rule-Based Recommendation Engine,500.0,0.82,Suppressed,Suppress,Wealth Upgrade,No Outreach,"Suppress outreach. Address service, compliance, or contact-fatigue constraints before reactivating.",0.0,0.0,0.0,0.0,0.74,0,0,0.0,0.0
OP0117,CU0117,EM0001,BR0001,CP1001,Customer 117,28,Affluent,83085.46,47,Self-Employed,Tier 1,1,0,1,2,1,0,0,0,145670.29,5,9,14,0,1,4,21,No Response,0,0,729,Emerging,Hybrid,Credit Card,1,1,2025-11-20T00:00:00,Rule-Based Recommendation Engine,520.0,0.5431,Low,Hold / Defer,Credit Card,No Outreach,Keep out of the active audience until new engagement or relationship signals arrive.,0.0,0.0,0.0,0.0,0.4631,0,0,0.0,0.0
OP0118,CU0118,EM0007,BR0002,CP1001,Customer 118,33,Mass,91827.01,1,Self-Employed,Tier 3,0,0,1,2,0,0,1,0,100613.44,1,2,14,7,0,1,37,No Response,0,0,696,Growth,Digital,Credit Card,1,1,2025-11-05T00:00:00,Rule-Based Recommendation Engine,725.0,0.5925,High,Campaign Target,Credit Card,Digital,Push into the next campaign wave with personalization tags and channel controls.,2099.4,2107.4,8.0,2099.4,0.5125,1,0,0.0,0.0
OP0119,CU0119,EM0005,BR0001,CP1004,Customer 119,40,Affluent,129318.6,57,Self-Employed,Tier 2,1,0,1,2,0,0,0,1,283618.29,20,8,6,7,1,3,68,Accepted,0,0,784,Growth,Digital,Wealth Upgrade,1,1,2026-03-05T00:00:00,Rule-Based Recommendation Engine,900.0,0.82,Prime,RM Priority Lead,Wealth Upgrade,RM / Branch,Route to RM within 48 hours with value talking points and product rationale.,13958.18,14103.18,145.0,13958.18,0.74,1,0,0.0,0.0
OP0120,CU0120,EM0007,BR0002,CP1003,Customer 120,38,Mass,73179.84,8,Salaried,Tier 3,1,1,1,1,0,0,0,0,66172.09,25,8,8,0,0,1,10,No Response,0,0,737,Growth,Digital,Insurance,0,1,2026-01-24T00:00:00,Rule-Based Recommendation Engine,500.0,0.5886,Suppressed,Suppress,Insurance,No Outreach,"Suppress outreach. Address service, compliance, or contact-fatigue constraints before reactivating.",0.0,0.0,0.0,0.0,0.5086,0,0,0.0,0.0
OP0121,CU0121,EM0004,BR0001,CP1001,Customer 121,34,Mass,131317.41,69,Self-Employed,Tier 1,1,0,1,2,0,0,0,1,164512.69,1,6,9,1,0,1,43,No Response,0,0,725,Established,Hybrid,Credit Card,1,1,2025-12-17T00:00:00,Rule-Based Recommendation Engine,809.0,0.7017,Prime,RM Priority Lead,Credit Card,RM / Branch,Route to RM within 48 hours with value talking points and product rationale.,2350.81,2495.81,145.0,2350.81,0.6217,1,0,0.0,0.0
OP0122,CU0122,EM0008,BR0002,CP1001,Customer 122,22,Mass,91470.66,46,Self-Employed,Tier 2,1,0,1,1,0,0,0,0,148462.56,18,5,14,19,2,0,4,No Response,0,1,761,Growth,Digital,Credit Card,1,1,2026-02-26T00:00:00,Rule-Based Recommendation Engine,500.0,0.5262,Suppressed,Suppress,Credit Card,No Outreach,"Suppress outreach. Address service, compliance, or contact-fatigue constraints before reactivating.",0.0,0.0,0.0,0.0,0.4462,0,0,0.0,0.0
OP0123,CU0123,EM0004,BR0001,CP1001,Customer 123,35,Mass,82613.32,37,Salaried,Tier 2,1,1,1,1,0,0,0,0,78321.61,20,4,20,2,0,1,66,No Response,1,0,752,Growth,RM / Branch,Credit Card,1,1,2026-04-08T00:00:00,Rule-Based Recommendation Engine,859.0,0.7667,Prime,RM Priority Lead,Credit Card,RM / Branch,Route to RM within 48 hours with value talking points and product rationale.,2582.0,2727.0,145.0,2582.0,0.6867,1,0,0.0,0.0
OP0124,CU0124,EM0007,BR0002,CP1001,Customer 124,41,Affluent,81430.17,1,Salaried,Tier 3,0,0,1,2,0,0,0,1,125334.65,3,2,21,13,0,1,105,No Response,0,0,665,Growth,Digital,Credit Card,1,1,2025-11-30T00:00:00,Rule-Based Recommendation Engine,707.0,0.5691,High,Campaign Target,Credit Card,Digital,Push into the next campaign wave with personalization tags and channel controls.,2016.17,2024.17,8.0,2016.17,0.4891,1,0,0.0,0.0
OP0125,CU0125,EM0003,BR0001,CP1003,Customer 125,30,Mass,142011.9,35,Self-Employed,Tier 1,1,1,1,3,1,1,0,0,44695.97,20,1,16,15,2,0,36,No Response,0,0,746,Emerging,Digital,Insurance,1,1,2025-12-14T00:00:00,Rule-Based Recommendation Engine,798.0,0.6874,Prime,RM Priority Lead,Insurance,RM / Branch,Route to RM within 48 hours with value talking points and product rationale.,4381.94,4526.94,145.0,4381.94,0.6074,1,0,0.0,0.0
OP0126,CU0126,EM0009,BR0002,CP1001,Customer 126,41,Mass,102096.48,31,Salaried,Tier 3,1,1,1,1,0,0,0,0,114136.85,21,10,21,11,1,0,31,Opened,0,0,762,Established,Digital,Credit Card,1,1,2025-11-26T00:00:00,Rule-Based Recommendation Engine,857.0,0.7641,Prime,RM Priority Lead,Credit Card,RM / Branch,Route to RM within 48 hours with value talking points and product rationale.,2572.75,2717.75,145.0,2572.75,0.6841,0,1,0.0,0.0
OP0127,CU0127,EM0003,BR0001,CP1001,Customer 127,41,Mass,119858.42,18,Salaried,Tier 2,1,1,1,4,1,1,0,1,197277.03,9,10,11,10,0,1,154,Opened,1,0,767,Growth,Digital,Credit Card,1,1,2025-11-27T00:00:00,Rule-Based Recommendation Engine,520.0,0.6471,Low,Hold / Defer,Credit Card,No Outreach,Keep out of the active audience until new engagement or relationship signals arrive.,0.0,0.0,0.0,0.0,0.5671,0,0,0.0,0.0
OP0128,CU0128,EM0007,BR0002,CP1003,Customer 128,30,Mass,63358.59,1,Salaried,Tier 2,1,1,1,2,1,0,0,0,52113.22,13,9,2,14,3,1,38,Clicked,1,0,745,Growth,RM / Branch,Insurance,1,1,2025-12-16T00:00:00,Rule-Based Recommendation Engine,726.0,0.5938,High,Campaign Target,Insurance,Outbound Campaign,Push into the next campaign wave with personalization tags and channel controls.,3892.53,3910.53,18.0,3892.53,0.5138,1,0,0.0,0.0
OP0129,CU0129,EM0002,BR0001,CP1002,Customer 129,58,Mass,112865.29,25,Contract,Tier 1,1,0,1,1,0,0,0,0,207573.98,24,7,6,4,0,0,26,No Response,0,0,743,Mature,Digital,Personal Loan,1,1,2026-02-02T00:00:00,Rule-Based Recommendation Engine,799.0,0.6887,Prime,RM Priority Lead,Personal Loan,RM / Branch,Route to RM within 48 hours with value talking points and product rationale.,6515.76,6660.76,145.0,6515.76,0.6087,1,0,0.0,0.0
OP0130,CU0130,EM0010,BR0002,CP1001,Customer 130,21,Mass,114376.21,42,Self-Employed,Tier 1,1,0,1,2,1,0,0,0,238764.84,25,9,0,4,1,0,1,No Response,0,0,686,Established,RM / Branch,Credit Card,1,1,2026-01-26T00:00:00,Rule-Based Recommendation Engine,500.0,0.4053,Suppressed,Suppress,Credit Card,No Outreach,"Suppress outreach. Address service, compliance, or contact-fatigue constraints before reactivating.",0.0,0.0,0.0,0.0,0.3253,0,0,0.0,0.0
OP0131,CU0131,EM0001,BR0001,CP1003,Customer 131,29,Mass,98232.86,26,Salaried,Tier 3,1,1,1,2,1,0,0,0,177071.57,4,9,4,1,1,0,139,No Response,0,0,860,Emerging,Hybrid,Insurance,1,1,2026-03-09T00:00:00,Rule-Based Recommendation Engine,813.0,0.7069,Prime,RM Priority Lead,Insurance,RM / Branch,Route to RM within 48 hours with value talking points and product rationale.,4510.36,4655.36,145.0,4510.36,0.6269,0,1,0.0,0.0
OP0132,CU0132,EM0010,BR0002,CP1004,Customer 132,58,Affluent,118955.5,35,Contract,Tier 1,1,0,1,3,0,0,1,1,366600.97,12,2,0,8,2,2,76,Declined,0,0,718,Mature,RM / Branch,Wealth Upgrade,1,1,2026-01-03T00:00:00,Rule-Based Recommendation Engine,855.0,0.7615,Prime,RM Priority Lead,Wealth Upgrade,RM / Branch,Route to RM within 48 hours with value talking points and product rationale.,12952.04,13097.04,145.0,12952.04,0.6815,1,0,1.0,15796.2
OP0133,CU0133,EM0002,BR0001,CP1001,Customer 133,37,Mass,98611.95,27,Salaried,Tier 3,1,1,1,3,0,1,1,0,12000.0,29,5,9,6,2,2,13,Declined,0,0,700,Established,Digital,Credit Card,1,1,2026-02-23T00:00:00,Rule-Based Recommendation Engine,729.0,0.5977,High,Campaign Target,Credit Card,Digital,Push into the next campaign wave with personalization tags and channel controls.,2117.9,2125.9,8.0,2117.9,0.5177,0,1,0.0,0.0
OP0134,CU0134,EM0006,BR0002,CP1001,Customer 134,29,Mass,82442.88,22,Salaried,Tier 2,1,1,1,1,0,0,0,0,64039.09,22,8,10,0,0,0,48,Declined,0,1,658,Emerging,Hybrid,Credit Card,1,1,2025-12-21T00:00:00,Rule-Based Recommendation Engine,500.0,0.417,Suppressed,Suppress,Credit Card,No Outreach,"Suppress outreach. Address service, compliance, or contact-fatigue constraints before reactivating.",0.0,0.0,0.0,0.0,0.337,0,0,0.0,0.0
OP0135,CU0135,EM0002,BR0001,CP1004,Customer 135,40,Affluent,115071.12,53,Self-Employed,Tier 1,1,0,1,2,0,0,0,1,106579.61,5,6,5,2,1,6,103,No Response,0,1,723,Growth,Hybrid,Wealth Upgrade,1,1,2025-12-05T00:00:00,Rule-Based Recommendation Engine,500.0,0.6094,Suppressed,Suppress,Wealth Upgrade,No Outreach,"Suppress outreach. Address service, compliance, or contact-fatigue constraints before reactivating.",0.0,0.0,0.0,0.0,0.5294,0,0,0.0,0.0
OP0136,CU0136,EM0006,BR0002,CP1002,Customer 136,47,Affluent,122776.04,5,Salaried,Tier 3,1,0,1,1,0,0,0,0,168319.91,8,4,22,9,1,0,20,Opened,0,0,807,Growth,Hybrid,Personal Loan,1,1,2025-12-09T00:00:00,Rule-Based Recommendation Engine,804.0,0.6952,Prime,RM Priority Lead,Personal Loan,RM / Branch,Route to RM within 48 hours with value talking points and product rationale.,6578.63,6723.63,145.0,6578.63,0.6152,1,0,0.0,0.0
OP0137,CU0137,EM0002,BR0001,CP1004,Customer 137,21,Mass,92984.38,10,Salaried,Tier 2,1,1,1,3,1,1,0,0,29067.88,16,2,10,11,0,2,51,No Response,0,0,822,Established,Digital,Wealth Upgrade,1,1,2026-01-18T00:00:00,Rule-Based Recommendation Engine,520.0,0.6354,Low,Hold / Defer,Wealth Upgrade,RM / Branch,Keep out of the active audience until new engagement or relationship signals arrive.,0.0,0.0,145.0,0.0,0.5554,0,0,0.0,0.0
OP0138,CU0138,EM0008,BR0002,CP1001,Customer 138,31,Mass,117935.25,56,Professional,Tier 2,1,1,1,1,0,0,0,0,75793.69,5,2,14,11,2,0,14,No Response,0,1,693,Growth,Digital,Credit Card,1,1,2026-02-06T00:00:00,Rule-Based Recommendation Engine,500.0,0.5626,Suppressed,Suppress,Credit Card,No Outreach,"Suppress outreach. Address service, compliance, or contact-fatigue constraints before reactivating.",0.0,0.0,0.0,0.0,0.4826,0,0,0.0,0.0
OP0139,CU0139,EM0001,BR0001,CP1002,Customer 139,36,Mass,92131.05,1,Salaried,Tier 1,1,1,1,3,1,0,1,0,163112.32,9,7,7,0,0,2,111,Opened,0,0,749,Growth,Hybrid,Personal Loan,1,1,2026-03-24T00:00:00,Rule-Based Recommendation Engine,767.0,0.6471,High,Campaign Target,Personal Loan,Hybrid,Push into the next campaign wave with personalization tags and channel controls.,6230.43,6258.43,28.0,6230.43,0.5671,1,0,1.0,7855.65
OP0140,CU0140,EM0007,BR0002,CP1001,Customer 140,35,Mass,162476.2,1,Business Owner,Tier 2,0,0,1,1,0,0,0,0,158922.76,15,5,13,7,1,1,49,Declined,0,1,778,Established,RM / Branch,Credit Card,1,1,2025-11-09T00:00:00,Rule-Based Recommendation Engine,500.0,0.5678,Suppressed,Suppress,Credit Card,No Outreach,"Suppress outreach. Address service, compliance, or contact-fatigue constraints before reactivating.",0.0,0.0,0.0,0.0,0.4878,0,0,0.0,0.0
OP0141,CU0141,EM0001,BR0001,CP1002,Customer 141,27,Mass,63561.55,69,Salaried,Tier 1,1,1,1,2,1,0,0,0,63049.16,16,7,15,6,0,0,69,Clicked,0,0,729,Emerging,Hybrid,Personal Loan,1,1,2025-11-20T00:00:00,Rule-Based Recommendation Engine,763.0,0.6419,High,Campaign Target,Personal Loan,Hybrid,Push into the next campaign wave with personalization tags and channel controls.,6180.14,6208.14,28.0,6180.14,0.5619,1,0,0.0,0.0
OP0142,CU0142,EM0008,BR0002,CP1004,Customer 142,22,Affluent,142771.24,52,Business Owner,Tier 3,1,0,1,1,0,0,0,0,423058.44,24,4,1,10,3,3,26,Opened,1,0,698,Growth,Digital,Wealth Upgrade,1,1,2026-03-01T00:00:00,Rule-Based Recommendation Engine,500.0,0.7537,Suppressed,Suppress,Wealth Upgrade,No Outreach,"Suppress outreach. Address service, compliance, or contact-fatigue constraints before reactivating.",0.0,0.0,0.0,0.0,0.6737,0,0,0.0,0.0
OP0143,CU0143,EM0005,BR0001,CP1002,Customer 143,27,Affluent,156940.04,97,Self-Employed,Tier 1,1,0,1,2,1,0,0,0,705757.98,16,6,5,8,1,1,58,Opened,0,0,727,Emerging,Hybrid,Personal Loan,1,1,2026-03-02T00:00:00,Rule-Based Recommendation Engine,825.0,0.7225,Prime,RM Priority Lead,Personal Loan,RM / Branch,Route to RM within 48 hours with value talking points and product rationale.,6842.66,6987.66,145.0,6842.66,0.6425,1,0,0.0,0.0
OP0144,CU0144,EM0008,BR0002,CP1001,Customer 144,42,Mass,121753.62,16,Salaried,Tier 3,1,1,1,2,1,0,0,0,236264.82,21,10,0,16,3,3,159,No Response,0,0,778,Established,Digital,Credit Card,1,1,2025-11-26T00:00:00,Rule-Based Recommendation Engine,520.0,0.5951,Low,Hold / Defer,Credit Card,No Outreach,Keep out of the active audience until new engagement or relationship signals arrive.,0.0,0.0,0.0,0.0,0.5151,0,0,0.0,0.0
OP0145,CU0145,EM0003,BR0001,CP1001,Customer 145,28,Mass,105693.88,72,Self-Employed,Tier 2,1,1,1,2,1,0,0,0,147054.74,21,8,15,14,1,2,24,Opened,0,1,708,Emerging,Digital,Credit Card,1,1,2026-02-04T00:00:00,Rule-Based Recommendation Engine,500.0,0.4794,Suppressed,Suppress,Credit Card,No Outreach,"Suppress outreach. Address service, compliance, or contact-fatigue constraints before reactivating.",0.0,0.0,0.0,0.0,0.3994,0,0,0.0,0.0
OP0146,CU0146,EM0008,BR0002,CP1003,Customer 146,42,Mass,91354.19,52,Salaried,Tier 1,1,1,1,3,1,1,0,0,216461.26,22,8,7,9,3,0,140,Opened,0,0,763,Growth,Digital,Insurance,1,1,2026-03-11T00:00:00,Rule-Based Recommendation Engine,824.0,0.7212,Prime,RM Priority Lead,Insurance,RM / Branch,Route to RM within 48 hours with value talking points and product rationale.,4604.53,4749.53,145.0,4604.53,0.6412,1,0,0.0,0.0
OP0147,CU0147,EM0003,BR0001,CP1002,Customer 147,28,Affluent,108515.55,94,Self-Employed,Tier 1,1,0,1,3,0,0,1,1,374384.73,18,9,18,4,0,3,5,Accepted,1,0,749,Growth,Digital,Personal Loan,1,1,2025-12-27T00:00:00,Rule-Based Recommendation Engine,500.0,0.7537,Suppressed,Suppress,Personal Loan,No Outreach,"Suppress outreach. Address service, compliance, or contact-fatigue constraints before reactivating.",0.0,0.0,0.0,0.0,0.6737,0,0,0.0,0.0
OP0148,CU0148,EM0006,BR0002,CP1003,Customer 148,36,Affluent,157321.96,92,Business Owner,Tier 1,1,0,1,4,0,1,1,1,554641.24,11,5,16,11,1,3,37,No Response,0,0,785,Established,Digital,Insurance,1,1,2026-03-22T00:00:00,Rule-Based Recommendation Engine,520.0,0.6757,Low,Hold / Defer,Insurance,No Outreach,Keep out of the active audience until new engagement or relationship signals arrive.,0.0,0.0,0.0,0.0,0.5957,0,0,0.0,0.0
OP0149,CU0149,EM0002,BR0001,CP1002,Customer 149,28,Affluent,87183.08,53,Salaried,Tier 2,1,0,1,2,0,0,0,1,234103.62,13,10,4,7,0,0,17,No Response,0,0,679,Established,Hybrid,Personal Loan,1,0,2025-12-10T00:00:00,Rule-Based Recommendation Engine,500.0,0.5041,Suppressed,Suppress,Personal Loan,No Outreach,"Suppress outreach. Address service, compliance, or contact-fatigue constraints before reactivating.",0.0,0.0,0.0,0.0,0.4241,0,0,0.0,0.0
OP0150,CU0150,EM0007,BR0002,CP1002,Customer 150,45,Mass,172666.85,30,Business Owner,Tier 1,0,0,1,1,0,0,0,0,77555.8,11,5,7,7,0,2,44,No Response,1,0,684,Established,Digital,Personal Loan,1,1,2026-02-14T00:00:00,Rule-Based Recommendation Engine,771.0,0.6523,High,Campaign Target,Personal Loan,Digital,Push into the next campaign wave with personalization tags and channel controls.,6300.72,6308.72,8.0,6300.72,0.5723,1,0,0.0,0.0
OP0151,CU0151,EM0002,BR0001,CP1001,Customer 151,26,Affluent,79473.04,54,Salaried,Tier 1,1,1,1,2,1,0,0,0,197008.7,9,4,3,8,1,4,79,No Response,0,0,650,Established,RM / Branch,Credit Card,1,1,2026-02-02T00:00:00,Rule-Based Recommendation Engine,520.0,0.4573,Low,Hold / Defer,Credit Card,No Outreach,Keep out of the active audience until new engagement or relationship signals arrive.,0.0,0.0,0.0,0.0,0.3773,0,0,0.0,0.0
OP0152,CU0152,EM0007,BR0002,CP1001,Customer 152,32,Mass,46254.45,8,Salaried,Tier 2,1,0,1,2,0,1,0,0,70394.29,7,5,12,0,0,1,80,Opened,0,0,683,Growth,Hybrid,Credit Card,1,1,2026-01-07T00:00:00,Rule-Based Recommendation Engine,705.0,0.5665,High,Campaign Target,Credit Card,Hybrid,Push into the next campaign wave with personalization tags and channel controls.,1986.93,2014.93,28.0,1986.93,0.4865,1,0,0.0,0.0
OP0153,CU0153,EM0002,BR0001,CP1003,Customer 153,28,Mass,69878.46,1,Professional,Tier 2,1,0,1,3,1,0,0,1,179689.09,3,9,17,11,0,0,27,Declined,0,0,811,Established,Digital,Insurance,1,1,2026-02-14T00:00:00,Rule-Based Recommendation Engine,520.0,0.5093,Low,Hold / Defer,Insurance,No Outreach,Keep out of the active audience until new engagement or relationship signals arrive.,0.0,0.0,0.0,0.0,0.4293,0,0,0.0,0.0
OP0154,CU0154,EM0010,BR0002,CP1004,Customer 154,40,Mass,183868.19,1,Professional,Tier 1,1,1,1,2,0,0,0,1,371623.45,30,3,14,9,0,1,78,No Response,1,0,756,Mature,Hybrid,Wealth Upgrade,1,1,2025-11-11T00:00:00,Rule-Based Recommendation Engine,858.0,0.7654,Prime,RM Priority Lead,Wealth Upgrade,RM / Branch,Route to RM within 48 hours with value talking points and product rationale.,13019.11,13164.11,145.0,13019.11,0.6854,1,0,0.0,0.0
OP0155,CU0155,EM0001,BR0001,CP1003,Customer 155,35,Mass,150033.89,40,Professional,Tier 3,1,1,1,1,0,0,0,0,167172.42,21,14,11,10,0,1,31,Declined,0,0,823,Mature,Digital,Insurance,1,1,2025-12-31T00:00:00,Rule-Based Recommendation Engine,859.0,0.7667,Prime,RM Priority Lead,Insurance,RM / Branch,Route to RM within 48 hours with value talking points and product rationale.,4904.18,5049.18,145.0,4904.18,0.6867,1,0,0.0,0.0
OP0156,CU0156,EM0007,BR0002,CP1003,Customer 156,33,Mass,86907.22,73,Professional,Tier 1,0,1,1,1,0,0,0,0,131641.2,22,3,0,10,0,0,35,No Response,1,0,728,Established,RM / Branch,Insurance,1,1,2025-11-07T00:00:00,Rule-Based Recommendation Engine,756.0,0.6328,High,Campaign Target,Insurance,Outbound Campaign,Push into the next campaign wave with personalization tags and channel controls.,4149.37,4167.37,18.0,4149.37,0.5528,1,0,0.0,0.0
OP0157,CU0157,EM0004,BR0001,CP1002,Customer 157,21,Mass,147456.22,50,Professional,Tier 2,1,1,1,2,1,0,0,0,357743.88,10,12,20,10,1,1,171,No Response,0,0,768,Established,Hybrid,Personal Loan,1,1,2025-11-12T00:00:00,Rule-Based Recommendation Engine,897.0,0.8161,Prime,RM Priority Lead,Personal Loan,RM / Branch,Route to RM within 48 hours with value talking points and product rationale.,7747.91,7892.91,145.0,7747.91,0.7361,1,0,1.0,8729.77
OP0158,CU0158,EM0010,BR0002,CP1003,Customer 158,21,Mass,58707.72,15,Contract,Tier 2,1,0,1,1,0,0,0,0,77557.45,7,10,13,0,2,0,47,Clicked,0,0,763,Emerging,Hybrid,Insurance,1,1,2026-03-06T00:00:00,Rule-Based Recommendation Engine,520.0,0.6588,Low,Hold / Defer,Insurance,No Outreach,Keep out of the active audience until new engagement or relationship signals arrive.,0.0,0.0,0.0,0.0,0.5788,0,0,0.0,0.0
OP0159,CU0159,EM0002,BR0001,CP1003,Customer 159,36,Affluent,102201.99,71,Salaried,Tier 2,0,1,1,2,1,0,0,0,12000.0,13,10,20,9,0,2,42,No Response,0,0,752,Emerging,RM / Branch,Insurance,0,1,2026-01-18T00:00:00,Rule-Based Recommendation Engine,500.0,0.6978,Suppressed,Suppress,Insurance,No Outreach,"Suppress outreach. Address service, compliance, or contact-fatigue constraints before reactivating.",0.0,0.0,0.0,0.0,0.6178,0,0,0.0,0.0
OP0160,CU0160,EM0007,BR0002,CP1001,Customer 160,37,Affluent,129314.26,18,Salaried,Tier 3,1,0,1,2,1,0,0,0,168798.86,13,4,8,18,3,2,20,Accepted,1,0,781,Emerging,RM / Branch,Credit Card,1,1,2025-12-17T00:00:00,Rule-Based Recommendation Engine,500.0,0.6172,Suppressed,Suppress,Credit Card,No Outreach,"Suppress outreach. Address service, compliance, or contact-fatigue constraints before reactivating.",0.0,0.0,0.0,0.0,0.5372,0,0,0.0,0.0
OP0161,CU0161,EM0002,BR0001,CP1004,Customer 161,35,Mass,58897.68,53,Salaried,Tier 3,1,0,1,1,0,0,0,0,32450.44,19,4,10,0,1,0,36,No Response,1,0,741,Established,Digital,Wealth Upgrade,1,1,2025-12-20T00:00:00,Rule-Based Recommendation Engine,520.0,0.6289,Low,Hold / Defer,Wealth Upgrade,No Outreach,Keep out of the active audience until new engagement or relationship signals arrive.,0.0,0.0,0.0,0.0,0.5489,0,0,0.0,0.0
OP0162,CU0162,EM0010,BR0002,CP1001,Customer 162,50,Mass,149726.87,59,Salaried,Tier 1,1,1,1,2,0,0,0,1,145238.52,34,7,19,9,1,1,95,No Response,0,0,740,Emerging,Hybrid,Credit Card,0,1,2026-01-31T00:00:00,Rule-Based Recommendation Engine,500.0,0.8083,Suppressed,Suppress,Credit Card,No Outreach,"Suppress outreach. Address service, compliance, or contact-fatigue constraints before reactivating.",0.0,0.0,0.0,0.0,0.7283,0,0,0.0,0.0
OP0163,CU0163,EM0002,BR0001,CP1001,Customer 163,56,Mass,175249.13,28,Salaried,Tier 1,0,1,1,2,1,0,0,0,164328.86,31,4,11,10,1,2,53,Clicked,1,0,720,Growth,Digital,Credit Card,1,1,2025-11-28T00:00:00,Rule-Based Recommendation Engine,520.0,0.6055,Low,Hold / Defer,Credit Card,No Outreach,Keep out of the active audience until new engagement or relationship signals arrive.,0.0,0.0,0.0,0.0,0.5255,0,0,0.0,0.0
OP0164,CU0164,EM0008,BR0002,CP1002,Customer 164,44,Affluent,198931.19,24,Business Owner,Tier 1,1,0,1,1,0,0,0,0,456802.5,1,8,15,0,1,2,92,No Response,1,0,742,Established,Digital,Personal Loan,1,1,2025-11-22T00:00:00,Rule-Based Recommendation Engine,900.0,0.82,Prime,RM Priority Lead,Personal Loan,RM / Branch,Route to RM within 48 hours with value talking points and product rationale.,7785.63,7930.63,145.0,7785.63,0.74,1,0,1.0,9323.29
OP0165,CU0165,EM0005,BR0001,CP1001,Customer 165,37,Affluent,99583.52,53,Salaried,Tier 3,1,1,1,2,0,0,1,0,164152.91,11,11,8,2,0,0,74,Opened,0,0,659,Emerging,Digital,Credit Card,1,1,2026-02-05T00:00:00,Rule-Based Recommendation Engine,735.0,0.6055,High,Campaign Target,Credit Card,Digital,Push into the next campaign wave with personalization tags and channel controls.,2145.64,2153.64,8.0,2145.64,0.5255,0,1,0.0,0.0
OP0166,CU0166,EM0007,BR0002,CP1002,Customer 166,37,Mass,143929.68,1,Self-Employed,Tier 1,0,0,1,1,0,0,0,0,253843.18,5,2,16,10,1,2,8,Opened,0,0,693,Growth,Digital,Personal Loan,1,1,2026-02-06T00:00:00,Rule-Based Recommendation Engine,500.0,0.6159,Suppressed,Suppress,Personal Loan,No Outreach,"Suppress outreach. Address service, compliance, or contact-fatigue constraints before reactivating.",0.0,0.0,0.0,0.0,0.5359,0,0,0.0,0.0
OP0167,CU0167,EM0001,BR0001,CP1001,Customer 167,34,Affluent,129720.86,61,Self-Employed,Tier 2,1,0,1,2,0,0,0,1,363408.41,10,4,8,14,0,4,72,No Response,0,0,743,Established,Digital,Credit Card,1,1,2025-11-06T00:00:00,Rule-Based Recommendation Engine,900.0,0.82,Prime,RM Priority Lead,Credit Card,RM / Branch,Route to RM within 48 hours with value talking points and product rationale.,2771.58,2916.58,145.0,2771.58,0.74,1,0,1.0,3480.8
OP0168,CU0168,EM0008,BR0002,CP1002,Customer 168,46,Affluent,122432.5,1,Salaried,Tier 1,1,1,1,2,0,0,0,1,292576.95,7,9,5,1,2,2,30,Clicked,3,0,822,Established,Hybrid,Personal Loan,1,1,2026-01-11T00:00:00,Rule-Based Recommendation Engine,854.0,0.7602,Prime,RM Priority Lead,Personal Loan,RM / Branch,Route to RM within 48 hours with value talking points and product rationale.,7207.27,7352.27,145.0,7207.27,0.6802,1,0,1.0,8044.27
OP0169,CU0169,EM0003,BR0001,CP1003,Customer 169,53,Mass,108902.15,15,Salaried,Tier 2,1,1,1,2,0,0,0,1,12000.0,28,6,16,12,0,0,84,No Response,0,0,803,Emerging,Digital,Insurance,1,1,2026-02-21T00:00:00,Rule-Based Recommendation Engine,520.0,0.5353,Low,Hold / Defer,Insurance,No Outreach,Keep out of the active audience until new engagement or relationship signals arrive.,0.0,0.0,0.0,0.0,0.4553,0,0,0.0,0.0
OP0170,CU0170,EM0010,BR0002,CP1002,Customer 170,21,Affluent,105219.14,34,Salaried,Tier 2,1,0,1,1,0,0,0,0,81156.21,19,7,9,4,1,4,43,Clicked,1,0,716,Established,Digital,Personal Loan,1,1,2026-02-12T00:00:00,Rule-Based Recommendation Engine,799.0,0.6887,Prime,RM Priority Lead,Personal Loan,RM / Branch,Route to RM within 48 hours with value talking points and product rationale.,6515.76,6660.76,145.0,6515.76,0.6087,1,0,0.0,0.0
OP0171,CU0171,EM0003,BR0001,CP1002,Customer 171,38,HNI,240700.51,37,Business Owner,Tier 2,0,0,1,2,0,0,0,1,850000.0,6,5,11,9,1,2,9,No Response,0,0,708,Established,RM / Branch,Personal Loan,1,1,2026-03-20T00:00:00,Rule-Based Recommendation Engine,500.0,0.7342,Suppressed,Suppress,Personal Loan,No Outreach,"Suppress outreach. Address service, compliance, or contact-fatigue constraints before reactivating.",0.0,0.0,0.0,0.0,0.6542,0,0,0.0,0.0
OP0172,CU0172,EM0007,BR0002,CP1004,Customer 172,30,Mass,108792.22,28,Salaried,Tier 1,1,0,1,3,1,1,0,0,119563.78,11,12,12,14,2,2,97,No Response,0,0,722,Mature,Digital,Wealth Upgrade,0,1,2025-12-17T00:00:00,Rule-Based Recommendation Engine,500.0,0.6809,Suppressed,Suppress,Wealth Upgrade,No Outreach,"Suppress outreach. Address service, compliance, or contact-fatigue constraints before reactivating.",0.0,0.0,0.0,0.0,0.6009,0,0,0.0,0.0
OP0173,CU0173,EM0005,BR0001,CP1003,Customer 173,25,Mass,82222.71,2,Salaried,Tier 1,1,1,1,3,1,1,0,0,126873.15,16,8,18,9,0,2,41,No Response,0,0,769,Emerging,Digital,Insurance,1,1,2025-11-26T00:00:00,Rule-Based Recommendation Engine,788.0,0.6744,High,Campaign Target,Insurance,RM / Branch,Push into the next campaign wave with personalization tags and channel controls.,4296.33,4441.33,145.0,4296.33,0.5944,1,0,0.0,0.0
OP0174,CU0174,EM0010,BR0002,CP1001,Customer 174,31,Mass,63540.09,1,Salaried,Tier 3,1,0,1,1,0,0,0,0,21370.99,1,5,17,20,2,0,48,Clicked,0,0,784,Established,Digital,Credit Card,1,1,2026-01-18T00:00:00,Rule-Based Recommendation Engine,768.0,0.6484,High,Campaign Target,Credit Card,Digital,Push into the next campaign wave with personalization tags and channel controls.,2298.23,2306.23,8.0,2298.23,0.5684,1,0,0.0,0.0
OP0175,CU0175,EM0002,BR0001,CP1001,Customer 175,53,Affluent,135570.96,1,Salaried,Tier 1,1,1,1,2,1,0,0,0,258215.3,11,4,0,10,2,2,23,No Response,0,0,797,Established,RM / Branch,Credit Card,0,1,2026-03-16T00:00:00,Rule-Based Recommendation Engine,500.0,0.5782,Suppressed,Suppress,Credit Card,No Outreach,"Suppress outreach. Address service, compliance, or contact-fatigue constraints before reactivating.",0.0,0.0,0.0,0.0,0.4982,0,0,0.0,0.0
OP0176,CU0176,EM0007,BR0002,CP1002,Customer 176,56,Affluent,121083.61,83,Salaried,Tier 1,1,1,1,3,1,0,1,0,82424.35,17,5,10,8,0,4,11,Clicked,0,0,829,Established,RM / Branch,Personal Loan,1,1,2025-11-14T00:00:00,Rule-Based Recommendation Engine,500.0,0.7134,Suppressed,Suppress,Personal Loan,No Outreach,"Suppress outreach. Address service, compliance, or contact-fatigue constraints before reactivating.",0.0,0.0,0.0,0.0,0.6334,0,0,0.0,0.0
OP0177,CU0177,EM0004,BR0001,CP1001,Customer 177,22,Mass,103694.22,16,Self-Employed,Tier 2,1,0,1,1,0,0,0,0,41286.25,3,11,10,0,0,1,44,No Response,0,0,683,Growth,Hybrid,Credit Card,1,1,2026-02-01T00:00:00,Rule-Based Recommendation Engine,773.0,0.6549,High,Campaign Target,Credit Card,Hybrid,Push into the next campaign wave with personalization tags and channel controls.,2301.35,2329.35,28.0,2301.35,0.5749,0,1,0.0,0.0
OP0178,CU0178,EM0010,BR0002,CP1001,Customer 178,47,Mass,139115.4,64,Salaried,Tier 1,1,1,1,2,0,0,0,1,347446.19,29,9,11,7,0,1,45,Accepted,2,0,774,Growth,Digital,Credit Card,1,1,2025-12-14T00:00:00,Rule-Based Recommendation Engine,900.0,0.82,Prime,RM Priority Lead,Credit Card,RM / Branch,Route to RM within 48 hours with value talking points and product rationale.,2771.58,2916.58,145.0,2771.58,0.74,1,0,0.0,0.0
OP0179,CU0179,EM0004,BR0001,CP1002,Customer 179,21,Mass,109893.03,1,Professional,Tier 1,1,1,1,2,1,0,0,0,190083.76,17,4,2,6,3,1,5,No Response,1,0,774,Growth,RM / Branch,Personal Loan,1,1,2025-11-04T00:00:00,Rule-Based Recommendation Engine,500.0,0.5587,Suppressed,Suppress,Personal Loan,No Outreach,"Suppress outreach. Address service, compliance, or contact-fatigue constraints before reactivating.",0.0,0.0,0.0,0.0,0.4787,0,0,0.0,0.0
OP0180,CU0180,EM0009,BR0002,CP1001,Customer 180,42,Mass,105915.69,1,Salaried,Tier 3,1,1,1,3,1,1,0,0,217923.89,26,9,15,8,0,0,3,No Response,0,0,693,Growth,Hybrid,Credit Card,0,1,2025-11-06T00:00:00,Rule-Based Recommendation Engine,500.0,0.4339,Suppressed,Suppress,Credit Card,No Outreach,"Suppress outreach. Address service, compliance, or contact-fatigue constraints before reactivating.",0.0,0.0,0.0,0.0,0.3539,0,0,0.0,0.0
OP0181,CU0181,EM0004,BR0001,CP1002,Customer 181,37,Affluent,96851.09,1,Salaried,Tier 2,0,1,1,3,1,1,0,0,208382.41,14,4,15,8,1,4,19,No Response,1,0,735,Growth,Digital,Personal Loan,1,1,2026-03-18T00:00:00,Rule-Based Recommendation Engine,520.0,0.4989,Low,Hold / Defer,Personal Loan,No Outreach,Keep out of the active audience until new engagement or relationship signals arrive.,0.0,0.0,0.0,0.0,0.4189,0,0,0.0,0.0
OP0182,CU0182,EM0006,BR0002,CP1001,Customer 182,36,Mass,88601.75,35,Salaried,Tier 1,1,0,1,1,0,0,0,0,63041.39,10,3,8,5,1,0,71,No Response,1,0,638,Emerging,Hybrid,Credit Card,1,1,2025-11-03T00:00:00,Rule-Based Recommendation Engine,520.0,0.5483,Low,Hold / Defer,Credit Card,No Outreach,Keep out of the active audience until new engagement or relationship signals arrive.,0.0,0.0,0.0,0.0,0.4683,0,0,0.0,0.0
OP0183,CU0183,EM0001,BR0001,CP1001,Customer 183,31,Affluent,81669.28,78,Salaried,Tier 2,1,1,1,1,0,0,0,0,128758.24,14,2,14,8,0,6,28,Clicked,0,0,679,Established,Digital,Credit Card,1,1,2026-01-20T00:00:00,Rule-Based Recommendation Engine,747.0,0.6211,High,Campaign Target,Credit Card,RM / Branch,Push into the next campaign wave with personalization tags and channel controls.,2064.13,2209.13,145.0,2064.13,0.5411,1,0,1.0,2880.54
OP0184,CU0184,EM0009,BR0002,CP1002,Customer 184,64,Affluent,129826.38,23,Professional,Tier 2,1,1,1,3,1,0,0,1,326101.46,33,5,0,0,0,2,10,Opened,0,0,811,Mature,RM / Branch,Personal Loan,1,1,2026-02-08T00:00:00,Rule-Based Recommendation Engine,500.0,0.7134,Suppressed,Suppress,Personal Loan,No Outreach,"Suppress outreach. Address service, compliance, or contact-fatigue constraints before reactivating.",0.0,0.0,0.0,0.0,0.6334,0,0,0.0,0.0
OP0185,CU0185,EM0002,BR0001,CP1004,Customer 185,32,Mass,104674.21,7,Self-Employed,Tier 1,0,0,1,3,1,0,1,0,96825.43,21,3,16,17,0,3,55,No Response,0,0,740,Growth,Digital,Wealth Upgrade,1,1,2025-12-27T00:00:00,Rule-Based Recommendation Engine,520.0,0.6679,Low,Hold / Defer,Wealth Upgrade,RM / Branch,Keep out of the active audience until new engagement or relationship signals arrive.,0.0,0.0,145.0,0.0,0.5879,0,0,0.0,0.0
OP0186,CU0186,EM0009,BR0002,CP1002,Customer 186,22,Mass,153824.78,74,Professional,Tier 2,1,0,1,1,0,0,0,0,366746.56,9,8,15,8,2,1,69,Declined,0,0,780,Growth,Hybrid,Personal Loan,1,1,2026-01-24T00:00:00,Rule-Based Recommendation Engine,900.0,0.82,Prime,RM Priority Lead,Personal Loan,RM / Branch,Route to RM within 48 hours with value talking points and product rationale.,7785.63,7930.63,145.0,7785.63,0.74,1,0,0.0,0.0
OP0187,CU0187,EM0005,BR0001,CP1004,Customer 187,60,Mass,174706.88,1,Self-Employed,Tier 2,0,0,1,2,0,0,0,1,205233.79,9,1,5,17,0,1,27,Opened,0,0,801,Mature,Digital,Wealth Upgrade,1,1,2026-01-19T00:00:00,Rule-Based Recommendation Engine,500.0,0.677,Suppressed,Suppress,Wealth Upgrade,No Outreach,"Suppress outreach. Address service, compliance, or contact-fatigue constraints before reactivating.",0.0,0.0,0.0,0.0,0.597,0,0,0.0,0.0
OP0188,CU0188,EM0010,BR0002,CP1004,Customer 188,45,Mass,155462.99,8,Professional,Tier 1,0,1,1,4,1,1,0,1,217344.34,17,5,12,4,2,2,99,No Response,1,0,685,Established,Hybrid,Wealth Upgrade,0,1,2025-11-05T00:00:00,Rule-Based Recommendation Engine,500.0,0.6965,Suppressed,Suppress,Wealth Upgrade,No Outreach,"Suppress outreach. Address service, compliance, or contact-fatigue constraints before reactivating.",0.0,0.0,0.0,0.0,0.6165,0,0,0.0,0.0
OP0189,CU0189,EM0002,BR0001,CP1004,Customer 189,46,Affluent,116123.58,58,Salaried,Tier 1,1,0,1,3,1,1,0,0,215797.11,1,5,23,9,0,1,174,No Response,0,0,769,Growth,Digital,Wealth Upgrade,1,1,2026-02-23T00:00:00,Rule-Based Recommendation Engine,900.0,0.82,Prime,RM Priority Lead,Wealth Upgrade,RM / Branch,Route to RM within 48 hours with value talking points and product rationale.,13958.18,14103.18,145.0,13958.18,0.74,1,0,0.0,0.0
OP0190,CU0190,EM0008,BR0002,CP1003,Customer 190,46,Mass,85253.54,28,Contract,Tier 2,1,0,1,1,0,0,0,0,113380.8,11,9,11,4,2,2,49,No Response,0,0,750,Growth,Digital,Insurance,1,1,2025-12-17T00:00:00,Rule-Based Recommendation Engine,800.0,0.69,Prime,RM Priority Lead,Insurance,RM / Branch,Route to RM within 48 hours with value talking points and product rationale.,4399.06,4544.06,145.0,4399.06,0.61,1,0,1.0,5295.25
OP0191,CU0191,EM0002,BR0001,CP1004,Customer 191,28,Mass,102371.31,19,Self-Employed,Tier 1,1,0,1,3,1,0,0,1,42636.08,5,7,3,8,1,0,52,No Response,0,0,696,Growth,Digital,Wealth Upgrade,1,1,2026-01-16T00:00:00,Rule-Based Recommendation Engine,520.0,0.6289,Low,Hold / Defer,Wealth Upgrade,No Outreach,Keep out of the active audience until new engagement or relationship signals arrive.,0.0,0.0,0.0,0.0,0.5489,0,0,0.0,0.0
OP0192,CU0192,EM0007,BR0002,CP1001,Customer 192,46,Mass,120523.03,52,Contract,Tier 1,1,0,1,2,0,0,0,1,126201.47,10,8,0,15,2,2,53,No Response,0,0,753,Growth,Hybrid,Credit Card,0,1,2025-12-17T00:00:00,Rule-Based Recommendation Engine,500.0,0.7277,Suppressed,Suppress,Credit Card,No Outreach,"Suppress outreach. Address service, compliance, or contact-fatigue constraints before reactivating.",0.0,0.0,0.0,0.0,0.6477,0,0,0.0,0.0
OP0193,CU0193,EM0002,BR0001,CP1004,Customer 193,25,Affluent,125589.16,10,Self-Employed,Tier 1,1,0,1,2,0,0,0,1,232581.54,15,2,0,7,2,3,35,Opened,0,0,709,Growth,RM / Branch,Wealth Upgrade,1,1,2026-01-11T00:00:00,Rule-Based Recommendation Engine,767.0,0.6471,High,Campaign Target,Wealth Upgrade,RM / Branch,Push into the next campaign wave with personalization tags and channel controls.,10984.47,11129.47,145.0,10984.47,0.5671,1,0,0.0,0.0
OP0194,CU0194,EM0007,BR0002,CP1003,Customer 194,54,Affluent,158087.68,35,Salaried,Tier 1,1,1,1,3,1,0,1,0,178571.34,26,3,15,2,0,1,156,Clicked,1,1,794,Established,Hybrid,Insurance,1,1,2025-12-26T00:00:00,Rule-Based Recommendation Engine,500.0,0.664,Suppressed,Suppress,Insurance,No Outreach,"Suppress outreach. Address service, compliance, or contact-fatigue constraints before reactivating.",0.0,0.0,0.0,0.0,0.584,0,0,0.0,0.0
OP0195,CU0195,EM0005,BR0001,CP1004,Customer 195,49,Affluent,133441.74,35,Self-Employed,Tier 3,1,0,1,2,0,1,0,0,304099.31,12,10,17,8,1,0,21,No Response,0,0,733,Mature,Digital,Wealth Upgrade,1,1,2025-12-29T00:00:00,Rule-Based Recommendation Engine,500.0,0.7537,Suppressed,Suppress,Wealth Upgrade,No Outreach,"Suppress outreach. Address service, compliance, or contact-fatigue constraints before reactivating.",0.0,0.0,0.0,0.0,0.6737,0,0,0.0,0.0
OP0196,CU0196,EM0007,BR0002,CP1002,Customer 196,41,Affluent,230383.15,40,Business Owner,Tier 2,1,0,1,1,0,0,0,0,449454.12,14,8,11,12,0,2,52,Clicked,2,0,667,Established,Digital,Personal Loan,1,1,2026-03-18T00:00:00,Rule-Based Recommendation Engine,520.0,0.7082,Low,Hold / Defer,Personal Loan,No Outreach,Keep out of the active audience until new engagement or relationship signals arrive.,0.0,0.0,0.0,0.0,0.6282,0,0,0.0,0.0
OP0197,CU0197,EM0005,BR0001,CP1002,Customer 197,39,Mass,98359.41,18,Salaried,Tier 3,1,1,1,3,1,1,0,0,184340.27,16,5,6,14,1,2,70,No Response,0,0,748,Mature,Digital,Personal Loan,1,1,2026-03-06T00:00:00,Rule-Based Recommendation Engine,520.0,0.5301,Low,Hold / Defer,Personal Loan,No Outreach,Keep out of the active audience until new engagement or relationship signals arrive.,0.0,0.0,0.0,0.0,0.4501,0,0,0.0,0.0
OP0198,CU0198,EM0007,BR0002,CP1002,Customer 198,39,Mass,77135.48,24,Salaried,Tier 3,1,1,1,3,1,1,0,0,85928.91,16,8,15,10,1,2,75,No Response,2,0,719,Growth,Digital,Personal Loan,1,1,2025-11-09T00:00:00,Rule-Based Recommendation Engine,520.0,0.5327,Low,Hold / Defer,Personal Loan,No Outreach,Keep out of the active audience until new engagement or relationship signals arrive.,0.0,0.0,0.0,0.0,0.4527,0,0,0.0,0.0
OP0199,CU0199,EM0004,BR0001,CP1003,Customer 199,29,Mass,79594.31,9,Contract,Tier 1,1,1,1,1,0,0,0,0,12000.0,17,4,2,8,2,0,68,No Response,0,0,769,Emerging,Digital,Insurance,1,1,2025-12-31T00:00:00,Rule-Based Recommendation Engine,696.0,0.5548,Moderate,Digital Nurture,Insurance,Digital,Start a lighter digital journey and rescore after the next engagement signal refresh.,3645.69,3653.69,8.0,3645.69,0.4748,1,0,0.0,0.0
OP0200,CU0200,EM0009,BR0002,CP1004,Customer 200,50,Affluent,109003.05,1,Salaried,Tier 1,0,1,0,2,1,0,0,0,144411.35,17,5,3,2,1,2,48,No Response,0,1,736,Established,RM / Branch,Wealth Upgrade,1,1,2026-01-13T00:00:00,Rule-Based Recommendation Engine,500.0,0.5015,Suppressed,Suppress,Wealth Upgrade,No Outreach,"Suppress outreach. Address service, compliance, or contact-fatigue constraints before reactivating.",0.0,0.0,0.0,0.0,0.4215,0,0,0.0,0.0
OP0201,CU0201,EM0003,BR0001,CP1004,Customer 201,61,Affluent,196622.41,71,Professional,Tier 1,1,0,1,4,1,1,1,0,350543.8,20,12,21,6,1,2,38,No Response,1,0,744,Growth,Digital,Wealth Upgrade,1,1,2026-02-25T00:00:00,Rule-Based Recommendation Engine,900.0,0.82,Prime,RM Priority Lead,Wealth Upgrade,RM / Branch,Route to RM within 48 hours with value talking points and product rationale.,13958.18,14103.18,145.0,13958.18,0.74,0,1,0.0,0.0
OP0202,CU0202,EM0009,BR0002,CP1002,Customer 202,38,Mass,102788.92,27,Salaried,Tier 1,1,1,1,2,1,0,0,0,243727.05,29,9,10,13,0,2,197,Opened,0,1,694,Established,RM / Branch,Personal Loan,1,1,2026-02-28T00:00:00,Rule-Based Recommendation Engine,500.0,0.5938,Suppressed,Suppress,Personal Loan,No Outreach,"Suppress outreach. Address service, compliance, or contact-fatigue constraints before reactivating.",0.0,0.0,0.0,0.0,0.5138,0,0,0.0,0.0
OP0203,CU0203,EM0004,BR0001,CP1001,Customer 203,34,Mass,100404.52,63,Salaried,Tier 1,1,0,1,1,0,0,0,0,91487.12,7,5,3,13,0,0,44,No Response,0,0,768,Established,Digital,Credit Card,1,1,2025-11-18T00:00:00,Rule-Based Recommendation Engine,817.0,0.7121,Prime,RM Priority Lead,Credit Card,RM / Branch,Route to RM within 48 hours with value talking points and product rationale.,2387.8,2532.8,145.0,2387.8,0.6321,1,0,0.0,0.0
OP0204,CU0204,EM0010,BR0002,CP1002,Customer 204,38,Affluent,91773.64,37,Salaried,Tier 1,0,1,1,2,0,0,0,1,138017.95,18,6,8,0,3,6,79,Opened,0,0,707,Mature,RM / Branch,Personal Loan,0,1,2026-03-22T00:00:00,Rule-Based Recommendation Engine,500.0,0.7069,Suppressed,Suppress,Personal Loan,No Outreach,"Suppress outreach. Address service, compliance, or contact-fatigue constraints before reactivating.",0.0,0.0,0.0,0.0,0.6269,0,0,0.0,0.0
OP0205,CU0205,EM0003,BR0001,CP1002,Customer 205,43,Affluent,154700.48,69,Professional,Tier 2,1,0,1,2,0,0,0,1,458388.02,21,4,6,3,1,5,46,Declined,0,0,810,Growth,RM / Branch,Personal Loan,1,1,2026-03-03T00:00:00,Rule-Based Recommendation Engine,894.0,0.8122,Prime,RM Priority Lead,Personal Loan,RM / Branch,Route to RM within 48 hours with value talking points and product rationale.,7710.19,7855.19,145.0,7710.19,0.7322,1,0,0.0,0.0
OP0206,CU0206,EM0010,BR0002,CP1001,Customer 206,33,Mass,134551.51,48,Self-Employed,Tier 1,1,1,1,1,0,0,0,0,51348.61,13,9,13,0,1,1,58,No Response,0,0,678,Mature,Hybrid,Credit Card,0,1,2025-12-06T00:00:00,Rule-Based Recommendation Engine,500.0,0.5847,Suppressed,Suppress,Credit Card,No Outreach,"Suppress outreach. Address service, compliance, or contact-fatigue constraints before reactivating.",0.0,0.0,0.0,0.0,0.5047,0,0,0.0,0.0
OP0207,CU0207,EM0004,BR0001,CP1004,Customer 207,21,Affluent,119400.6,26,Professional,Tier 2,1,1,1,2,0,0,0,1,343401.73,19,9,0,8,2,2,60,No Response,0,0,773,Emerging,RM / Branch,Wealth Upgrade,1,1,2026-01-19T00:00:00,Rule-Based Recommendation Engine,867.0,0.7771,Prime,RM Priority Lead,Wealth Upgrade,RM / Branch,Route to RM within 48 hours with value talking points and product rationale.,13220.34,13365.34,145.0,13220.34,0.6971,1,0,0.0,0.0
OP0208,CU0208,EM0010,BR0002,CP1002,Customer 208,35,Mass,75414.93,17,Salaried,Tier 3,1,1,1,3,1,1,0,0,118918.31,19,9,13,10,3,1,61,No Response,0,0,754,Growth,Hybrid,Personal Loan,1,1,2026-01-02T00:00:00,Rule-Based Recommendation Engine,520.0,0.5171,Low,Hold / Defer,Personal Loan,No Outreach,Keep out of the active audience until new engagement or relationship signals arrive.,0.0,0.0,0.0,0.0,0.4371,0,0,0.0,0.0
OP0209,CU0209,EM0004,BR0001,CP1003,Customer 209,36,Mass,94795.47,27,Salaried,Tier 1,0,0,1,2,0,0,0,1,168032.72,27,2,0,1,2,1,45,No Response,1,0,710,Emerging,RM / Branch,Insurance,1,1,2025-12-11T00:00:00,Rule-Based Recommendation Engine,520.0,0.4716,Low,Hold / Defer,Insurance,No Outreach,Keep out of the active audience until new engagement or relationship signals arrive.,0.0,0.0,0.0,0.0,0.3916,0,0,0.0,0.0
OP0210,CU0210,EM0006,BR0002,CP1003,Customer 210,32,Mass,58528.56,62,Salaried,Tier 3,1,0,1,1,0,0,0,0,85653.87,14,1,7,10,1,2,31,Opened,1,0,779,Emerging,Digital,Insurance,1,1,2025-12-14T00:00:00,Rule-Based Recommendation Engine,798.0,0.6874,Prime,RM Priority Lead,Insurance,RM / Branch,Route to RM within 48 hours with value talking points and product rationale.,4381.94,4526.94,145.0,4381.94,0.6074,1,0,0.0,0.0
OP0211,CU0211,EM0002,BR0001,CP1001,Customer 211,37,Mass,96211.2,13,Salaried,Tier 1,1,1,1,2,1,0,0,0,67625.18,26,6,6,4,1,0,53,No Response,0,0,689,Growth,Hybrid,Credit Card,1,1,2026-02-27T00:00:00,Rule-Based Recommendation Engine,520.0,0.4729,Low,Hold / Defer,Credit Card,No Outreach,Keep out of the active audience until new engagement or relationship signals arrive.,0.0,0.0,0.0,0.0,0.3929,0,0,0.0,0.0
OP0212,CU0212,EM0010,BR0002,CP1001,Customer 212,29,Mass,54590.04,41,Salaried,Tier 1,0,0,1,1,0,0,0,0,101232.97,21,3,17,3,1,1,36,No Response,0,1,681,Growth,Hybrid,Credit Card,0,1,2025-12-12T00:00:00,Rule-Based Recommendation Engine,500.0,0.4742,Suppressed,Suppress,Credit Card,No Outreach,"Suppress outreach. Address service, compliance, or contact-fatigue constraints before reactivating.",0.0,0.0,0.0,0.0,0.3942,0,0,0.0,0.0
OP0213,CU0213,EM0005,BR0001,CP1003,Customer 213,22,Mass,76953.7,42,Self-Employed,Tier 3,1,0,1,1,0,0,0,0,25592.98,4,4,4,6,1,0,32,No Response,0,0,627,Emerging,RM / Branch,Insurance,1,1,2026-03-13T00:00:00,Rule-Based Recommendation Engine,520.0,0.4456,Low,Hold / Defer,Insurance,No Outreach,Keep out of the active audience until new engagement or relationship signals arrive.,0.0,0.0,0.0,0.0,0.3656,0,0,0.0,0.0
OP0214,CU0214,EM0009,BR0002,CP1001,Customer 214,40,Mass,97204.56,36,Professional,Tier 3,1,1,1,3,1,0,1,0,42530.85,29,6,2,9,0,1,43,No Response,0,0,850,Established,RM / Branch,Credit Card,1,1,2025-12-29T00:00:00,Rule-Based Recommendation Engine,520.0,0.5314,Low,Hold / Defer,Credit Card,No Outreach,Keep out of the active audience until new engagement or relationship signals arrive.,0.0,0.0,0.0,0.0,0.4514,0,0,0.0,0.0
OP0215,CU0215,EM0004,BR0001,CP1003,Customer 215,61,Affluent,197617.87,33,Professional,Tier 2,1,0,1,1,0,0,0,0,225806.07,23,4,2,2,0,1,12,Declined,0,0,768,Growth,RM / Branch,Insurance,1,1,2026-03-24T00:00:00,Rule-Based Recommendation Engine,500.0,0.6627,Suppressed,Suppress,Insurance,No Outreach,"Suppress outreach. Address service, compliance, or contact-fatigue constraints before reactivating.",0.0,0.0,0.0,0.0,0.5827,0,0,0.0,0.0
OP0216,CU0216,EM0008,BR0002,CP1004,Customer 216,53,Affluent,187101.53,45,Professional,Tier 1,1,1,1,3,1,0,1,0,328245.01,20,8,18,17,3,2,2,No Response,0,0,686,Growth,RM / Branch,Wealth Upgrade,1,1,2026-02-24T00:00:00,Rule-Based Recommendation Engine,500.0,0.7758,Suppressed,Suppress,Wealth Upgrade,No Outreach,"Suppress outreach. Address service, compliance, or contact-fatigue constraints before reactivating.",0.0,0.0,0.0,0.0,0.6958,0,0,0.0,0.0
OP0217,CU0217,EM0003,BR0001,CP1002,Customer 217,38,Mass,95377.16,1,Salaried,Tier 3,0,1,1,3,1,0,0,1,54440.13,26,4,17,6,0,1,75,No Response,0,0,735,Established,Hybrid,Personal Loan,0,1,2026-02-19T00:00:00,Rule-Based Recommendation Engine,500.0,0.6315,Suppressed,Suppress,Personal Loan,No Outreach,"Suppress outreach. Address service, compliance, or contact-fatigue constraints before reactivating.",0.0,0.0,0.0,0.0,0.5515,0,0,0.0,0.0
OP0218,CU0218,EM0009,BR0002,CP1001,Customer 218,32,Mass,79419.19,70,Salaried,Tier 1,1,1,1,2,1,0,0,0,149052.94,12,9,18,7,0,0,16,No Response,0,0,722,Mature,Digital,Credit Card,1,1,2026-02-01T00:00:00,Rule-Based Recommendation Engine,520.0,0.5249,Low,Hold / Defer,Credit Card,No Outreach,Keep out of the active audience until new engagement or relationship signals arrive.,0.0,0.0,0.0,0.0,0.4449,0,0,0.0,0.0
OP0219,CU0219,EM0002,BR0001,CP1001,Customer 219,34,Mass,61977.1,7,Salaried,Tier 2,0,1,0,1,0,0,0,0,128424.78,20,6,7,4,1,1,53,Opened,0,0,673,Growth,Hybrid,Credit Card,1,1,2026-02-02T00:00:00,Rule-Based Recommendation Engine,500.0,0.4274,Suppressed,Suppress,Credit Card,No Outreach,"Suppress outreach. Address service, compliance, or contact-fatigue constraints before reactivating.",0.0,0.0,0.0,0.0,0.3474,0,0,0.0,0.0
OP0220,CU0220,EM0007,BR0002,CP1002,Customer 220,35,Affluent,66905.25,95,Self-Employed,Tier 2,1,0,1,2,1,0,0,0,225723.08,9,8,12,12,0,5,53,No Response,0,0,733,Growth,Digital,Personal Loan,1,1,2026-01-23T00:00:00,Rule-Based Recommendation Engine,825.0,0.7225,Prime,RM Priority Lead,Personal Loan,RM / Branch,Route to RM within 48 hours with value talking points and product rationale.,6842.66,6987.66,145.0,6842.66,0.6425,1,0,0.0,0.0
OP0221,CU0221,EM0005,BR0001,CP1003,Customer 221,42,Affluent,112881.03,74,Salaried,Tier 3,1,1,1,3,1,0,1,0,220218.93,4,7,1,9,1,4,119,Opened,1,0,758,Growth,Hybrid,Insurance,1,1,2026-03-17T00:00:00,Rule-Based Recommendation Engine,848.0,0.7524,Prime,RM Priority Lead,Insurance,RM / Branch,Route to RM within 48 hours with value talking points and product rationale.,4810.01,4955.01,145.0,4810.01,0.6724,1,0,0.0,0.0
OP0222,CU0222,EM0007,BR0002,CP1003,Customer 222,56,Affluent,202303.62,61,Business Owner,Tier 3,1,1,1,3,1,0,1,0,587165.52,19,8,8,11,1,4,20,Clicked,2,0,805,Growth,RM / Branch,Insurance,1,1,2026-02-06T00:00:00,Rule-Based Recommendation Engine,500.0,0.82,Suppressed,Suppress,Insurance,No Outreach,"Suppress outreach. Address service, compliance, or contact-fatigue constraints before reactivating.",0.0,0.0,0.0,0.0,0.74,0,0,0.0,0.0
OP0223,CU0223,EM0004,BR0001,CP1002,Customer 223,65,Affluent,145779.04,73,Salaried,Tier 1,1,1,1,1,0,0,0,0,259203.19,23,7,19,27,1,2,138,Opened,0,0,778,Growth,Hybrid,Personal Loan,1,1,2025-12-30T00:00:00,Rule-Based Recommendation Engine,867.0,0.7771,Prime,RM Priority Lead,Personal Loan,RM / Branch,Route to RM within 48 hours with value talking points and product rationale.,7370.72,7515.72,145.0,7370.72,0.6971,1,0,1.0,9186.36
OP0224,CU0224,EM0007,BR0002,CP1004,Customer 224,23,Affluent,188917.79,65,Business Owner,Tier 1,1,0,1,4,1,1,1,0,526716.33,10,3,7,2,1,2,63,Clicked,1,0,735,Growth,Hybrid,Wealth Upgrade,1,1,2026-03-27T00:00:00,Rule-Based Recommendation Engine,900.0,0.82,Prime,RM Priority Lead,Wealth Upgrade,RM / Branch,Route to RM within 48 hours with value talking points and product rationale.,13958.18,14103.18,145.0,13958.18,0.74,1,0,0.0,0.0
OP0225,CU0225,EM0004,BR0001,CP1003,Customer 225,21,Affluent,137058.29,27,Professional,Tier 3,1,1,1,1,0,0,0,0,163475.6,12,4,0,4,2,4,54,Opened,0,0,704,Emerging,RM / Branch,Insurance,0,1,2026-03-08T00:00:00,Rule-Based Recommendation Engine,500.0,0.664,Suppressed,Suppress,Insurance,No Outreach,"Suppress outreach. Address service, compliance, or contact-fatigue constraints before reactivating.",0.0,0.0,0.0,0.0,0.584,0,0,0.0,0.0
OP0226,CU0226,EM0006,BR0002,CP1001,Customer 226,39,Mass,97076.33,29,Self-Employed,Tier 3,1,0,1,1,0,0,0,0,29229.9,22,7,12,5,1,0,14,No Response,0,0,704,Established,Digital,Credit Card,1,1,2026-01-26T00:00:00,Rule-Based Recommendation Engine,695.0,0.5535,Moderate,Digital Nurture,Credit Card,Digital,Start a lighter digital journey and rescore after the next engagement signal refresh.,1960.69,1968.69,8.0,1960.69,0.4735,1,0,1.0,2139.06
OP0227,CU0227,EM0003,BR0001,CP1002,Customer 227,38,Affluent,121713.4,30,Self-Employed,Tier 1,0,1,1,1,0,0,0,0,398896.03,19,1,12,7,0,2,30,Declined,0,0,738,Growth,Digital,Personal Loan,0,1,2026-03-22T00:00:00,Rule-Based Recommendation Engine,500.0,0.7615,Suppressed,Suppress,Personal Loan,No Outreach,"Suppress outreach. Address service, compliance, or contact-fatigue constraints before reactivating.",0.0,0.0,0.0,0.0,0.6815,0,0,0.0,0.0
OP0228,CU0228,EM0009,BR0002,CP1003,Customer 228,34,Mass,102825.8,39,Salaried,Tier 1,1,0,1,4,1,1,0,1,181957.26,10,5,14,12,1,2,26,No Response,0,0,706,Established,Digital,Insurance,1,1,2025-12-28T00:00:00,Rule-Based Recommendation Engine,520.0,0.5444,Low,Hold / Defer,Insurance,No Outreach,Keep out of the active audience until new engagement or relationship signals arrive.,0.0,0.0,0.0,0.0,0.4644,0,0,0.0,0.0
OP0229,CU0229,EM0002,BR0001,CP1001,Customer 229,22,Mass,120335.47,44,Self-Employed,Tier 1,1,0,1,2,0,1,0,0,85951.57,1,13,8,9,2,3,38,Accepted,0,0,824,Growth,RM / Branch,Credit Card,1,1,2025-12-15T00:00:00,Rule-Based Recommendation Engine,854.0,0.7602,Prime,RM Priority Lead,Credit Card,RM / Branch,Route to RM within 48 hours with value talking points and product rationale.,2558.88,2703.88,145.0,2558.88,0.6802,1,0,0.0,0.0
OP0230,CU0230,EM0008,BR0002,CP1001,Customer 230,31,Mass,83711.32,1,Professional,Tier 3,0,0,1,2,0,1,0,0,15563.26,1,10,7,0,0,1,36,No Response,1,0,691,Emerging,Hybrid,Credit Card,1,1,2026-01-20T00:00:00,Rule-Based Recommendation Engine,695.0,0.5535,Moderate,Digital Nurture,Credit Card,Hybrid,Start a lighter digital journey and rescore after the next engagement signal refresh.,1940.69,1968.69,28.0,1940.69,0.4735,1,0,0.0,0.0
OP0231,CU0231,EM0002,BR0001,CP1003,Customer 231,21,Affluent,133121.4,21,Professional,Tier 3,1,1,1,2,0,1,0,0,241215.09,8,8,7,8,1,4,33,Clicked,1,0,782,Growth,Digital,Insurance,1,1,2025-11-01T00:00:00,Rule-Based Recommendation Engine,520.0,0.7693,Low,Hold / Defer,Insurance,RM / Branch,Keep out of the active audience until new engagement or relationship signals arrive.,0.0,0.0,145.0,0.0,0.6893,0,0,0.0,0.0
OP0232,CU0232,EM0009,BR0002,CP1001,Customer 232,42,Mass,113595.07,34,Salaried,Tier 1,1,1,1,2,0,0,1,0,245522.57,12,6,12,11,0,1,17,Opened,0,0,772,Established,Digital,Credit Card,1,1,2026-02-17T00:00:00,Rule-Based Recommendation Engine,839.0,0.7407,Prime,RM Priority Lead,Credit Card,RM / Branch,Route to RM within 48 hours with value talking points and product rationale.,2489.52,2634.52,145.0,2489.52,0.6607,1,0,0.0,0.0
OP0233,CU0233,EM0005,BR0001,CP1001,Customer 233,41,Mass,119611.06,1,Salaried,Tier 2,0,1,1,2,0,0,0,1,201514.25,18,6,7,4,2,1,9,No Response,0,0,741,Established,Digital,Credit Card,1,1,2026-01-08T00:00:00,Rule-Based Recommendation Engine,783.0,0.6679,High,Campaign Target,Credit Card,Digital,Push into the next campaign wave with personalization tags and channel controls.,2367.59,2375.59,8.0,2367.59,0.5879,1,0,1.0,2787.07
OP0234,CU0234,EM0008,BR0002,CP1001,Customer 234,33,Mass,84192.23,80,Salaried,Tier 1,1,1,1,1,0,0,0,0,25136.54,6,6,12,8,0,0,34,Accepted,1,0,759,Emerging,Digital,Credit Card,1,1,2025-11-27T00:00:00,Rule-Based Recommendation Engine,799.0,0.6887,Prime,RM Priority Lead,Credit Card,RM / Branch,Route to RM within 48 hours with value talking points and product rationale.,2304.57,2449.57,145.0,2304.57,0.6087,1,0,0.0,0.0
OP0235,CU0235,EM0005,BR0001,CP1004,Customer 235,45,Mass,128194.49,33,Salaried,Tier 2,1,1,1,1,0,0,0,0,241603.51,25,11,6,8,0,2,142,Clicked,0,0,728,Growth,Digital,Wealth Upgrade,1,1,2026-03-03T00:00:00,Rule-Based Recommendation Engine,520.0,0.6705,Low,Hold / Defer,Wealth Upgrade,RM / Branch,Keep out of the active audience until new engagement or relationship signals arrive.,0.0,0.0,145.0,0.0,0.5905,0,0,0.0,0.0
OP0236,CU0236,EM0009,BR0002,CP1001,Customer 236,28,Mass,84239.94,2,Salaried,Tier 3,1,1,1,2,0,1,0,0,129326.55,31,12,1,7,1,0,15,No Response,0,0,711,Emerging,Hybrid,Credit Card,1,1,2025-11-13T00:00:00,Rule-Based Recommendation Engine,707.0,0.5691,High,Campaign Target,Credit Card,Hybrid,Push into the next campaign wave with personalization tags and channel controls.,1996.17,2024.17,28.0,1996.17,0.4891,1,0,0.0,0.0
OP0237,CU0237,EM0002,BR0001,CP1002,Customer 237,47,Mass,109369.29,58,Salaried,Tier 3,0,1,0,4,0,1,1,1,87202.32,18,4,2,5,6,1,77,No Response,0,0,701,Growth,RM / Branch,Personal Loan,1,1,2026-01-27T00:00:00,Rule-Based Recommendation Engine,500.0,0.352,Suppressed,Suppress,Personal Loan,No Outreach,"Suppress outreach. Address service, compliance, or contact-fatigue constraints before reactivating.",0.0,0.0,0.0,0.0,0.272,0,0,0.0,0.0
OP0238,CU0238,EM0006,BR0002,CP1002,Customer 238,57,Mass,177932.6,40,Professional,Tier 1,1,1,1,3,1,0,0,1,422732.84,8,7,6,0,2,1,56,No Response,0,0,764,Growth,RM / Branch,Personal Loan,1,1,2026-02-04T00:00:00,Rule-Based Recommendation Engine,841.0,0.7433,Prime,RM Priority Lead,Personal Loan,RM / Branch,Route to RM within 48 hours with value talking points and product rationale.,7043.83,7188.83,145.0,7043.83,0.6633,1,0,0.0,0.0
OP0239,CU0239,EM0001,BR0001,CP1001,Customer 239,45,Mass,109109.9,33,Salaried,Tier 2,1,0,1,1,0,0,0,0,16565.82,16,4,8,8,0,2,71,Opened,1,0,793,Growth,Digital,Credit Card,1,1,2025-11-04T00:00:00,Rule-Based Recommendation Engine,840.0,0.742,Prime,RM Priority Lead,Credit Card,RM / Branch,Route to RM within 48 hours with value talking points and product rationale.,2494.15,2639.15,145.0,2494.15,0.662,1,0,0.0,0.0
OP0240,CU0240,EM0009,BR0002,CP1002,Customer 240,29,Mass,104300.04,64,Salaried,Tier 2,0,1,1,2,1,0,0,0,204939.39,12,5,16,16,0,1,87,No Response,1,1,728,Emerging,Digital,Personal Loan,1,1,2026-02-28T00:00:00,Rule-Based Recommendation Engine,500.0,0.5964,Suppressed,Suppress,Personal Loan,No Outreach,"Suppress outreach. Address service, compliance, or contact-fatigue constraints before reactivating.",0.0,0.0,0.0,0.0,0.5164,0,0,0.0,0.0
OP0241,CU0241,EM0002,BR0001,CP1004,Customer 241,37,Mass,71360.0,27,Self-Employed,Tier 1,1,0,1,1,0,0,0,0,65882.31,12,10,7,17,0,0,56,Declined,0,0,722,Growth,Digital,Wealth Upgrade,1,1,2026-02-16T00:00:00,Rule-Based Recommendation Engine,520.0,0.5769,Low,Hold / Defer,Wealth Upgrade,No Outreach,Keep out of the active audience until new engagement or relationship signals arrive.,0.0,0.0,0.0,0.0,0.4969,0,0,0.0,0.0
OP0242,CU0242,EM0006,BR0002,CP1004,Customer 242,42,Affluent,194041.94,33,Business Owner,Tier 3,0,0,1,1,0,0,0,0,643425.23,13,9,12,8,0,2,77,No Response,0,0,715,Established,RM / Branch,Wealth Upgrade,0,1,2026-01-01T00:00:00,Rule-Based Recommendation Engine,500.0,0.8174,Suppressed,Suppress,Wealth Upgrade,No Outreach,"Suppress outreach. Address service, compliance, or contact-fatigue constraints before reactivating.",0.0,0.0,0.0,0.0,0.7374,0,0,0.0,0.0
OP0243,CU0243,EM0005,BR0001,CP1004,Customer 243,37,Mass,93621.06,1,Self-Employed,Tier 3,1,0,1,1,0,0,0,0,127636.81,17,1,16,1,0,0,115,Accepted,0,0,647,Growth,Digital,Wealth Upgrade,0,1,2026-02-24T00:00:00,Rule-Based Recommendation Engine,500.0,0.4963,Suppressed,Suppress,Wealth Upgrade,No Outreach,"Suppress outreach. Address service, compliance, or contact-fatigue constraints before reactivating.",0.0,0.0,0.0,0.0,0.4163,0,0,0.0,0.0
OP0244,CU0244,EM0007,BR0002,CP1002,Customer 244,54,Mass,157057.58,1,Salaried,Tier 1,0,1,1,1,0,0,0,0,39986.22,14,1,21,9,1,2,30,Opened,0,0,743,Established,Hybrid,Personal Loan,1,1,2026-04-09T00:00:00,Rule-Based Recommendation Engine,761.0,0.6393,High,Campaign Target,Personal Loan,Hybrid,Push into the next campaign wave with personalization tags and channel controls.,6154.99,6182.99,28.0,6154.99,0.5593,1,0,1.0,7642.1
OP0245,CU0245,EM0005,BR0001,CP1002,Customer 245,31,Affluent,115921.82,37,Salaried,Tier 2,1,0,1,1,0,0,0,0,363992.5,28,2,11,5,1,3,30,Declined,1,0,772,Growth,Digital,Personal Loan,1,1,2026-01-13T00:00:00,Rule-Based Recommendation Engine,881.0,0.7953,Prime,RM Priority Lead,Personal Loan,RM / Branch,Route to RM within 48 hours with value talking points and product rationale.,7546.74,7691.74,145.0,7546.74,0.7153,0,1,0.0,0.0
OP0246,CU0246,EM0006,BR0002,CP1003,Customer 246,32,Affluent,105399.45,65,Self-Employed,Tier 2,1,0,1,4,1,1,0,1,335283.84,1,6,20,4,2,1,34,Opened,1,0,666,Growth,Digital,Insurance,1,1,2026-01-19T00:00:00,Rule-Based Recommendation Engine,520.0,0.5106,Low,Hold / Defer,Insurance,No Outreach,Keep out of the active audience until new engagement or relationship signals arrive.,0.0,0.0,0.0,0.0,0.4306,0,0,0.0,0.0
OP0247,CU0247,EM0002,BR0001,CP1002,Customer 247,21,HNI,229201.25,33,Business Owner,Tier 1,1,0,1,2,0,1,0,0,656694.31,12,7,0,15,1,2,53,Clicked,0,0,775,Mature,RM / Branch,Personal Loan,1,0,2025-11-26T00:00:00,Rule-Based Recommendation Engine,500.0,0.5782,Suppressed,Suppress,Personal Loan,No Outreach,"Suppress outreach. Address service, compliance, or contact-fatigue constraints before reactivating.",0.0,0.0,0.0,0.0,0.4982,0,0,0.0,0.0
OP0248,CU0248,EM0007,BR0002,CP1003,Customer 248,39,Mass,83208.66,30,Contract,Tier 3,1,0,0,1,0,0,0,0,12000.0,9,8,15,1,4,3,62,No Response,1,0,732,Growth,RM / Branch,Insurance,1,1,2026-02-28T00:00:00,Rule-Based Recommendation Engine,500.0,0.5561,Suppressed,Suppress,Insurance,No Outreach,"Suppress outreach. Address service, compliance, or contact-fatigue constraints before reactivating.",0.0,0.0,0.0,0.0,0.4761,0,0,0.0,0.0
OP0249,CU0249,EM0002,BR0001,CP1004,Customer 249,31,Affluent,94327.52,12,Salaried,Tier 2,1,0,1,1,0,0,0,0,142608.39,4,8,4,8,3,4,92,Opened,3,0,793,Mature,Digital,Wealth Upgrade,1,1,2025-12-09T00:00:00,Rule-Based Recommendation Engine,900.0,0.82,Prime,RM Priority Lead,Wealth Upgrade,RM / Branch,Route to RM within 48 hours with value talking points and product rationale.,13958.18,14103.18,145.0,13958.18,0.74,0,1,0.0,0.0
OP0250,CU0250,EM0008,BR0002,CP1001,Customer 250,33,Mass,94808.47,12,Salaried,Tier 1,1,1,1,1,0,0,0,0,72124.46,26,5,3,5,0,1,24,Opened,0,0,738,Growth,Hybrid,Credit Card,1,1,2026-01-02T00:00:00,Rule-Based Recommendation Engine,789.0,0.6757,High,Campaign Target,Credit Card,Hybrid,Push into the next campaign wave with personalization tags and channel controls.,2375.33,2403.33,28.0,2375.33,0.5957,1,0,0.0,0.0
OP0251,CU0251,EM0003,BR0001,CP1004,Customer 251,28,Affluent,89175.49,25,Salaried,Tier 1,1,1,1,2,1,0,0,0,255241.44,14,8,6,2,1,4,87,No Response,0,0,752,Emerging,RM / Branch,Wealth Upgrade,1,1,2025-11-08T00:00:00,Rule-Based Recommendation Engine,853.0,0.7589,Prime,RM Priority Lead,Wealth Upgrade,RM / Branch,Route to RM within 48 hours with value talking points and product rationale.,12907.32,13052.32,145.0,12907.32,0.6789,1,0,0.0,0.0
OP0252,CU0252,EM0010,BR0002,CP1002,Customer 252,52,Affluent,162437.99,74,Professional,Tier 1,1,1,1,1,0,0,0,0,461072.39,19,5,5,6,0,0,43,No Response,0,0,814,Growth,Hybrid,Personal Loan,1,1,2025-11-14T00:00:00,Rule-Based Recommendation Engine,868.0,0.7784,Prime,RM Priority Lead,Personal Loan,RM / Branch,Route to RM within 48 hours with value talking points and product rationale.,7383.3,7528.3,145.0,7383.3,0.6984,1,0,0.0,0.0
OP0253,CU0253,EM0004,BR0001,CP1001,Customer 253,21,Mass,76639.23,70,Salaried,Tier 2,1,0,1,1,0,0,0,0,73002.5,9,4,22,4,0,2,26,No Response,0,0,749,Growth,Hybrid,Credit Card,1,1,2026-01-18T00:00:00,Rule-Based Recommendation Engine,821.0,0.7173,Prime,RM Priority Lead,Credit Card,RM / Branch,Route to RM within 48 hours with value talking points and product rationale.,2406.29,2551.29,145.0,2406.29,0.6373,1,0,0.0,0.0
OP0254,CU0254,EM0007,BR0002,CP1004,Customer 254,33,Affluent,155539.65,93,Professional,Tier 2,1,0,1,2,1,0,0,0,348116.56,1,9,7,10,1,1,106,Clicked,1,0,746,Growth,Hybrid,Wealth Upgrade,1,1,2025-12-18T00:00:00,Rule-Based Recommendation Engine,900.0,0.82,Prime,RM Priority Lead,Wealth Upgrade,RM / Branch,Route to RM within 48 hours with value talking points and product rationale.,13958.18,14103.18,145.0,13958.18,0.74,1,0,0.0,0.0
OP0255,CU0255,EM0003,BR0001,CP1004,Customer 255,37,Mass,61925.98,26,Contract,Tier 2,1,0,1,2,0,0,0,1,26521.79,1,2,0,6,2,1,18,No Response,0,0,683,Established,RM / Branch,Wealth Upgrade,1,1,2025-12-28T00:00:00,Rule-Based Recommendation Engine,500.0,0.4729,Suppressed,Suppress,Wealth Upgrade,No Outreach,"Suppress outreach. Address service, compliance, or contact-fatigue constraints before reactivating.",0.0,0.0,0.0,0.0,0.3929,0,0,0.0,0.0
OP0256,CU0256,EM0008,BR0002,CP1001,Customer 256,37,Mass,86050.69,24,Salaried,Tier 2,1,1,1,1,0,0,0,0,86690.92,13,5,16,7,1,1,12,Declined,1,0,719,Emerging,Hybrid,Credit Card,1,1,2025-12-28T00:00:00,Rule-Based Recommendation Engine,500.0,0.6393,Suppressed,Suppress,Credit Card,No Outreach,"Suppress outreach. Address service, compliance, or contact-fatigue constraints before reactivating.",0.0,0.0,0.0,0.0,0.5593,0,0,0.0,0.0
OP0257,CU0257,EM0001,BR0001,CP1003,Customer 257,41,Mass,86043.77,22,Salaried,Tier 1,1,1,1,2,1,0,0,0,61174.88,14,7,21,9,0,1,14,No Response,0,0,656,Established,Hybrid,Insurance,1,1,2025-11-17T00:00:00,Rule-Based Recommendation Engine,500.0,0.4898,Suppressed,Suppress,Insurance,No Outreach,"Suppress outreach. Address service, compliance, or contact-fatigue constraints before reactivating.",0.0,0.0,0.0,0.0,0.4098,0,0,0.0,0.0
OP0258,CU0258,EM0006,BR0002,CP1001,Customer 258,39,Affluent,182053.48,24,Professional,Tier 1,1,1,1,1,0,0,0,0,422124.89,23,7,6,11,2,6,20,Accepted,0,0,776,Growth,RM / Branch,Credit Card,1,1,2026-01-24T00:00:00,Rule-Based Recommendation Engine,500.0,0.82,Suppressed,Suppress,Credit Card,No Outreach,"Suppress outreach. Address service, compliance, or contact-fatigue constraints before reactivating.",0.0,0.0,0.0,0.0,0.74,0,0,0.0,0.0
OP0259,CU0259,EM0002,BR0001,CP1003,Customer 259,31,Mass,74123.1,1,Self-Employed,Tier 3,0,1,1,2,1,0,0,0,39919.68,23,1,10,8,1,1,14,No Response,0,0,750,Growth,Digital,Insurance,0,1,2026-04-01T00:00:00,Rule-Based Recommendation Engine,500.0,0.534,Suppressed,Suppress,Insurance,No Outreach,"Suppress outreach. Address service, compliance, or contact-fatigue constraints before reactivating.",0.0,0.0,0.0,0.0,0.454,0,0,0.0,0.0
OP0260,CU0260,EM0008,BR0002,CP1002,Customer 260,23,Mass,105575.6,34,Salaried,Tier 3,1,1,1,2,1,0,0,0,302467.14,23,5,19,16,1,1,55,No Response,1,0,673,Growth,Digital,Personal Loan,1,1,2026-03-14T00:00:00,Rule-Based Recommendation Engine,520.0,0.6315,Low,Hold / Defer,Personal Loan,No Outreach,Keep out of the active audience until new engagement or relationship signals arrive.,0.0,0.0,0.0,0.0,0.5515,0,0,0.0,0.0
OP0261,CU0261,EM0002,BR0001,CP1003,Customer 261,66,Affluent,175233.91,26,Salaried,Tier 2,1,0,1,3,0,0,1,1,419887.86,11,1,0,10,1,1,18,No Response,1,0,741,Established,RM / Branch,Insurance,1,0,2025-12-06T00:00:00,Rule-Based Recommendation Engine,500.0,0.5262,Suppressed,Suppress,Insurance,No Outreach,"Suppress outreach. Address service, compliance, or contact-fatigue constraints before reactivating.",0.0,0.0,0.0,0.0,0.4462,0,0,0.0,0.0
OP0262,CU0262,EM0008,BR0002,CP1003,Customer 262,44,Affluent,141200.06,31,Self-Employed,Tier 2,1,0,1,2,0,1,0,0,287599.2,1,7,2,7,3,1,42,No Response,0,0,710,Established,RM / Branch,Insurance,1,1,2025-11-29T00:00:00,Rule-Based Recommendation Engine,766.0,0.6458,High,Campaign Target,Insurance,Outbound Campaign,Push into the next campaign wave with personalization tags and channel controls.,4234.98,4252.98,18.0,4234.98,0.5658,1,0,1.0,4723.93
OP0263,CU0263,EM0002,BR0001,CP1003,Customer 263,44,Affluent,146388.08,31,Professional,Tier 1,1,1,1,2,0,0,1,0,277188.88,23,6,0,3,0,1,31,Opened,0,0,705,Growth,Digital,Insurance,1,1,2026-02-14T00:00:00,Rule-Based Recommendation Engine,752.0,0.6276,High,Campaign Target,Insurance,Digital,Push into the next campaign wave with personalization tags and channel controls.,4125.12,4133.12,8.0,4125.12,0.5476,1,0,0.0,0.0
OP0264,CU0264,EM0009,BR0002,CP1001,Customer 264,30,Mass,68471.22,17,Contract,Tier 2,1,0,1,1,0,0,0,0,118147.55,19,9,17,10,2,0,13,No Response,1,0,672,Growth,Digital,Credit Card,1,1,2025-11-09T00:00:00,Rule-Based Recommendation Engine,667.0,0.5171,Moderate,Digital Nurture,Credit Card,Digital,Start a lighter digital journey and rescore after the next engagement signal refresh.,1831.22,1839.22,8.0,1831.22,0.4371,1,0,0.0,0.0
OP0265,CU0265,EM0004,BR0001,CP1003,Customer 265,58,Mass,156804.58,32,Salaried,Tier 1,1,1,1,2,1,0,0,0,254447.06,13,8,12,8,1,0,14,No Response,0,0,753,Mature,Digital,Insurance,1,1,2025-11-26T00:00:00,Rule-Based Recommendation Engine,500.0,0.6822,Suppressed,Suppress,Insurance,No Outreach,"Suppress outreach. Address service, compliance, or contact-fatigue constraints before reactivating.",0.0,0.0,0.0,0.0,0.6022,0,0,0.0,0.0
OP0266,CU0266,EM0006,BR0002,CP1003,Customer 266,37,Mass,126530.23,14,Self-Employed,Tier 2,1,0,1,3,1,0,1,0,37561.83,35,10,1,9,1,0,13,No Response,1,0,744,Established,Digital,Insurance,1,1,2026-03-27T00:00:00,Rule-Based Recommendation Engine,500.0,0.5808,Suppressed,Suppress,Insurance,No Outreach,"Suppress outreach. Address service, compliance, or contact-fatigue constraints before reactivating.",0.0,0.0,0.0,0.0,0.5008,0,0,0.0,0.0
OP0267,CU0267,EM0001,BR0001,CP1002,Customer 267,42,Mass,82424.04,26,Contract,Tier 1,1,0,1,2,0,0,0,1,116136.42,6,5,14,8,0,2,72,Clicked,1,1,616,Established,Digital,Personal Loan,0,1,2025-11-16T00:00:00,Rule-Based Recommendation Engine,500.0,0.4222,Suppressed,Suppress,Personal Loan,No Outreach,"Suppress outreach. Address service, compliance, or contact-fatigue constraints before reactivating.",0.0,0.0,0.0,0.0,0.3422,0,0,0.0,0.0
OP0268,CU0268,EM0007,BR0002,CP1002,Customer 268,38,Mass,77606.85,24,Salaried,Tier 2,1,1,1,2,1,0,0,0,163063.6,2,9,4,11,1,0,63,Declined,0,0,709,Established,Digital,Personal Loan,1,1,2026-01-13T00:00:00,Rule-Based Recommendation Engine,773.0,0.6549,High,Campaign Target,Personal Loan,Digital,Push into the next campaign wave with personalization tags and channel controls.,6325.87,6333.87,8.0,6325.87,0.5749,1,0,0.0,0.0
OP0269,CU0269,EM0001,BR0001,CP1004,Customer 269,21,Mass,89450.39,57,Salaried,Tier 1,1,1,1,3,1,1,0,0,151886.24,17,6,0,0,0,1,51,Opened,0,0,666,Growth,RM / Branch,Wealth Upgrade,1,1,2025-12-20T00:00:00,Rule-Based Recommendation Engine,520.0,0.5015,Low,Hold / Defer,Wealth Upgrade,No Outreach,Keep out of the active audience until new engagement or relationship signals arrive.,0.0,0.0,0.0,0.0,0.4215,0,0,0.0,0.0
OP0270,CU0270,EM0008,BR0002,CP1002,Customer 270,23,Mass,147574.79,51,Professional,Tier 1,1,1,1,2,0,0,0,1,12000.0,22,8,1,10,1,0,17,No Response,0,1,658,Emerging,Digital,Personal Loan,1,1,2026-02-01T00:00:00,Rule-Based Recommendation Engine,500.0,0.3078,Suppressed,Suppress,Personal Loan,No Outreach,"Suppress outreach. Address service, compliance, or contact-fatigue constraints before reactivating.",0.0,0.0,0.0,0.0,0.2278,0,0,0.0,0.0
OP0271,CU0271,EM0001,BR0001,CP1003,Customer 271,22,Mass,53105.32,29,Contract,Tier 3,1,0,1,1,0,0,0,0,95467.37,3,6,19,9,3,1,9,Clicked,0,0,752,Growth,Digital,Insurance,1,1,2026-01-03T00:00:00,Rule-Based Recommendation Engine,500.0,0.6016,Suppressed,Suppress,Insurance,No Outreach,"Suppress outreach. Address service, compliance, or contact-fatigue constraints before reactivating.",0.0,0.0,0.0,0.0,0.5216,0,0,0.0,0.0
OP0272,CU0272,EM0010,BR0002,CP1002,Customer 272,45,Mass,129406.0,1,Self-Employed,Tier 1,1,0,1,2,0,1,0,0,89193.95,1,5,10,12,0,0,24,Clicked,0,1,697,Established,Digital,Personal Loan,1,1,2026-03-10T00:00:00,Rule-Based Recommendation Engine,500.0,0.3156,Suppressed,Suppress,Personal Loan,No Outreach,"Suppress outreach. Address service, compliance, or contact-fatigue constraints before reactivating.",0.0,0.0,0.0,0.0,0.2356,0,0,0.0,0.0
OP0273,CU0273,EM0002,BR0001,CP1001,Customer 273,68,Affluent,176264.07,74,Professional,Tier 3,1,1,1,1,0,0,0,0,431188.01,20,5,6,1,0,2,68,No Response,0,0,684,Emerging,Digital,Credit Card,1,1,2026-02-26T00:00:00,Rule-Based Recommendation Engine,873.0,0.7849,Prime,RM Priority Lead,Credit Card,RM / Branch,Route to RM within 48 hours with value talking points and product rationale.,2646.73,2791.73,145.0,2646.73,0.7049,1,0,0.0,0.0
OP0274,CU0274,EM0010,BR0002,CP1002,Customer 274,29,Mass,58110.32,35,Salaried,Tier 1,1,0,1,1,0,0,0,0,118219.23,1,12,16,15,1,0,7,Declined,0,0,764,Emerging,Digital,Personal Loan,1,1,2025-12-01T00:00:00,Rule-Based Recommendation Engine,500.0,0.5795,Suppressed,Suppress,Personal Loan,No Outreach,"Suppress outreach. Address service, compliance, or contact-fatigue constraints before reactivating.",0.0,0.0,0.0,0.0,0.4995,0,0,0.0,0.0
OP0275,CU0275,EM0003,BR0001,CP1001,Customer 275,29,Mass,79659.76,27,Salaried,Tier 3,1,0,1,2,0,0,0,1,153858.31,17,11,16,11,2,0,27,No Response,0,0,780,Emerging,Digital,Credit Card,1,1,2025-12-03T00:00:00,Rule-Based Recommendation Engine,848.0,0.7524,Prime,RM Priority Lead,Credit Card,RM / Branch,Route to RM within 48 hours with value talking points and product rationale.,2531.14,2676.14,145.0,2531.14,0.6724,1,0,0.0,0.0
OP0276,CU0276,EM0010,BR0002,CP1001,Customer 276,42,Mass,121843.53,9,Salaried,Tier 1,0,1,1,3,1,1,0,0,145364.37,13,4,8,16,0,0,66,Opened,1,0,703,Established,Digital,Credit Card,0,1,2025-11-08T00:00:00,Rule-Based Recommendation Engine,500.0,0.5743,Suppressed,Suppress,Credit Card,No Outreach,"Suppress outreach. Address service, compliance, or contact-fatigue constraints before reactivating.",0.0,0.0,0.0,0.0,0.4943,0,0,0.0,0.0
OP0277,CU0277,EM0004,BR0001,CP1002,Customer 277,49,Affluent,122789.26,55,Professional,Tier 1,1,0,1,1,0,0,0,0,176303.18,15,8,0,2,2,5,185,Clicked,0,0,821,Growth,RM / Branch,Personal Loan,1,0,2026-02-16T00:00:00,Rule-Based Recommendation Engine,500.0,0.7758,Suppressed,Suppress,Personal Loan,No Outreach,"Suppress outreach. Address service, compliance, or contact-fatigue constraints before reactivating.",0.0,0.0,0.0,0.0,0.6958,0,0,0.0,0.0
OP0278,CU0278,EM0009,BR0002,CP1003,Customer 278,21,Affluent,106900.72,1,Salaried,Tier 1,1,1,1,2,1,0,0,0,231230.71,42,5,18,5,0,3,6,No Response,0,0,742,Established,Hybrid,Insurance,1,1,2026-01-24T00:00:00,Rule-Based Recommendation Engine,500.0,0.6198,Suppressed,Suppress,Insurance,No Outreach,"Suppress outreach. Address service, compliance, or contact-fatigue constraints before reactivating.",0.0,0.0,0.0,0.0,0.5398,0,0,0.0,0.0
OP0279,CU0279,EM0002,BR0001,CP1003,Customer 279,33,Mass,118608.74,1,Professional,Tier 1,1,0,1,1,0,0,0,0,134465.35,1,8,16,4,1,1,86,Accepted,2,0,761,Mature,Digital,Insurance,1,1,2026-02-14T00:00:00,Rule-Based Recommendation Engine,838.0,0.7394,Prime,RM Priority Lead,Insurance,RM / Branch,Route to RM within 48 hours with value talking points and product rationale.,4724.39,4869.39,145.0,4724.39,0.6594,0,1,0.0,0.0
OP0280,CU0280,EM0009,BR0002,CP1003,Customer 280,28,Affluent,114518.63,1,Professional,Tier 2,1,1,1,2,0,0,0,1,244088.38,17,5,9,9,2,0,31,Clicked,0,0,699,Growth,Digital,Insurance,1,1,2026-03-25T00:00:00,Rule-Based Recommendation Engine,520.0,0.482,Low,Hold / Defer,Insurance,No Outreach,Keep out of the active audience until new engagement or relationship signals arrive.,0.0,0.0,0.0,0.0,0.402,0,0,0.0,0.0
OP0281,CU0281,EM0001,BR0001,CP1001,Customer 281,42,Affluent,94575.93,64,Salaried,Tier 2,1,1,0,3,1,0,0,1,15993.75,16,11,22,5,2,3,31,Declined,0,1,681,Growth,Digital,Credit Card,1,1,2026-01-19T00:00:00,Rule-Based Recommendation Engine,491.0,0.2883,Suppressed,Suppress,Credit Card,No Outreach,"Suppress outreach. Address service, compliance, or contact-fatigue constraints before reactivating.",0.0,0.0,0.0,0.0,0.2083,0,0,0.0,0.0
OP0282,CU0282,EM0006,BR0002,CP1004,Customer 282,38,Affluent,177933.86,48,Professional,Tier 1,1,0,1,3,0,0,1,1,344856.63,21,1,11,6,1,5,68,No Response,0,0,772,Established,Hybrid,Wealth Upgrade,1,1,2026-03-03T00:00:00,Rule-Based Recommendation Engine,900.0,0.82,Prime,RM Priority Lead,Wealth Upgrade,RM / Branch,Route to RM within 48 hours with value talking points and product rationale.,13958.18,14103.18,145.0,13958.18,0.74,1,0,1.0,16725.38
OP0283,CU0283,EM0003,BR0001,CP1003,Customer 283,50,Mass,120938.47,74,Salaried,Tier 1,0,0,1,3,0,1,0,1,88167.23,13,8,9,16,0,0,33,Opened,0,0,716,Mature,Digital,Insurance,1,1,2026-03-28T00:00:00,Rule-Based Recommendation Engine,520.0,0.4976,Low,Hold / Defer,Insurance,No Outreach,Keep out of the active audience until new engagement or relationship signals arrive.,0.0,0.0,0.0,0.0,0.4176,0,0,0.0,0.0
OP0284,CU0284,EM0006,BR0002,CP1002,Customer 284,46,Affluent,130652.09,5,Self-Employed,Tier 1,1,0,1,1,0,0,0,0,186397.72,17,8,13,7,2,4,24,No Response,0,0,712,Emerging,RM / Branch,Personal Loan,1,1,2026-01-03T00:00:00,Rule-Based Recommendation Engine,795.0,0.6835,Prime,RM Priority Lead,Personal Loan,RM / Branch,Route to RM within 48 hours with value talking points and product rationale.,6465.47,6610.47,145.0,6465.47,0.6035,1,0,0.0,0.0
OP0285,CU0285,EM0004,BR0001,CP1002,Customer 285,27,Mass,96433.85,31,Self-Employed,Tier 2,1,0,1,1,0,0,0,0,12000.0,24,1,5,12,3,0,47,No Response,0,0,705,Emerging,RM / Branch,Personal Loan,1,0,2025-11-23T00:00:00,Rule-Based Recommendation Engine,500.0,0.5509,Suppressed,Suppress,Personal Loan,No Outreach,"Suppress outreach. Address service, compliance, or contact-fatigue constraints before reactivating.",0.0,0.0,0.0,0.0,0.4709,0,0,0.0,0.0
OP0286,CU0286,EM0009,BR0002,CP1004,Customer 286,59,Affluent,180038.01,24,Salaried,Tier 1,0,1,1,3,1,0,1,0,458164.75,13,6,1,9,3,2,33,No Response,0,0,744,Mature,RM / Branch,Wealth Upgrade,1,1,2025-12-08T00:00:00,Rule-Based Recommendation Engine,894.0,0.8122,Prime,RM Priority Lead,Wealth Upgrade,RM / Branch,Route to RM within 48 hours with value talking points and product rationale.,13824.03,13969.03,145.0,13824.03,0.7322,1,0,0.0,0.0
OP0287,CU0287,EM0003,BR0001,CP1002,Customer 287,25,Mass,100547.27,1,Salaried,Tier 2,1,0,1,1,0,0,0,0,202745.28,6,4,7,0,2,2,14,No Response,0,0,773,Growth,Hybrid,Personal Loan,1,1,2025-12-18T00:00:00,Rule-Based Recommendation Engine,500.0,0.6367,Suppressed,Suppress,Personal Loan,No Outreach,"Suppress outreach. Address service, compliance, or contact-fatigue constraints before reactivating.",0.0,0.0,0.0,0.0,0.5567,0,0,0.0,0.0
OP0288,CU0288,EM0007,BR0002,CP1002,Customer 288,40,Affluent,122684.04,53,Salaried,Tier 1,1,0,1,3,1,0,0,1,286140.79,14,8,11,5,0,1,35,Declined,0,0,744,Growth,Hybrid,Personal Loan,1,1,2026-02-16T00:00:00,Rule-Based Recommendation Engine,837.0,0.7381,Prime,RM Priority Lead,Personal Loan,RM / Branch,Route to RM within 48 hours with value talking points and product rationale.,6993.53,7138.53,145.0,6993.53,0.6581,1,0,0.0,0.0
OP0289,CU0289,EM0004,BR0001,CP1002,Customer 289,35,Affluent,81013.59,33,Contract,Tier 2,1,0,1,2,0,0,0,1,152119.17,13,10,16,13,1,4,5,Opened,0,0,752,Growth,Digital,Personal Loan,1,1,2025-12-31T00:00:00,Rule-Based Recommendation Engine,500.0,0.6445,Suppressed,Suppress,Personal Loan,No Outreach,"Suppress outreach. Address service, compliance, or contact-fatigue constraints before reactivating.",0.0,0.0,0.0,0.0,0.5645,0,0,0.0,0.0
OP0290,CU0290,EM0006,BR0002,CP1004,Customer 290,33,Mass,194200.07,31,Professional,Tier 2,1,0,1,1,0,0,0,0,126809.9,11,8,13,3,0,1,76,No Response,0,0,754,Emerging,Digital,Wealth Upgrade,1,1,2026-01-16T00:00:00,Rule-Based Recommendation Engine,520.0,0.742,Low,Hold / Defer,Wealth Upgrade,No Outreach,Keep out of the active audience until new engagement or relationship signals arrive.,0.0,0.0,0.0,0.0,0.662,0,0,0.0,0.0
OP0291,CU0291,EM0003,BR0001,CP1001,Customer 291,49,Affluent,110878.41,1,Salaried,Tier 3,0,1,1,1,0,0,0,0,168846.56,6,3,9,10,1,1,69,Opened,0,0,696,Emerging,Digital,Credit Card,1,1,2026-02-02T00:00:00,Rule-Based Recommendation Engine,823.0,0.7199,Prime,RM Priority Lead,Credit Card,RM / Branch,Route to RM within 48 hours with value talking points and product rationale.,2415.54,2560.54,145.0,2415.54,0.6399,1,0,1.0,3297.5
OP0292,CU0292,EM0008,BR0002,CP1001,Customer 292,44,Mass,132497.71,33,Salaried,Tier 2,1,1,1,2,1,0,0,0,147335.67,28,6,10,1,0,0,14,No Response,0,0,782,Growth,Digital,Credit Card,1,0,2026-01-21T00:00:00,Rule-Based Recommendation Engine,500.0,0.5912,Suppressed,Suppress,Credit Card,No Outreach,"Suppress outreach. Address service, compliance, or contact-fatigue constraints before reactivating.",0.0,0.0,0.0,0.0,0.5112,0,0,0.0,0.0
OP0293,CU0293,EM0002,BR0001,CP1001,Customer 293,35,Affluent,149396.16,22,Salaried,Tier 1,1,1,1,1,0,0,0,0,212343.29,29,7,6,8,1,2,34,No Response,1,0,759,Established,RM / Branch,Credit Card,1,1,2026-03-24T00:00:00,Rule-Based Recommendation Engine,861.0,0.7693,Prime,RM Priority Lead,Credit Card,RM / Branch,Route to RM within 48 hours with value talking points and product rationale.,2591.25,2736.25,145.0,2591.25,0.6893,1,0,0.0,0.0
OP0294,CU0294,EM0008,BR0002,CP1004,Customer 294,32,Affluent,63362.85,35,Salaried,Tier 3,1,1,1,3,1,0,0,1,233746.29,13,9,12,13,1,5,44,Opened,0,0,708,Growth,Digital,Wealth Upgrade,0,1,2025-12-30T00:00:00,Rule-Based Recommendation Engine,500.0,0.7433,Suppressed,Suppress,Wealth Upgrade,No Outreach,"Suppress outreach. Address service, compliance, or contact-fatigue constraints before reactivating.",0.0,0.0,0.0,0.0,0.6633,0,0,0.0,0.0
OP0295,CU0295,EM0004,BR0001,CP1003,Customer 295,39,Mass,92358.87,36,Salaried,Tier 2,1,0,1,2,0,0,1,0,169312.88,4,4,18,12,0,0,41,Clicked,0,0,840,Established,Digital,Insurance,1,1,2026-01-25T00:00:00,Rule-Based Recommendation Engine,853.0,0.7589,Prime,RM Priority Lead,Insurance,RM / Branch,Route to RM within 48 hours with value talking points and product rationale.,4852.81,4997.81,145.0,4852.81,0.6789,1,0,0.0,0.0
OP0296,CU0296,EM0006,BR0002,CP1004,Customer 296,34,Mass,145883.16,1,Professional,Tier 1,1,0,1,2,0,0,0,1,368836.85,20,4,8,10,1,0,59,Declined,1,0,769,Established,Hybrid,Wealth Upgrade,1,1,2026-03-26T00:00:00,Rule-Based Recommendation Engine,821.0,0.7173,Prime,RM Priority Lead,Wealth Upgrade,RM / Branch,Route to RM within 48 hours with value talking points and product rationale.,12191.84,12336.84,145.0,12191.84,0.6373,1,0,0.0,0.0
OP0297,CU0297,EM0002,BR0001,CP1002,Customer 297,43,Mass,136417.64,54,Salaried,Tier 2,1,1,1,2,1,0,0,0,12000.0,32,3,12,10,0,0,18,Opened,1,0,732,Established,Digital,Personal Loan,1,1,2026-01-22T00:00:00,Rule-Based Recommendation Engine,729.0,0.5977,High,Campaign Target,Personal Loan,Digital,Push into the next campaign wave with personalization tags and channel controls.,5772.66,5780.66,8.0,5772.66,0.5177,1,0,1.0,7553.52
OP0298,CU0298,EM0008,BR0002,CP1002,Customer 298,49,Mass,98364.06,79,Contract,Tier 1,1,0,1,2,0,0,1,0,223473.69,3,4,8,7,1,1,72,Accepted,1,0,700,Established,Digital,Personal Loan,1,1,2025-12-23T00:00:00,Rule-Based Recommendation Engine,791.0,0.6783,Prime,RM Priority Lead,Personal Loan,RM / Branch,Route to RM within 48 hours with value talking points and product rationale.,6415.18,6560.18,145.0,6415.18,0.5983,1,0,0.0,0.0
OP0299,CU0299,EM0004,BR0001,CP1001,Customer 299,45,Affluent,117138.36,48,Salaried,Tier 3,1,1,1,3,0,1,1,0,438126.28,1,9,0,10,0,2,81,No Response,2,0,779,Growth,RM / Branch,Credit Card,1,1,2026-01-23T00:00:00,Rule-Based Recommendation Engine,900.0,0.82,Prime,RM Priority Lead,Credit Card,RM / Branch,Route to RM within 48 hours with value talking points and product rationale.,2771.58,2916.58,145.0,2771.58,0.74,0,1,0.0,0.0
OP0300,CU0300,EM0009,BR0002,CP1002,Customer 300,62,Affluent,152560.1,26,Salaried,Tier 1,0,0,1,2,0,0,0,1,320387.08,20,5,10,2,3,5,21,No Response,0,1,737,Growth,RM / Branch,Personal Loan,1,1,2025-11-23T00:00:00,Rule-Based Recommendation Engine,500.0,0.6562,Suppressed,Suppress,Personal Loan,No Outreach,"Suppress outreach. Address service, compliance, or contact-fatigue constraints before reactivating.",0.0,0.0,0.0,0.0,0.5762,0,0,0.0,0.0
OP0301,CU0301,EM0003,BR0001,CP1002,Customer 301,21,Mass,110002.51,19,Self-Employed,Tier 2,1,1,1,2,1,0,0,0,162610.88,18,6,3,11,1,2,97,Clicked,1,0,723,Emerging,Hybrid,Personal Loan,1,1,2025-11-19T00:00:00,Rule-Based Recommendation Engine,809.0,0.7017,Prime,RM Priority Lead,Personal Loan,RM / Branch,Route to RM within 48 hours with value talking points and product rationale.,6641.49,6786.49,145.0,6641.49,0.6217,1,0,0.0,0.0
OP0302,CU0302,EM0007,BR0002,CP1001,Customer 302,49,Mass,124266.86,54,Contract,Tier 1,1,0,1,1,0,0,0,0,147805.09,3,12,10,5,1,1,71,Clicked,0,1,788,Established,Digital,Credit Card,1,1,2025-11-10T00:00:00,Rule-Based Recommendation Engine,500.0,0.6705,Suppressed,Suppress,Credit Card,No Outreach,"Suppress outreach. Address service, compliance, or contact-fatigue constraints before reactivating.",0.0,0.0,0.0,0.0,0.5905,0,0,0.0,0.0
OP0303,CU0303,EM0002,BR0001,CP1003,Customer 303,32,Mass,101567.64,36,Self-Employed,Tier 1,1,0,1,1,0,0,0,0,124329.44,21,10,10,15,1,1,31,No Response,0,0,763,Growth,Digital,Insurance,1,1,2025-11-22T00:00:00,Rule-Based Recommendation Engine,808.0,0.7004,Prime,RM Priority Lead,Insurance,RM / Branch,Route to RM within 48 hours with value talking points and product rationale.,4467.55,4612.55,145.0,4467.55,0.6204,1,0,0.0,0.0
OP0304,CU0304,EM0008,BR0002,CP1001,Customer 304,40,Affluent,141788.02,41,Professional,Tier 2,1,1,1,2,0,0,0,1,425264.76,19,9,19,18,0,2,210,Opened,0,1,765,Growth,Digital,Credit Card,1,1,2026-04-03T00:00:00,Rule-Based Recommendation Engine,500.0,0.7602,Suppressed,Suppress,Credit Card,No Outreach,"Suppress outreach. Address service, compliance, or contact-fatigue constraints before reactivating.",0.0,0.0,0.0,0.0,0.6802,0,0,0.0,0.0
OP0305,CU0305,EM0003,BR0001,CP1001,Customer 305,41,Affluent,158019.87,61,Self-Employed,Tier 2,1,0,1,2,0,0,1,0,486197.97,9,6,9,7,1,3,120,No Response,0,0,763,Emerging,Digital,Credit Card,1,1,2026-01-16T00:00:00,Rule-Based Recommendation Engine,895.0,0.8135,Prime,RM Priority Lead,Credit Card,RM / Branch,Route to RM within 48 hours with value talking points and product rationale.,2748.46,2893.46,145.0,2748.46,0.7335,0,1,0.0,0.0
OP0306,CU0306,EM0006,BR0002,CP1001,Customer 306,22,Mass,72907.93,4,Salaried,Tier 1,1,1,1,1,0,0,0,0,73338.82,4,2,14,3,0,3,36,No Response,0,0,720,Emerging,Hybrid,Credit Card,1,1,2026-03-24T00:00:00,Rule-Based Recommendation Engine,759.0,0.6367,High,Campaign Target,Credit Card,RM / Branch,Push into the next campaign wave with personalization tags and channel controls.,2119.61,2264.61,145.0,2119.61,0.5567,1,0,0.0,0.0
OP0307,CU0307,EM0001,BR0001,CP1002,Customer 307,38,Mass,157534.69,16,Professional,Tier 1,1,1,1,2,1,0,0,0,12000.0,20,7,10,0,0,2,80,Clicked,2,0,756,Emerging,Hybrid,Personal Loan,1,1,2026-04-01T00:00:00,Rule-Based Recommendation Engine,815.0,0.7095,Prime,RM Priority Lead,Personal Loan,RM / Branch,Route to RM within 48 hours with value talking points and product rationale.,6716.93,6861.93,145.0,6716.93,0.6295,1,0,0.0,0.0
OP0308,CU0308,EM0007,BR0002,CP1003,Customer 308,35,Affluent,183001.49,27,Professional,Tier 2,1,1,1,2,0,1,0,0,545605.38,8,7,3,1,1,0,77,Accepted,0,0,684,Growth,RM / Branch,Insurance,1,1,2025-11-15T00:00:00,Rule-Based Recommendation Engine,843.0,0.7459,Prime,RM Priority Lead,Insurance,RM / Branch,Route to RM within 48 hours with value talking points and product rationale.,4767.2,4912.2,145.0,4767.2,0.6659,1,0,1.0,6246.01
OP0309,CU0309,EM0005,BR0001,CP1003,Customer 309,35,Mass,101402.76,6,Salaried,Tier 1,1,0,1,3,1,0,0,1,40894.36,9,2,1,10,0,1,31,No Response,0,0,791,Growth,Digital,Insurance,1,0,2025-11-17T00:00:00,Rule-Based Recommendation Engine,500.0,0.4729,Suppressed,Suppress,Insurance,No Outreach,"Suppress outreach. Address service, compliance, or contact-fatigue constraints before reactivating.",0.0,0.0,0.0,0.0,0.3929,0,0,0.0,0.0
OP0310,CU0310,EM0008,BR0002,CP1004,Customer 310,32,Mass,148324.6,58,Professional,Tier 2,1,1,1,2,1,0,0,0,271254.24,12,5,16,14,0,1,79,Opened,0,0,735,Emerging,Digital,Wealth Upgrade,1,1,2026-03-24T00:00:00,Rule-Based Recommendation Engine,829.0,0.7277,Prime,RM Priority Lead,Wealth Upgrade,RM / Branch,Route to RM within 48 hours with value talking points and product rationale.,12370.71,12515.71,145.0,12370.71,0.6477,1,0,0.0,0.0
OP0311,CU0311,EM0005,BR0001,CP1001,Customer 311,40,Mass,99601.32,1,Salaried,Tier 3,0,1,1,2,1,0,0,0,156563.02,9,7,9,7,1,1,13,No Response,1,0,742,Mature,Digital,Credit Card,1,1,2026-01-27T00:00:00,Rule-Based Recommendation Engine,520.0,0.5119,Low,Hold / Defer,Credit Card,No Outreach,Keep out of the active audience until new engagement or relationship signals arrive.,0.0,0.0,0.0,0.0,0.4319,0,0,0.0,0.0
OP0312,CU0312,EM0007,BR0002,CP1003,Customer 312,21,Affluent,162628.41,36,Professional,Tier 2,0,1,1,2,1,0,0,0,337739.58,20,5,3,10,1,1,36,No Response,0,0,717,Growth,Digital,Insurance,1,1,2026-01-16T00:00:00,Rule-Based Recommendation Engine,520.0,0.6978,Low,Hold / Defer,Insurance,No Outreach,Keep out of the active audience until new engagement or relationship signals arrive.,0.0,0.0,0.0,0.0,0.6178,0,0,0.0,0.0
OP0313,CU0313,EM0002,BR0001,CP1003,Customer 313,25,Mass,80593.23,1,Salaried,Tier 1,0,0,1,1,0,0,0,0,56526.11,23,2,17,3,1,1,20,No Response,0,0,707,Growth,Hybrid,Insurance,1,0,2025-12-07T00:00:00,Rule-Based Recommendation Engine,500.0,0.534,Suppressed,Suppress,Insurance,No Outreach,"Suppress outreach. Address service, compliance, or contact-fatigue constraints before reactivating.",0.0,0.0,0.0,0.0,0.454,0,0,0.0,0.0
OP0314,CU0314,EM0009,BR0002,CP1002,Customer 314,49,Affluent,121734.02,54,Salaried,Tier 3,1,1,1,2,0,0,0,1,289932.65,8,9,8,2,1,3,121,Opened,0,0,778,Growth,Hybrid,Personal Loan,1,1,2026-03-23T00:00:00,Rule-Based Recommendation Engine,863.0,0.7719,Prime,RM Priority Lead,Personal Loan,RM / Branch,Route to RM within 48 hours with value talking points and product rationale.,7320.43,7465.43,145.0,7320.43,0.6919,1,0,0.0,0.0
OP0315,CU0315,EM0003,BR0001,CP1002,Customer 315,43,Mass,69246.88,63,Salaried,Tier 1,1,0,1,1,0,0,0,0,198213.11,4,10,6,3,0,0,114,No Response,0,0,668,Established,Hybrid,Personal Loan,1,1,2025-11-13T00:00:00,Rule-Based Recommendation Engine,520.0,0.5561,Low,Hold / Defer,Personal Loan,No Outreach,Keep out of the active audience until new engagement or relationship signals arrive.,0.0,0.0,0.0,0.0,0.4761,0,0,0.0,0.0
OP0316,CU0316,EM0006,BR0002,CP1001,Customer 316,56,Affluent,134386.15,55,Salaried,Tier 2,1,1,1,2,1,0,0,0,165916.15,21,2,14,6,0,3,60,Declined,0,0,815,Established,Digital,Credit Card,1,1,2026-02-01T00:00:00,Rule-Based Recommendation Engine,520.0,0.6744,Low,Hold / Defer,Credit Card,No Outreach,Keep out of the active audience until new engagement or relationship signals arrive.,0.0,0.0,0.0,0.0,0.5944,0,0,0.0,0.0
OP0317,CU0317,EM0005,BR0001,CP1002,Customer 317,46,Affluent,106457.5,50,Salaried,Tier 1,1,0,1,1,0,0,0,0,272608.84,11,5,14,16,0,4,31,Opened,0,0,828,Established,Digital,Personal Loan,1,1,2025-11-01T00:00:00,Rule-Based Recommendation Engine,878.0,0.7914,Prime,RM Priority Lead,Personal Loan,RM / Branch,Route to RM within 48 hours with value talking points and product rationale.,7509.03,7654.03,145.0,7509.03,0.7114,1,0,0.0,0.0
OP0318,CU0318,EM0010,BR0002,CP1001,Customer 318,43,Affluent,154087.73,61,Self-Employed,Tier 2,1,0,1,4,0,1,1,1,465063.76,7,10,9,7,0,4,49,No Response,0,0,725,Growth,Hybrid,Credit Card,1,1,2026-02-24T00:00:00,Rule-Based Recommendation Engine,865.0,0.7745,Prime,RM Priority Lead,Credit Card,RM / Branch,Route to RM within 48 hours with value talking points and product rationale.,2609.74,2754.74,145.0,2609.74,0.6945,1,0,0.0,0.0
OP0319,CU0319,EM0003,BR0001,CP1001,Customer 319,45,Mass,83670.98,64,Salaried,Tier 2,0,0,1,1,0,0,0,0,43676.44,2,1,17,4,1,1,16,Accepted,1,0,678,Growth,Digital,Credit Card,1,1,2025-12-22T00:00:00,Rule-Based Recommendation Engine,663.0,0.5119,Moderate,Digital Nurture,Credit Card,Digital,Start a lighter digital journey and rescore after the next engagement signal refresh.,1812.73,1820.73,8.0,1812.73,0.4319,1,0,0.0,0.0
OP0320,CU0320,EM0008,BR0002,CP1004,Customer 320,38,Mass,101067.91,1,Salaried,Tier 1,1,1,1,2,0,0,1,0,12000.0,6,7,7,5,2,5,64,Clicked,0,0,725,Growth,Hybrid,Wealth Upgrade,1,1,2026-03-08T00:00:00,Rule-Based Recommendation Engine,520.0,0.5847,Low,Hold / Defer,Wealth Upgrade,RM / Branch,Keep out of the active audience until new engagement or relationship signals arrive.,0.0,0.0,145.0,0.0,0.5047,0,0,0.0,0.0
OP0321,CU0321,EM0001,BR0001,CP1003,Customer 321,23,Mass,47908.1,17,Contract,Tier 3,1,0,1,1,0,0,0,0,45666.08,26,11,10,14,3,0,51,No Response,0,0,651,Emerging,Digital,Insurance,1,1,2026-03-24T00:00:00,Rule-Based Recommendation Engine,520.0,0.4612,Low,Hold / Defer,Insurance,No Outreach,Keep out of the active audience until new engagement or relationship signals arrive.,0.0,0.0,0.0,0.0,0.3812,0,0,0.0,0.0
OP0322,CU0322,EM0009,BR0002,CP1004,Customer 322,58,Affluent,130397.66,59,Salaried,Tier 1,1,0,1,2,1,0,0,0,345438.25,5,5,15,2,2,2,65,Opened,1,0,722,Growth,Digital,Wealth Upgrade,1,1,2026-03-31T00:00:00,Rule-Based Recommendation Engine,900.0,0.82,Prime,RM Priority Lead,Wealth Upgrade,RM / Branch,Route to RM within 48 hours with value talking points and product rationale.,13958.18,14103.18,145.0,13958.18,0.74,1,0,1.0,18508.37
OP0323,CU0323,EM0003,BR0001,CP1002,Customer 323,52,Mass,175013.21,56,Salaried,Tier 1,1,1,1,3,0,1,1,0,12000.0,4,7,13,0,0,2,21,No Response,0,0,783,Emerging,Hybrid,Personal Loan,1,1,2025-11-10T00:00:00,Rule-Based Recommendation Engine,520.0,0.5262,Low,Hold / Defer,Personal Loan,No Outreach,Keep out of the active audience until new engagement or relationship signals arrive.,0.0,0.0,0.0,0.0,0.4462,0,0,0.0,0.0
OP0324,CU0324,EM0009,BR0002,CP1004,Customer 324,37,Affluent,144802.69,26,Professional,Tier 3,0,1,1,2,0,1,0,0,451742.82,23,5,19,0,0,2,66,Clicked,0,1,743,Growth,Hybrid,Wealth Upgrade,1,0,2026-01-26T00:00:00,Rule-Based Recommendation Engine,500.0,0.7238,Suppressed,Suppress,Wealth Upgrade,No Outreach,"Suppress outreach. Address service, compliance, or contact-fatigue constraints before reactivating.",0.0,0.0,0.0,0.0,0.6438,0,0,0.0,0.0
OP0325,CU0325,EM0001,BR0001,CP1003,Customer 325,40,Affluent,184332.76,2,Business Owner,Tier 1,0,0,1,2,1,0,0,0,415720.75,24,1,11,2,0,3,36,Clicked,0,1,606,Growth,Hybrid,Insurance,1,1,2026-02-17T00:00:00,Rule-Based Recommendation Engine,500.0,0.4898,Suppressed,Suppress,Insurance,No Outreach,"Suppress outreach. Address service, compliance, or contact-fatigue constraints before reactivating.",0.0,0.0,0.0,0.0,0.4098,0,0,0.0,0.0
OP0326,CU0326,EM0008,BR0002,CP1004,Customer 326,39,Mass,121175.63,65,Salaried,Tier 3,1,1,1,2,0,0,0,1,261677.01,19,4,7,5,3,2,51,Opened,0,0,729,Growth,Digital,Wealth Upgrade,1,1,2025-12-25T00:00:00,Rule-Based Recommendation Engine,783.0,0.6679,High,Campaign Target,Wealth Upgrade,RM / Branch,Push into the next campaign wave with personalization tags and channel controls.,11342.21,11487.21,145.0,11342.21,0.5879,0,1,0.0,0.0
OP0327,CU0327,EM0001,BR0001,CP1001,Customer 327,35,Mass,79982.87,84,Self-Employed,Tier 2,1,0,1,4,1,1,0,1,73457.03,21,4,9,12,1,0,95,Declined,0,0,755,Growth,Hybrid,Credit Card,1,1,2025-11-04T00:00:00,Rule-Based Recommendation Engine,520.0,0.5743,Low,Hold / Defer,Credit Card,No Outreach,Keep out of the active audience until new engagement or relationship signals arrive.,0.0,0.0,0.0,0.0,0.4943,0,0,0.0,0.0
OP0328,CU0328,EM0008,BR0002,CP1004,Customer 328,40,Affluent,105749.81,39,Salaried,Tier 3,1,0,1,3,1,0,1,0,208013.27,9,5,26,6,2,0,29,Declined,0,0,780,Growth,Hybrid,Wealth Upgrade,1,1,2025-12-10T00:00:00,Rule-Based Recommendation Engine,500.0,0.82,Suppressed,Suppress,Wealth Upgrade,No Outreach,"Suppress outreach. Address service, compliance, or contact-fatigue constraints before reactivating.",0.0,0.0,0.0,0.0,0.74,0,0,0.0,0.0
OP0329,CU0329,EM0001,BR0001,CP1001,Customer 329,44,Mass,163708.5,38,Business Owner,Tier 2,1,0,1,1,0,0,0,0,216858.11,22,5,8,3,1,1,46,Accepted,0,0,696,Established,Digital,Credit Card,1,1,2026-01-20T00:00:00,Rule-Based Recommendation Engine,809.0,0.7017,Prime,RM Priority Lead,Credit Card,RM / Branch,Route to RM within 48 hours with value talking points and product rationale.,2350.81,2495.81,145.0,2350.81,0.6217,0,1,0.0,0.0
OP0330,CU0330,EM0009,BR0002,CP1004,Customer 330,41,Mass,82876.62,20,Salaried,Tier 3,1,0,1,3,1,1,0,0,90905.16,1,6,17,5,1,2,11,No Response,0,0,631,Established,Digital,Wealth Upgrade,1,1,2025-11-28T00:00:00,Rule-Based Recommendation Engine,500.0,0.4859,Suppressed,Suppress,Wealth Upgrade,No Outreach,"Suppress outreach. Address service, compliance, or contact-fatigue constraints before reactivating.",0.0,0.0,0.0,0.0,0.4059,0,0,0.0,0.0
OP0331,CU0331,EM0004,BR0001,CP1001,Customer 331,46,Mass,136445.49,50,Salaried,Tier 1,0,1,1,2,0,0,1,0,245898.92,1,9,14,13,0,0,5,Clicked,1,0,725,Established,Digital,Credit Card,1,1,2026-02-15T00:00:00,Rule-Based Recommendation Engine,500.0,0.6861,Suppressed,Suppress,Credit Card,No Outreach,"Suppress outreach. Address service, compliance, or contact-fatigue constraints before reactivating.",0.0,0.0,0.0,0.0,0.6061,0,0,0.0,0.0
OP0332,CU0332,EM0009,BR0002,CP1001,Customer 332,21,Mass,109505.03,23,Self-Employed,Tier 1,1,1,1,3,1,1,0,0,49494.15,13,5,18,2,0,2,63,No Response,3,0,678,Established,Digital,Credit Card,1,1,2026-02-25T00:00:00,Rule-Based Recommendation Engine,520.0,0.4989,Low,Hold / Defer,Credit Card,No Outreach,Keep out of the active audience until new engagement or relationship signals arrive.,0.0,0.0,0.0,0.0,0.4189,0,0,0.0,0.0
OP0333,CU0333,EM0002,BR0001,CP1003,Customer 333,31,Mass,75767.09,64,Salaried,Tier 2,1,1,1,2,1,0,0,0,12000.0,22,3,13,7,0,0,161,No Response,1,0,728,Established,Hybrid,Insurance,1,1,2026-03-05T00:00:00,Rule-Based Recommendation Engine,742.0,0.6146,High,Campaign Target,Insurance,Hybrid,Push into the next campaign wave with personalization tags and channel controls.,4019.51,4047.51,28.0,4019.51,0.5346,1,0,0.0,0.0
OP0334,CU0334,EM0010,BR0002,CP1002,Customer 334,38,Affluent,183266.8,30,Business Owner,Tier 1,1,0,1,1,0,0,0,0,353790.72,12,4,0,9,0,3,52,Opened,1,0,726,Emerging,Hybrid,Personal Loan,1,1,2026-04-04T00:00:00,Rule-Based Recommendation Engine,824.0,0.7212,Prime,RM Priority Lead,Personal Loan,RM / Branch,Route to RM within 48 hours with value talking points and product rationale.,6830.09,6975.09,145.0,6830.09,0.6412,1,0,0.0,0.0
OP0335,CU0335,EM0004,BR0001,CP1001,Customer 335,40,Affluent,156001.48,65,Business Owner,Tier 2,1,1,1,2,1,0,0,0,175744.64,2,2,19,14,0,0,119,No Response,0,0,754,Established,Digital,Credit Card,1,1,2026-01-24T00:00:00,Rule-Based Recommendation Engine,520.0,0.6653,Low,Hold / Defer,Credit Card,No Outreach,Keep out of the active audience until new engagement or relationship signals arrive.,0.0,0.0,0.0,0.0,0.5853,0,0,0.0,0.0
OP0336,CU0336,EM0010,BR0002,CP1002,Customer 336,37,Mass,98186.14,1,Salaried,Tier 2,0,0,1,3,0,0,1,1,12000.0,12,2,8,5,0,1,29,Accepted,0,0,646,Growth,Digital,Personal Loan,1,1,2026-03-21T00:00:00,Rule-Based Recommendation Engine,520.0,0.4079,Low,Hold / Defer,Personal Loan,No Outreach,Keep out of the active audience until new engagement or relationship signals arrive.,0.0,0.0,0.0,0.0,0.3279,0,0,0.0,0.0
OP0337,CU0337,EM0003,BR0001,CP1001,Customer 337,32,Mass,77513.68,31,Salaried,Tier 2,1,1,1,1,0,0,0,0,78776.2,25,5,19,7,1,1,59,No Response,1,0,744,Growth,Digital,Credit Card,1,1,2026-03-31T00:00:00,Rule-Based Recommendation Engine,833.0,0.7329,Prime,RM Priority Lead,Credit Card,RM / Branch,Route to RM within 48 hours with value talking points and product rationale.,2461.78,2606.78,145.0,2461.78,0.6529,1,0,0.0,0.0
OP0338,CU0338,EM0008,BR0002,CP1001,Customer 338,21,Mass,104961.69,33,Salaried,Tier 1,1,1,0,1,0,0,0,0,130739.54,21,4,16,0,2,0,79,No Response,0,0,745,Growth,RM / Branch,Credit Card,1,1,2025-12-14T00:00:00,Rule-Based Recommendation Engine,500.0,0.6796,Suppressed,Suppress,Credit Card,No Outreach,"Suppress outreach. Address service, compliance, or contact-fatigue constraints before reactivating.",0.0,0.0,0.0,0.0,0.5996,0,0,0.0,0.0
OP0339,CU0339,EM0004,BR0001,CP1001,Customer 339,40,Mass,78630.11,59,Contract,Tier 1,0,0,1,1,0,0,0,0,82664.82,9,9,6,12,0,1,22,No Response,0,0,728,Established,Hybrid,Credit Card,1,1,2026-02-28T00:00:00,Rule-Based Recommendation Engine,765.0,0.6445,High,Campaign Target,Credit Card,Hybrid,Push into the next campaign wave with personalization tags and channel controls.,2264.36,2292.36,28.0,2264.36,0.5645,1,0,0.0,0.0
OP0340,CU0340,EM0009,BR0002,CP1003,Customer 340,22,Mass,35702.86,32,Contract,Tier 2,1,0,1,2,1,0,0,0,51613.56,13,8,9,10,0,1,54,No Response,0,0,685,Growth,Digital,Insurance,1,1,2026-02-25T00:00:00,Rule-Based Recommendation Engine,520.0,0.5574,Low,Hold / Defer,Insurance,No Outreach,Keep out of the active audience until new engagement or relationship signals arrive.,0.0,0.0,0.0,0.0,0.4774,0,0,0.0,0.0
OP0341,CU0341,EM0004,BR0001,CP1003,Customer 341,45,Mass,130310.72,22,Salaried,Tier 1,0,1,1,1,0,0,0,0,197890.93,3,7,22,6,0,0,7,No Response,0,0,761,Growth,Digital,Insurance,1,1,2026-01-11T00:00:00,Rule-Based Recommendation Engine,500.0,0.6536,Suppressed,Suppress,Insurance,No Outreach,"Suppress outreach. Address service, compliance, or contact-fatigue constraints before reactivating.",0.0,0.0,0.0,0.0,0.5736,0,0,0.0,0.0
OP0342,CU0342,EM0010,BR0002,CP1001,Customer 342,35,Mass,147130.39,1,Self-Employed,Tier 1,1,0,1,2,0,0,0,1,197575.77,12,5,0,12,0,1,58,Opened,0,1,727,Growth,Digital,Credit Card,0,1,2026-03-04T00:00:00,Rule-Based Recommendation Engine,500.0,0.5002,Suppressed,Suppress,Credit Card,No Outreach,"Suppress outreach. Address service, compliance, or contact-fatigue constraints before reactivating.",0.0,0.0,0.0,0.0,0.4202,0,0,0.0,0.0
OP0343,CU0343,EM0001,BR0001,CP1001,Customer 343,45,Mass,76843.84,8,Contract,Tier 2,0,1,1,3,1,0,0,1,214221.89,8,6,6,5,0,1,23,Clicked,0,0,751,Established,Digital,Credit Card,1,1,2026-03-05T00:00:00,Rule-Based Recommendation Engine,520.0,0.5093,Low,Hold / Defer,Credit Card,No Outreach,Keep out of the active audience until new engagement or relationship signals arrive.,0.0,0.0,0.0,0.0,0.4293,0,0,0.0,0.0
OP0344,CU0344,EM0007,BR0002,CP1001,Customer 344,27,Mass,79374.52,14,Salaried,Tier 1,1,1,1,1,0,0,0,0,154395.56,17,13,4,1,0,3,32,No Response,0,0,781,Growth,Hybrid,Credit Card,1,1,2026-02-05T00:00:00,Rule-Based Recommendation Engine,852.0,0.7576,Prime,RM Priority Lead,Credit Card,RM / Branch,Route to RM within 48 hours with value talking points and product rationale.,2549.63,2694.63,145.0,2549.63,0.6776,1,0,0.0,0.0
OP0345,CU0345,EM0002,BR0001,CP1004,Customer 345,22,Mass,154638.48,22,Business Owner,Tier 1,1,0,1,1,0,0,0,0,283759.43,10,7,10,6,3,1,94,Accepted,0,0,767,Established,Hybrid,Wealth Upgrade,1,1,2026-03-29T00:00:00,Rule-Based Recommendation Engine,817.0,0.7121,Prime,RM Priority Lead,Wealth Upgrade,RM / Branch,Route to RM within 48 hours with value talking points and product rationale.,12102.41,12247.41,145.0,12102.41,0.6321,1,0,0.0,0.0
OP0346,CU0346,EM0008,BR0002,CP1003,Customer 346,43,Affluent,225348.47,71,Professional,Tier 2,1,1,1,3,1,0,0,1,396481.7,18,3,17,15,0,4,61,Clicked,0,0,772,Emerging,Digital,Insurance,1,1,2026-01-08T00:00:00,Rule-Based Recommendation Engine,520.0,0.6887,Low,Hold / Defer,Insurance,No Outreach,Keep out of the active audience until new engagement or relationship signals arrive.,0.0,0.0,0.0,0.0,0.6087,0,0,0.0,0.0
OP0347,CU0347,EM0003,BR0001,CP1003,Customer 347,61,HNI,257582.19,33,Business Owner,Tier 1,1,0,1,1,0,0,0,0,850000.0,10,15,10,2,0,4,56,Opened,0,0,741,Emerging,Hybrid,Insurance,1,1,2026-03-19T00:00:00,Rule-Based Recommendation Engine,899.0,0.8187,Prime,RM Priority Lead,Insurance,RM / Branch,Route to RM within 48 hours with value talking points and product rationale.,5246.63,5391.63,145.0,5246.63,0.7387,1,0,1.0,6109.73
OP0348,CU0348,EM0009,BR0002,CP1004,Customer 348,38,Affluent,109565.74,64,Salaried,Tier 2,1,1,1,2,1,0,0,0,192114.52,2,5,6,8,0,4,59,No Response,0,0,773,Mature,Digital,Wealth Upgrade,1,1,2026-04-01T00:00:00,Rule-Based Recommendation Engine,873.0,0.7849,Prime,RM Priority Lead,Wealth Upgrade,RM / Branch,Route to RM within 48 hours with value talking points and product rationale.,13354.5,13499.5,145.0,13354.5,0.7049,1,0,0.0,0.0
OP0349,CU0349,EM0001,BR0001,CP1002,Customer 349,34,Affluent,131114.59,15,Salaried,Tier 2,1,1,1,1,0,0,0,0,226893.35,4,3,8,15,0,2,46,No Response,0,0,750,Emerging,Digital,Personal Loan,1,1,2026-03-03T00:00:00,Rule-Based Recommendation Engine,825.0,0.7225,Prime,RM Priority Lead,Personal Loan,RM / Branch,Route to RM within 48 hours with value talking points and product rationale.,6842.66,6987.66,145.0,6842.66,0.6425,1,0,0.0,0.0
OP0350,CU0350,EM0010,BR0002,CP1001,Customer 350,45,Affluent,138934.73,20,Self-Employed,Tier 1,1,0,1,2,1,0,0,0,212889.83,9,4,4,18,1,1,6,Clicked,0,1,707,Growth,RM / Branch,Credit Card,1,1,2026-01-08T00:00:00,Rule-Based Recommendation Engine,500.0,0.3182,Suppressed,Suppress,Credit Card,No Outreach,"Suppress outreach. Address service, compliance, or contact-fatigue constraints before reactivating.",0.0,0.0,0.0,0.0,0.2382,0,0,0.0,0.0
OP0351,CU0351,EM0002,BR0001,CP1001,Customer 351,59,Mass,132623.98,18,Salaried,Tier 1,1,1,1,2,0,0,1,0,146361.0,3,5,6,5,2,0,27,Declined,0,1,700,Growth,RM / Branch,Credit Card,1,1,2026-04-06T00:00:00,Rule-Based Recommendation Engine,500.0,0.573,Suppressed,Suppress,Credit Card,No Outreach,"Suppress outreach. Address service, compliance, or contact-fatigue constraints before reactivating.",0.0,0.0,0.0,0.0,0.493,0,0,0.0,0.0
OP0352,CU0352,EM0009,BR0002,CP1003,Customer 352,35,Mass,129295.13,14,Salaried,Tier 1,1,1,1,2,1,0,0,0,162910.8,5,2,26,8,1,0,29,Clicked,1,1,653,Established,Digital,Insurance,1,1,2026-03-19T00:00:00,Rule-Based Recommendation Engine,500.0,0.4781,Suppressed,Suppress,Insurance,No Outreach,"Suppress outreach. Address service, compliance, or contact-fatigue constraints before reactivating.",0.0,0.0,0.0,0.0,0.3981,0,0,0.0,0.0
OP0353,CU0353,EM0004,BR0001,CP1001,Customer 353,31,Affluent,108124.38,16,Salaried,Tier 2,1,0,1,2,1,0,0,0,249044.64,2,2,8,4,1,2,7,Clicked,1,0,720,Growth,Hybrid,Credit Card,1,1,2026-01-06T00:00:00,Rule-Based Recommendation Engine,500.0,0.4729,Suppressed,Suppress,Credit Card,No Outreach,"Suppress outreach. Address service, compliance, or contact-fatigue constraints before reactivating.",0.0,0.0,0.0,0.0,0.3929,0,0,0.0,0.0
OP0354,CU0354,EM0006,BR0002,CP1002,Customer 354,21,Mass,131591.7,32,Self-Employed,Tier 1,1,0,1,1,0,0,0,0,211350.32,17,5,8,13,2,0,4,Declined,0,0,667,Growth,RM / Branch,Personal Loan,1,1,2025-11-25T00:00:00,Rule-Based Recommendation Engine,500.0,0.4703,Suppressed,Suppress,Personal Loan,No Outreach,"Suppress outreach. Address service, compliance, or contact-fatigue constraints before reactivating.",0.0,0.0,0.0,0.0,0.3903,0,0,0.0,0.0
OP0355,CU0355,EM0001,BR0001,CP1003,Customer 355,55,Affluent,140533.91,82,Salaried,Tier 3,1,0,1,2,0,0,1,0,454399.73,9,5,23,10,0,2,33,Declined,0,0,815,Growth,Digital,Insurance,1,1,2025-11-27T00:00:00,Rule-Based Recommendation Engine,900.0,0.82,Prime,RM Priority Lead,Insurance,RM / Branch,Route to RM within 48 hours with value talking points and product rationale.,5255.19,5400.19,145.0,5255.19,0.74,1,0,0.0,0.0
OP0356,CU0356,EM0010,BR0002,CP1001,Customer 356,21,Mass,98838.92,23,Self-Employed,Tier 2,1,1,1,3,0,1,0,1,81874.66,27,8,0,0,0,0,44,Declined,0,0,665,Growth,Hybrid,Credit Card,1,1,2026-02-15T00:00:00,Rule-Based Recommendation Engine,647.0,0.4911,Moderate,Digital Nurture,Credit Card,Hybrid,Start a lighter digital journey and rescore after the next engagement signal refresh.,1718.74,1746.74,28.0,1718.74,0.4111,1,0,1.0,2097.62
OP0357,CU0357,EM0003,BR0001,CP1003,Customer 357,33,Mass,74737.8,7,Salaried,Tier 3,1,1,1,1,0,0,0,0,61694.37,19,4,13,2,2,1,87,Accepted,1,0,704,Growth,Digital,Insurance,1,1,2026-02-20T00:00:00,Rule-Based Recommendation Engine,760.0,0.638,High,Campaign Target,Insurance,Digital,Push into the next campaign wave with personalization tags and channel controls.,4193.61,4201.61,8.0,4193.61,0.558,0,1,0.0,0.0
OP0358,CU0358,EM0009,BR0002,CP1001,Customer 358,39,Mass,95074.95,36,Salaried,Tier 1,0,0,1,2,0,0,0,1,98351.04,18,5,10,12,1,0,90,No Response,0,0,677,Established,Digital,Credit Card,1,1,2026-01-09T00:00:00,Rule-Based Recommendation Engine,705.0,0.5665,High,Campaign Target,Credit Card,Digital,Push into the next campaign wave with personalization tags and channel controls.,2006.93,2014.93,8.0,2006.93,0.4865,1,0,0.0,0.0
OP0359,CU0359,EM0003,BR0001,CP1003,Customer 359,63,Affluent,152625.0,98,Salaried,Tier 1,1,1,1,2,1,0,0,0,269770.93,20,14,15,14,3,3,22,Clicked,0,1,723,Emerging,Digital,Insurance,1,1,2026-01-13T00:00:00,Rule-Based Recommendation Engine,500.0,0.6211,Suppressed,Suppress,Insurance,No Outreach,"Suppress outreach. Address service, compliance, or contact-fatigue constraints before reactivating.",0.0,0.0,0.0,0.0,0.5411,0,0,0.0,0.0
OP0360,CU0360,EM0010,BR0002,CP1001,Customer 360,28,Affluent,94295.81,29,Salaried,Tier 1,1,0,1,2,1,0,0,0,162420.5,22,5,13,6,2,2,37,No Response,0,0,715,Growth,Digital,Credit Card,1,1,2026-01-21T00:00:00,Rule-Based Recommendation Engine,520.0,0.5093,Low,Hold / Defer,Credit Card,No Outreach,Keep out of the active audience until new engagement or relationship signals arrive.,0.0,0.0,0.0,0.0,0.4293,0,0,0.0,0.0
OP0361,CU0361,EM0005,BR0001,CP1002,Customer 361,43,Mass,102300.34,13,Salaried,Tier 1,1,1,1,2,0,1,0,0,255898.23,3,9,13,2,1,2,106,No Response,0,0,629,Growth,Hybrid,Personal Loan,1,1,2026-03-09T00:00:00,Rule-Based Recommendation Engine,520.0,0.4391,Low,Hold / Defer,Personal Loan,No Outreach,Keep out of the active audience until new engagement or relationship signals arrive.,0.0,0.0,0.0,0.0,0.3591,0,0,0.0,0.0
OP0362,CU0362,EM0006,BR0002,CP1001,Customer 362,38,Affluent,110699.19,44,Salaried,Tier 2,1,1,1,1,0,0,0,0,120489.31,15,4,16,10,0,2,134,No Response,0,0,795,Emerging,RM / Branch,Credit Card,1,1,2026-04-01T00:00:00,Rule-Based Recommendation Engine,900.0,0.82,Prime,RM Priority Lead,Credit Card,RM / Branch,Route to RM within 48 hours with value talking points and product rationale.,2771.58,2916.58,145.0,2771.58,0.74,1,0,0.0,0.0
OP0363,CU0363,EM0004,BR0001,CP1003,Customer 363,39,Affluent,99946.86,68,Salaried,Tier 2,1,0,1,2,0,0,1,0,238748.96,5,5,10,4,1,2,73,No Response,0,0,719,Growth,Digital,Insurance,1,1,2026-03-20T00:00:00,Rule-Based Recommendation Engine,806.0,0.6978,Prime,RM Priority Lead,Insurance,RM / Branch,Route to RM within 48 hours with value talking points and product rationale.,4450.43,4595.43,145.0,4450.43,0.6178,1,0,0.0,0.0
OP0364,CU0364,EM0008,BR0002,CP1002,Customer 364,49,Affluent,146336.55,1,Salaried,Tier 1,0,0,1,3,1,0,0,1,429376.74,11,4,18,4,0,2,107,Declined,0,0,755,Mature,Hybrid,Personal Loan,1,1,2025-12-06T00:00:00,Rule-Based Recommendation Engine,859.0,0.7667,Prime,RM Priority Lead,Personal Loan,RM / Branch,Route to RM within 48 hours with value talking points and product rationale.,7270.14,7415.14,145.0,7270.14,0.6867,1,0,0.0,0.0
OP0365,CU0365,EM0001,BR0001,CP1001,Customer 365,29,Mass,82242.25,57,Salaried,Tier 3,1,1,1,3,1,1,0,0,53908.04,9,9,14,11,2,0,29,No Response,0,0,755,Growth,Digital,Credit Card,1,1,2025-11-04T00:00:00,Rule-Based Recommendation Engine,520.0,0.5665,Low,Hold / Defer,Credit Card,No Outreach,Keep out of the active audience until new engagement or relationship signals arrive.,0.0,0.0,0.0,0.0,0.4865,0,0,0.0,0.0
OP0366,CU0366,EM0010,BR0002,CP1002,Customer 366,34,Mass,81358.37,55,Salaried,Tier 1,1,1,1,1,0,0,0,0,142643.49,20,9,12,14,1,1,94,Accepted,1,0,711,Established,Digital,Personal Loan,1,0,2026-01-14T00:00:00,Rule-Based Recommendation Engine,500.0,0.7069,Suppressed,Suppress,Personal Loan,No Outreach,"Suppress outreach. Address service, compliance, or contact-fatigue constraints before reactivating.",0.0,0.0,0.0,0.0,0.6269,0,0,0.0,0.0
OP0367,CU0367,EM0002,BR0001,CP1002,Customer 367,44,Mass,92575.3,26,Contract,Tier 1,1,0,1,2,1,0,0,0,87994.95,20,6,23,11,0,1,35,Opened,0,0,645,Established,Digital,Personal Loan,1,1,2026-03-17T00:00:00,Rule-Based Recommendation Engine,520.0,0.5145,Low,Hold / Defer,Personal Loan,No Outreach,Keep out of the active audience until new engagement or relationship signals arrive.,0.0,0.0,0.0,0.0,0.4345,0,0,0.0,0.0
OP0368,CU0368,EM0008,BR0002,CP1002,Customer 368,24,Mass,108030.8,27,Self-Employed,Tier 1,0,1,1,2,1,0,0,0,12000.0,8,5,6,8,0,1,51,Opened,0,0,629,Mature,Digital,Personal Loan,1,1,2025-12-19T00:00:00,Rule-Based Recommendation Engine,520.0,0.4651,Low,Hold / Defer,Personal Loan,No Outreach,Keep out of the active audience until new engagement or relationship signals arrive.,0.0,0.0,0.0,0.0,0.3851,0,0,0.0,0.0
OP0369,CU0369,EM0001,BR0001,CP1002,Customer 369,30,HNI,255706.01,1,Business Owner,Tier 3,0,1,1,2,1,0,0,0,850000.0,22,3,7,9,1,1,54,No Response,0,0,752,Emerging,Digital,Personal Loan,0,1,2025-11-10T00:00:00,Rule-Based Recommendation Engine,500.0,0.7238,Suppressed,Suppress,Personal Loan,No Outreach,"Suppress outreach. Address service, compliance, or contact-fatigue constraints before reactivating.",0.0,0.0,0.0,0.0,0.6438,0,0,0.0,0.0
OP0370,CU0370,EM0007,BR0002,CP1002,Customer 370,35,Affluent,91580.7,39,Professional,Tier 3,1,1,1,2,1,0,0,0,96193.74,24,11,13,11,2,4,61,No Response,0,0,766,Growth,RM / Branch,Personal Loan,1,1,2026-03-14T00:00:00,Rule-Based Recommendation Engine,831.0,0.7303,Prime,RM Priority Lead,Personal Loan,RM / Branch,Route to RM within 48 hours with value talking points and product rationale.,6918.1,7063.1,145.0,6918.1,0.6503,1,0,0.0,0.0
OP0371,CU0371,EM0004,BR0001,CP1001,Customer 371,50,Mass,123729.54,23,Salaried,Tier 2,0,0,1,3,0,0,1,1,305468.99,17,3,13,6,0,1,50,Opened,0,0,700,Established,Hybrid,Credit Card,1,1,2025-12-30T00:00:00,Rule-Based Recommendation Engine,827.0,0.7251,Prime,RM Priority Lead,Credit Card,RM / Branch,Route to RM within 48 hours with value talking points and product rationale.,2434.04,2579.04,145.0,2434.04,0.6451,1,0,1.0,3256.87
OP0372,CU0372,EM0010,BR0002,CP1001,Customer 372,36,Affluent,129707.98,56,Self-Employed,Tier 3,1,0,0,1,0,0,0,0,322368.44,13,7,3,12,0,1,35,No Response,1,0,684,Growth,RM / Branch,Credit Card,1,1,2026-02-19T00:00:00,Rule-Based Recommendation Engine,500.0,0.6692,Suppressed,Suppress,Credit Card,No Outreach,"Suppress outreach. Address service, compliance, or contact-fatigue constraints before reactivating.",0.0,0.0,0.0,0.0,0.5892,0,0,0.0,0.0
OP0373,CU0373,EM0005,BR0001,CP1003,Customer 373,55,Affluent,200740.4,39,Business Owner,Tier 3,1,1,1,2,1,0,0,0,843332.9,24,4,8,12,0,2,51,Opened,0,0,719,Growth,Hybrid,Insurance,1,1,2025-12-04T00:00:00,Rule-Based Recommendation Engine,867.0,0.7771,Prime,RM Priority Lead,Insurance,RM / Branch,Route to RM within 48 hours with value talking points and product rationale.,4972.67,5117.67,145.0,4972.67,0.6971,1,0,0.0,0.0
OP0374,CU0374,EM0008,BR0002,CP1002,Customer 374,21,Mass,102368.27,33,Self-Employed,Tier 1,0,0,1,3,1,0,0,1,134951.72,7,1,23,7,1,1,59,No Response,0,0,640,Emerging,Hybrid,Personal Loan,1,1,2026-01-20T00:00:00,Rule-Based Recommendation Engine,520.0,0.5743,Low,Hold / Defer,Personal Loan,No Outreach,Keep out of the active audience until new engagement or relationship signals arrive.,0.0,0.0,0.0,0.0,0.4943,0,0,0.0,0.0
OP0375,CU0375,EM0001,BR0001,CP1001,Customer 375,38,Mass,130108.87,21,Professional,Tier 2,1,1,1,1,0,0,0,0,270709.21,17,6,15,11,1,3,9,Accepted,2,0,762,Established,Hybrid,Credit Card,1,1,2026-04-02T00:00:00,Rule-Based Recommendation Engine,500.0,0.7953,Suppressed,Suppress,Credit Card,No Outreach,"Suppress outreach. Address service, compliance, or contact-fatigue constraints before reactivating.",0.0,0.0,0.0,0.0,0.7153,0,0,0.0,0.0
OP0376,CU0376,EM0007,BR0002,CP1003,Customer 376,29,Affluent,102581.86,18,Salaried,Tier 2,1,0,1,1,0,0,0,0,159500.65,8,5,7,6,5,4,40,Accepted,1,0,732,Emerging,RM / Branch,Insurance,1,1,2026-03-01T00:00:00,Rule-Based Recommendation Engine,818.0,0.7134,Prime,RM Priority Lead,Insurance,RM / Branch,Route to RM within 48 hours with value talking points and product rationale.,4553.17,4698.17,145.0,4553.17,0.6334,0,1,0.0,0.0
OP0377,CU0377,EM0003,BR0001,CP1004,Customer 377,30,Affluent,63366.84,73,Contract,Tier 2,1,0,1,1,0,0,0,0,193838.09,11,5,17,6,0,5,20,No Response,0,0,706,Growth,Digital,Wealth Upgrade,1,1,2026-03-20T00:00:00,Rule-Based Recommendation Engine,500.0,0.7017,Suppressed,Suppress,Wealth Upgrade,No Outreach,"Suppress outreach. Address service, compliance, or contact-fatigue constraints before reactivating.",0.0,0.0,0.0,0.0,0.6217,0,0,0.0,0.0
OP0378,CU0378,EM0006,BR0002,CP1002,Customer 378,32,Affluent,181353.63,59,Business Owner,Tier 1,0,0,1,2,0,0,1,0,231997.95,20,5,23,10,0,6,93,No Response,0,0,707,Growth,Digital,Personal Loan,1,1,2026-04-08T00:00:00,Rule-Based Recommendation Engine,864.0,0.7732,Prime,RM Priority Lead,Personal Loan,RM / Branch,Route to RM within 48 hours with value talking points and product rationale.,7333.0,7478.0,145.0,7333.0,0.6932,1,0,1.0,8240.21
OP0379,CU0379,EM0002,BR0001,CP1002,Customer 379,21,Mass,89940.79,27,Salaried,Tier 2,1,1,1,2,1,0,0,0,146965.16,26,6,14,15,0,0,27,Clicked,0,1,681,Emerging,Digital,Personal Loan,1,1,2026-01-19T00:00:00,Rule-Based Recommendation Engine,500.0,0.5158,Suppressed,Suppress,Personal Loan,No Outreach,"Suppress outreach. Address service, compliance, or contact-fatigue constraints before reactivating.",0.0,0.0,0.0,0.0,0.4358,0,0,0.0,0.0
OP0380,CU0380,EM0008,BR0002,CP1004,Customer 380,21,Mass,87609.65,46,Salaried,Tier 3,0,0,1,1,0,0,0,0,12000.0,11,7,11,9,2,1,31,No Response,0,0,745,Growth,Hybrid,Wealth Upgrade,0,1,2026-03-31T00:00:00,Rule-Based Recommendation Engine,500.0,0.6107,Suppressed,Suppress,Wealth Upgrade,No Outreach,"Suppress outreach. Address service, compliance, or contact-fatigue constraints before reactivating.",0.0,0.0,0.0,0.0,0.5307,0,0,0.0,0.0
OP0381,CU0381,EM0003,BR0001,CP1001,Customer 381,49,Affluent,152135.74,17,Professional,Tier 2,1,1,1,2,0,0,0,1,272528.35,15,5,20,0,1,4,36,No Response,0,0,764,Growth,Hybrid,Credit Card,1,1,2026-02-08T00:00:00,Rule-Based Recommendation Engine,891.0,0.8083,Prime,RM Priority Lead,Credit Card,RM / Branch,Route to RM within 48 hours with value talking points and product rationale.,2729.96,2874.96,145.0,2729.96,0.7283,1,0,0.0,0.0
OP0382,CU0382,EM0009,BR0002,CP1003,Customer 382,25,Affluent,158082.48,43,Business Owner,Tier 2,0,1,1,2,1,0,0,0,353723.92,18,3,7,12,1,4,12,Opened,0,0,714,Growth,Digital,Insurance,0,1,2026-03-27T00:00:00,Rule-Based Recommendation Engine,500.0,0.6978,Suppressed,Suppress,Insurance,No Outreach,"Suppress outreach. Address service, compliance, or contact-fatigue constraints before reactivating.",0.0,0.0,0.0,0.0,0.6178,0,0,0.0,0.0
OP0383,CU0383,EM0005,BR0001,CP1002,Customer 383,41,Affluent,129839.05,60,Salaried,Tier 1,1,1,1,1,0,0,0,0,424056.15,22,9,17,7,0,4,79,No Response,0,0,770,Growth,RM / Branch,Personal Loan,1,1,2025-11-02T00:00:00,Rule-Based Recommendation Engine,900.0,0.82,Prime,RM Priority Lead,Personal Loan,RM / Branch,Route to RM within 48 hours with value talking points and product rationale.,7785.63,7930.63,145.0,7785.63,0.74,1,0,1.0,9877.62
OP0384,CU0384,EM0009,BR0002,CP1004,Customer 384,53,Mass,158781.21,37,Salaried,Tier 1,1,1,1,3,1,1,0,0,148197.87,17,10,0,7,0,2,46,Declined,0,0,819,Growth,RM / Branch,Wealth Upgrade,0,1,2026-01-08T00:00:00,Rule-Based Recommendation Engine,500.0,0.7342,Suppressed,Suppress,Wealth Upgrade,No Outreach,"Suppress outreach. Address service, compliance, or contact-fatigue constraints before reactivating.",0.0,0.0,0.0,0.0,0.6542,0,0,0.0,0.0
OP0385,CU0385,EM0002,BR0001,CP1004,Customer 385,55,Affluent,202028.52,52,Professional,Tier 2,1,1,1,3,1,0,0,1,631017.81,36,3,13,2,0,0,18,No Response,0,0,770,Growth,Digital,Wealth Upgrade,1,1,2026-02-07T00:00:00,Rule-Based Recommendation Engine,500.0,0.82,Suppressed,Suppress,Wealth Upgrade,No Outreach,"Suppress outreach. Address service, compliance, or contact-fatigue constraints before reactivating.",0.0,0.0,0.0,0.0,0.74,0,0,0.0,0.0
OP0386,CU0386,EM0006,BR0002,CP1001,Customer 386,37,Mass,102015.74,47,Salaried,Tier 1,1,1,1,2,0,0,0,1,141760.46,17,5,17,14,4,0,26,Clicked,0,0,680,Growth,Digital,Credit Card,1,1,2026-03-18T00:00:00,Rule-Based Recommendation Engine,847.0,0.7511,Prime,RM Priority Lead,Credit Card,RM / Branch,Route to RM within 48 hours with value talking points and product rationale.,2526.51,2671.51,145.0,2526.51,0.6711,1,0,0.0,0.0
OP0387,CU0387,EM0005,BR0001,CP1002,Customer 387,29,Mass,72335.03,21,Salaried,Tier 1,1,1,1,1,0,0,0,0,87540.58,31,9,14,7,1,1,106,Accepted,0,0,647,Emerging,Hybrid,Personal Loan,1,1,2025-12-24T00:00:00,Rule-Based Recommendation Engine,520.0,0.5275,Low,Hold / Defer,Personal Loan,No Outreach,Keep out of the active audience until new engagement or relationship signals arrive.,0.0,0.0,0.0,0.0,0.4475,0,0,0.0,0.0
OP0388,CU0388,EM0007,BR0002,CP1001,Customer 388,21,Mass,53178.26,21,Salaried,Tier 3,1,1,1,2,0,1,0,0,69473.05,33,11,9,16,0,1,63,Opened,0,0,759,Established,Digital,Credit Card,1,1,2026-03-31T00:00:00,Rule-Based Recommendation Engine,799.0,0.6887,Prime,RM Priority Lead,Credit Card,RM / Branch,Route to RM within 48 hours with value talking points and product rationale.,2304.57,2449.57,145.0,2304.57,0.6087,1,0,0.0,0.0
OP0389,CU0389,EM0002,BR0001,CP1004,Customer 389,50,Affluent,138131.46,52,Self-Employed,Tier 1,1,1,1,3,1,1,0,0,324411.49,15,4,10,12,1,0,28,No Response,1,0,711,Mature,Digital,Wealth Upgrade,1,1,2025-12-29T00:00:00,Rule-Based Recommendation Engine,500.0,0.8109,Suppressed,Suppress,Wealth Upgrade,No Outreach,"Suppress outreach. Address service, compliance, or contact-fatigue constraints before reactivating.",0.0,0.0,0.0,0.0,0.7309,0,0,0.0,0.0
OP0390,CU0390,EM0010,BR0002,CP1001,Customer 390,21,Mass,40734.95,35,Self-Employed,Tier 3,1,0,1,1,0,0,0,0,45378.64,10,9,17,7,2,1,35,No Response,0,0,703,Growth,Hybrid,Credit Card,1,1,2025-12-15T00:00:00,Rule-Based Recommendation Engine,717.0,0.5821,High,Campaign Target,Credit Card,Hybrid,Push into the next campaign wave with personalization tags and channel controls.,2042.41,2070.41,28.0,2042.41,0.5021,0,1,0.0,0.0
OP0391,CU0391,EM0002,BR0001,CP1003,Customer 391,55,Affluent,245992.96,23,Business Owner,Tier 2,1,0,1,1,0,0,0,0,678542.1,16,8,12,12,0,0,36,No Response,0,1,701,Mature,Digital,Insurance,1,1,2025-12-16T00:00:00,Rule-Based Recommendation Engine,500.0,0.6224,Suppressed,Suppress,Insurance,No Outreach,"Suppress outreach. Address service, compliance, or contact-fatigue constraints before reactivating.",0.0,0.0,0.0,0.0,0.5424,0,0,0.0,0.0
OP0392,CU0392,EM0006,BR0002,CP1004,Customer 392,40,Mass,132838.21,50,Salaried,Tier 1,1,1,1,2,1,0,0,0,274619.74,11,9,9,8,2,1,49,Declined,1,0,699,Established,Digital,Wealth Upgrade,1,1,2026-02-15T00:00:00,Rule-Based Recommendation Engine,799.0,0.6887,Prime,RM Priority Lead,Wealth Upgrade,RM / Branch,Route to RM within 48 hours with value talking points and product rationale.,11699.95,11844.95,145.0,11699.95,0.6087,1,0,0.0,0.0
OP0393,CU0393,EM0004,BR0001,CP1003,Customer 393,32,Mass,115657.4,25,Salaried,Tier 2,1,1,1,1,0,0,0,0,12000.0,26,6,15,11,3,2,23,Accepted,2,0,693,Emerging,Digital,Insurance,1,1,2026-03-16T00:00:00,Rule-Based Recommendation Engine,792.0,0.6796,Prime,RM Priority Lead,Insurance,RM / Branch,Route to RM within 48 hours with value talking points and product rationale.,4330.57,4475.57,145.0,4330.57,0.5996,1,0,1.0,5807.07
OP0394,CU0394,EM0007,BR0002,CP1004,Customer 394,28,Affluent,154087.28,1,Self-Employed,Tier 1,1,1,0,2,1,0,0,0,297759.57,16,6,4,11,1,2,34,No Response,0,0,707,Growth,Digital,Wealth Upgrade,1,1,2026-03-23T00:00:00,Rule-Based Recommendation Engine,500.0,0.586,Suppressed,Suppress,Wealth Upgrade,No Outreach,"Suppress outreach. Address service, compliance, or contact-fatigue constraints before reactivating.",0.0,0.0,0.0,0.0,0.506,0,0,0.0,0.0
OP0395,CU0395,EM0003,BR0001,CP1002,Customer 395,21,Mass,140070.32,56,Business Owner,Tier 1,0,1,1,2,0,0,0,1,117811.96,20,7,21,1,1,0,80,Opened,0,0,812,Established,Hybrid,Personal Loan,1,1,2026-01-03T00:00:00,Rule-Based Recommendation Engine,858.0,0.7654,Prime,RM Priority Lead,Personal Loan,RM / Branch,Route to RM within 48 hours with value talking points and product rationale.,7257.57,7402.57,145.0,7257.57,0.6854,0,1,0.0,0.0
OP0396,CU0396,EM0008,BR0002,CP1002,Customer 396,21,Affluent,120097.7,20,Salaried,Tier 1,1,1,1,2,0,0,0,1,232411.92,20,1,5,6,1,7,18,Declined,0,0,698,Growth,Digital,Personal Loan,1,1,2026-03-21T00:00:00,Rule-Based Recommendation Engine,769.0,0.6497,High,Campaign Target,Personal Loan,RM / Branch,Push into the next campaign wave with personalization tags and channel controls.,6138.57,6283.57,145.0,6138.57,0.5697,1,0,0.0,0.0
OP0397,CU0397,EM0002,BR0001,CP1003,Customer 397,47,Affluent,121766.96,71,Salaried,Tier 1,1,0,1,3,1,0,0,1,273404.07,1,2,11,6,1,5,44,Opened,0,0,661,Established,Digital,Insurance,1,1,2025-12-07T00:00:00,Rule-Based Recommendation Engine,520.0,0.4482,Low,Hold / Defer,Insurance,No Outreach,Keep out of the active audience until new engagement or relationship signals arrive.,0.0,0.0,0.0,0.0,0.3682,0,0,0.0,0.0
OP0398,CU0398,EM0010,BR0002,CP1001,Customer 398,30,Affluent,84431.5,39,Salaried,Tier 2,1,1,1,4,1,0,1,1,193963.02,9,7,0,10,4,5,35,No Response,0,0,783,Established,RM / Branch,Credit Card,1,1,2026-01-22T00:00:00,Rule-Based Recommendation Engine,520.0,0.6172,Low,Hold / Defer,Credit Card,No Outreach,Keep out of the active audience until new engagement or relationship signals arrive.,0.0,0.0,0.0,0.0,0.5372,0,0,0.0,0.0
OP0399,CU0399,EM0005,BR0001,CP1001,Customer 399,21,Mass,110717.51,16,Salaried,Tier 1,1,1,1,3,1,0,1,0,12000.0,21,5,6,14,0,1,24,No Response,2,0,833,Emerging,Digital,Credit Card,1,1,2025-12-10T00:00:00,Rule-Based Recommendation Engine,520.0,0.5964,Low,Hold / Defer,Credit Card,No Outreach,Keep out of the active audience until new engagement or relationship signals arrive.,0.0,0.0,0.0,0.0,0.5164,0,0,0.0,0.0
OP0400,CU0400,EM0009,BR0002,CP1003,Customer 400,44,Mass,193546.93,62,Professional,Tier 2,0,1,1,3,0,0,1,1,158728.66,12,6,0,9,1,0,79,No Response,0,0,741,Growth,RM / Branch,Insurance,1,1,2026-03-06T00:00:00,Rule-Based Recommendation Engine,520.0,0.5665,Low,Hold / Defer,Insurance,No Outreach,Keep out of the active audience until new engagement or relationship signals arrive.,0.0,0.0,0.0,0.0,0.4865,0,0,0.0,0.0
OP0401,CU0401,EM0003,BR0001,CP1003,Customer 401,21,Mass,75451.21,58,Salaried,Tier 3,1,1,1,2,1,0,0,0,116045.02,32,7,4,15,0,1,34,No Response,1,0,735,Growth,Digital,Insurance,1,1,2026-03-11T00:00:00,Rule-Based Recommendation Engine,520.0,0.6562,Low,Hold / Defer,Insurance,No Outreach,Keep out of the active audience until new engagement or relationship signals arrive.,0.0,0.0,0.0,0.0,0.5762,0,0,0.0,0.0
OP0402,CU0402,EM0006,BR0002,CP1002,Customer 402,21,Affluent,147503.77,41,Professional,Tier 1,1,1,1,1,0,0,0,0,428021.42,15,10,13,4,2,2,18,Declined,0,1,725,Mature,Hybrid,Personal Loan,1,1,2025-12-22T00:00:00,Rule-Based Recommendation Engine,500.0,0.5964,Suppressed,Suppress,Personal Loan,No Outreach,"Suppress outreach. Address service, compliance, or contact-fatigue constraints before reactivating.",0.0,0.0,0.0,0.0,0.5164,0,0,0.0,0.0
OP0403,CU0403,EM0004,BR0001,CP1003,Customer 403,42,Mass,118704.58,2,Salaried,Tier 1,1,0,1,1,0,0,0,0,310770.77,9,5,5,8,0,0,66,No Response,0,0,732,Growth,Hybrid,Insurance,1,1,2026-03-26T00:00:00,Rule-Based Recommendation Engine,794.0,0.6822,Prime,RM Priority Lead,Insurance,RM / Branch,Route to RM within 48 hours with value talking points and product rationale.,4347.7,4492.7,145.0,4347.7,0.6022,1,0,0.0,0.0
OP0404,CU0404,EM0009,BR0002,CP1004,Customer 404,51,Affluent,157916.89,16,Self-Employed,Tier 3,1,0,1,2,1,0,0,0,274914.92,20,7,5,1,2,6,146,No Response,1,0,760,Emerging,Hybrid,Wealth Upgrade,1,0,2026-01-14T00:00:00,Rule-Based Recommendation Engine,500.0,0.8057,Suppressed,Suppress,Wealth Upgrade,No Outreach,"Suppress outreach. Address service, compliance, or contact-fatigue constraints before reactivating.",0.0,0.0,0.0,0.0,0.7257,0,0,0.0,0.0
OP0405,CU0405,EM0005,BR0001,CP1002,Customer 405,39,Mass,91722.21,50,Salaried,Tier 3,1,1,1,2,0,0,1,0,185582.28,24,9,15,11,0,1,62,No Response,0,0,812,Emerging,Digital,Personal Loan,1,1,2026-01-12T00:00:00,Rule-Based Recommendation Engine,846.0,0.7498,Prime,RM Priority Lead,Personal Loan,RM / Branch,Route to RM within 48 hours with value talking points and product rationale.,7106.69,7251.69,145.0,7106.69,0.6698,0,1,0.0,0.0
OP0406,CU0406,EM0006,BR0002,CP1001,Customer 406,57,Mass,151350.39,1,Salaried,Tier 1,1,0,1,2,0,0,0,1,70866.35,12,10,4,7,0,1,32,Clicked,0,0,763,Growth,Digital,Credit Card,1,1,2026-02-13T00:00:00,Rule-Based Recommendation Engine,763.0,0.6419,High,Campaign Target,Credit Card,Digital,Push into the next campaign wave with personalization tags and channel controls.,2275.11,2283.11,8.0,2275.11,0.5619,1,0,0.0,0.0
OP0407,CU0407,EM0004,BR0001,CP1004,Customer 407,43,Mass,99555.08,3,Salaried,Tier 1,0,1,0,2,0,0,0,1,246693.37,21,8,15,5,1,0,3,Clicked,0,0,753,Mature,RM / Branch,Wealth Upgrade,1,1,2026-04-01T00:00:00,Rule-Based Recommendation Engine,500.0,0.456,Suppressed,Suppress,Wealth Upgrade,No Outreach,"Suppress outreach. Address service, compliance, or contact-fatigue constraints before reactivating.",0.0,0.0,0.0,0.0,0.376,0,0,0.0,0.0
OP0408,CU0408,EM0008,BR0002,CP1003,Customer 408,21,Mass,130745.88,14,Self-Employed,Tier 1,1,0,1,1,0,0,0,0,124289.55,7,5,20,6,1,1,41,Clicked,0,0,713,Established,Digital,Insurance,1,1,2025-11-07T00:00:00,Rule-Based Recommendation Engine,520.0,0.651,Low,Hold / Defer,Insurance,No Outreach,Keep out of the active audience until new engagement or relationship signals arrive.,0.0,0.0,0.0,0.0,0.571,0,0,0.0,0.0
OP0409,CU0409,EM0005,BR0001,CP1001,Customer 409,38,Affluent,134862.98,32,Professional,Tier 2,1,1,1,1,0,0,0,0,308162.18,20,6,10,12,2,1,77,No Response,0,0,687,Established,Hybrid,Credit Card,1,1,2026-02-08T00:00:00,Rule-Based Recommendation Engine,879.0,0.7927,Prime,RM Priority Lead,Credit Card,RM / Branch,Route to RM within 48 hours with value talking points and product rationale.,2674.48,2819.48,145.0,2674.48,0.7127,1,0,0.0,0.0
OP0410,CU0410,EM0010,BR0002,CP1004,Customer 410,61,HNI,259420.91,1,Business Owner,Tier 1,1,1,1,2,0,0,1,0,850000.0,6,11,9,5,0,1,46,No Response,0,0,818,Mature,Hybrid,Wealth Upgrade,1,1,2025-11-25T00:00:00,Rule-Based Recommendation Engine,900.0,0.82,Prime,RM Priority Lead,Wealth Upgrade,RM / Branch,Route to RM within 48 hours with value talking points and product rationale.,13958.18,14103.18,145.0,13958.18,0.74,1,0,0.0,0.0
OP0411,CU0411,EM0001,BR0001,CP1002,Customer 411,41,Affluent,120947.08,86,Professional,Tier 1,1,0,1,2,0,0,1,0,223456.63,26,11,15,7,1,5,9,No Response,0,0,709,Growth,Digital,Personal Loan,1,1,2025-11-25T00:00:00,Rule-Based Recommendation Engine,500.0,0.7043,Suppressed,Suppress,Personal Loan,No Outreach,"Suppress outreach. Address service, compliance, or contact-fatigue constraints before reactivating.",0.0,0.0,0.0,0.0,0.6243,0,0,0.0,0.0
OP0412,CU0412,EM0010,BR0002,CP1003,Customer 412,36,Mass,146164.55,26,Self-Employed,Tier 2,1,0,1,1,0,0,0,0,21956.07,8,5,0,3,3,1,56,Declined,0,0,778,Growth,RM / Branch,Insurance,1,1,2025-11-17T00:00:00,Rule-Based Recommendation Engine,742.0,0.6146,High,Campaign Target,Insurance,Outbound Campaign,Push into the next campaign wave with personalization tags and channel controls.,4029.51,4047.51,18.0,4029.51,0.5346,1,0,0.0,0.0
OP0413,CU0413,EM0004,BR0001,CP1001,Customer 413,31,Mass,120161.97,1,Self-Employed,Tier 1,0,0,1,1,0,0,0,0,183879.18,15,1,13,12,1,0,130,No Response,0,0,729,Mature,Digital,Credit Card,1,1,2026-03-10T00:00:00,Rule-Based Recommendation Engine,801.0,0.6913,Prime,RM Priority Lead,Credit Card,RM / Branch,Route to RM within 48 hours with value talking points and product rationale.,2313.82,2458.82,145.0,2313.82,0.6113,1,0,0.0,0.0
OP0414,CU0414,EM0007,BR0002,CP1002,Customer 414,21,Affluent,134198.08,25,Business Owner,Tier 2,0,0,1,1,0,0,0,0,373976.16,12,6,3,2,0,1,51,No Response,0,1,726,Emerging,Digital,Personal Loan,1,1,2026-01-29T00:00:00,Rule-Based Recommendation Engine,500.0,0.5652,Suppressed,Suppress,Personal Loan,No Outreach,"Suppress outreach. Address service, compliance, or contact-fatigue constraints before reactivating.",0.0,0.0,0.0,0.0,0.4852,0,0,0.0,0.0
OP0415,CU0415,EM0003,BR0001,CP1002,Customer 415,46,Mass,170595.03,20,Self-Employed,Tier 1,0,0,1,5,1,1,1,1,410239.29,24,1,13,9,1,0,83,No Response,0,1,696,Established,Digital,Personal Loan,1,1,2026-04-02T00:00:00,Rule-Based Recommendation Engine,500.0,0.4248,Suppressed,Suppress,Personal Loan,No Outreach,"Suppress outreach. Address service, compliance, or contact-fatigue constraints before reactivating.",0.0,0.0,0.0,0.0,0.3448,0,0,0.0,0.0
OP0416,CU0416,EM0008,BR0002,CP1004,Customer 416,33,Mass,121580.77,79,Self-Employed,Tier 2,1,1,1,3,1,0,1,0,214095.15,28,8,19,0,1,1,89,No Response,0,0,678,Emerging,Digital,Wealth Upgrade,1,1,2026-03-23T00:00:00,Rule-Based Recommendation Engine,520.0,0.6185,Low,Hold / Defer,Wealth Upgrade,No Outreach,Keep out of the active audience until new engagement or relationship signals arrive.,0.0,0.0,0.0,0.0,0.5385,0,0,0.0,0.0
OP0417,CU0417,EM0001,BR0001,CP1002,Customer 417,25,Mass,107002.16,68,Salaried,Tier 1,1,1,1,2,1,0,0,0,240246.25,17,5,9,9,0,1,59,Declined,0,0,752,Established,Digital,Personal Loan,1,1,2025-11-18T00:00:00,Rule-Based Recommendation Engine,825.0,0.7225,Prime,RM Priority Lead,Personal Loan,RM / Branch,Route to RM within 48 hours with value talking points and product rationale.,6842.66,6987.66,145.0,6842.66,0.6425,1,0,0.0,0.0
OP0418,CU0418,EM0009,BR0002,CP1001,Customer 418,59,Mass,133365.46,47,Self-Employed,Tier 2,1,0,1,3,1,0,0,1,38037.5,23,8,11,12,5,0,44,Declined,0,0,757,Established,RM / Branch,Credit Card,1,1,2025-12-05T00:00:00,Rule-Based Recommendation Engine,520.0,0.5275,Low,Hold / Defer,Credit Card,No Outreach,Keep out of the active audience until new engagement or relationship signals arrive.,0.0,0.0,0.0,0.0,0.4475,0,0,0.0,0.0
OP0419,CU0419,EM0001,BR0001,CP1004,Customer 419,38,Affluent,114211.01,43,Professional,Tier 1,1,1,1,3,1,1,0,0,205693.4,4,8,8,15,0,2,22,Clicked,0,0,734,Growth,Hybrid,Wealth Upgrade,1,1,2025-11-18T00:00:00,Rule-Based Recommendation Engine,500.0,0.7693,Suppressed,Suppress,Wealth Upgrade,No Outreach,"Suppress outreach. Address service, compliance, or contact-fatigue constraints before reactivating.",0.0,0.0,0.0,0.0,0.6893,0,0,0.0,0.0
OP0420,CU0420,EM0006,BR0002,CP1003,Customer 420,35,Mass,104230.74,1,Salaried,Tier 2,1,1,1,2,0,1,0,0,143935.59,18,7,13,10,2,1,32,Opened,0,0,760,Established,Digital,Insurance,1,1,2025-12-04T00:00:00,Rule-Based Recommendation Engine,808.0,0.7004,Prime,RM Priority Lead,Insurance,RM / Branch,Route to RM within 48 hours with value talking points and product rationale.,4467.55,4612.55,145.0,4467.55,0.6204,0,1,0.0,0.0
OP0421,CU0421,EM0003,BR0001,CP1001,Customer 421,44,Mass,158801.33,12,Professional,Tier 2,0,1,1,2,1,0,0,0,12000.0,14,4,13,6,1,0,20,No Response,0,0,756,Established,RM / Branch,Credit Card,1,1,2025-12-07T00:00:00,Rule-Based Recommendation Engine,500.0,0.4859,Suppressed,Suppress,Credit Card,No Outreach,"Suppress outreach. Address service, compliance, or contact-fatigue constraints before reactivating.",0.0,0.0,0.0,0.0,0.4059,0,0,0.0,0.0
OP0422,CU0422,EM0009,BR0002,CP1004,Customer 422,30,Affluent,77101.41,40,Salaried,Tier 1,0,1,1,1,0,0,0,0,139561.63,28,8,13,6,2,5,5,No Response,0,0,740,Established,RM / Branch,Wealth Upgrade,1,1,2025-11-14T00:00:00,Rule-Based Recommendation Engine,500.0,0.6913,Suppressed,Suppress,Wealth Upgrade,No Outreach,"Suppress outreach. Address service, compliance, or contact-fatigue constraints before reactivating.",0.0,0.0,0.0,0.0,0.6113,0,0,0.0,0.0
OP0423,CU0423,EM0002,BR0001,CP1002,Customer 423,34,Affluent,103646.46,21,Self-Employed,Tier 1,1,0,1,1,0,0,0,0,206539.91,17,4,19,3,1,1,80,No Response,0,0,761,Growth,Hybrid,Personal Loan,1,1,2026-01-06T00:00:00,Rule-Based Recommendation Engine,843.0,0.7459,Prime,RM Priority Lead,Personal Loan,RM / Branch,Route to RM within 48 hours with value talking points and product rationale.,7068.97,7213.97,145.0,7068.97,0.6659,1,0,1.0,9394.54
OP0424,CU0424,EM0010,BR0002,CP1002,Customer 424,53,Mass,186854.22,54,Professional,Tier 3,1,0,1,2,1,0,0,0,192159.32,22,3,9,0,0,1,70,No Response,2,0,701,Established,Digital,Personal Loan,1,1,2026-01-15T00:00:00,Rule-Based Recommendation Engine,862.0,0.7706,Prime,RM Priority Lead,Personal Loan,RM / Branch,Route to RM within 48 hours with value talking points and product rationale.,7307.86,7452.86,145.0,7307.86,0.6906,1,0,0.0,0.0
OP0425,CU0425,EM0004,BR0001,CP1002,Customer 425,31,Mass,70503.46,68,Salaried,Tier 3,1,0,1,2,1,0,0,0,67824.83,16,6,16,9,1,1,44,Clicked,1,0,813,Growth,Digital,Personal Loan,1,1,2026-03-13T00:00:00,Rule-Based Recommendation Engine,820.0,0.716,Prime,RM Priority Lead,Personal Loan,RM / Branch,Route to RM within 48 hours with value talking points and product rationale.,6779.79,6924.79,145.0,6779.79,0.636,1,0,1.0,9151.11
OP0426,CU0426,EM0006,BR0002,CP1002,Customer 426,42,Affluent,73594.46,24,Salaried,Tier 3,1,0,1,2,0,0,0,1,94639.21,1,7,0,0,3,1,40,Clicked,1,0,762,Established,RM / Branch,Personal Loan,0,1,2025-12-23T00:00:00,Rule-Based Recommendation Engine,500.0,0.6159,Suppressed,Suppress,Personal Loan,No Outreach,"Suppress outreach. Address service, compliance, or contact-fatigue constraints before reactivating.",0.0,0.0,0.0,0.0,0.5359,0,0,0.0,0.0
OP0427,CU0427,EM0002,BR0001,CP1001,Customer 427,48,Affluent,188394.1,64,Professional,Tier 1,1,1,1,3,0,1,0,1,472706.8,6,2,1,12,0,4,27,Opened,0,0,741,Established,RM / Branch,Credit Card,1,1,2026-03-12T00:00:00,Rule-Based Recommendation Engine,900.0,0.82,Prime,RM Priority Lead,Credit Card,RM / Branch,Route to RM within 48 hours with value talking points and product rationale.,2771.58,2916.58,145.0,2771.58,0.74,0,1,0.0,0.0
OP0428,CU0428,EM0009,BR0002,CP1004,Customer 428,29,Affluent,66303.56,53,Self-Employed,Tier 2,1,1,1,2,1,0,0,0,105939.02,23,10,5,4,0,2,14,Clicked,0,0,700,Emerging,RM / Branch,Wealth Upgrade,1,1,2025-11-14T00:00:00,Rule-Based Recommendation Engine,500.0,0.6341,Suppressed,Suppress,Wealth Upgrade,No Outreach,"Suppress outreach. Address service, compliance, or contact-fatigue constraints before reactivating.",0.0,0.0,0.0,0.0,0.5541,0,0,0.0,0.0
OP0429,CU0429,EM0001,BR0001,CP1001,Customer 429,58,Mass,114319.99,71,Salaried,Tier 1,1,1,1,3,1,0,1,0,85036.35,11,6,6,15,1,0,16,Clicked,1,0,719,Established,Digital,Credit Card,1,1,2026-02-13T00:00:00,Rule-Based Recommendation Engine,520.0,0.5223,Low,Hold / Defer,Credit Card,No Outreach,Keep out of the active audience until new engagement or relationship signals arrive.,0.0,0.0,0.0,0.0,0.4423,0,0,0.0,0.0
OP0430,CU0430,EM0009,BR0002,CP1002,Customer 430,26,Mass,139486.66,9,Self-Employed,Tier 1,0,0,1,1,0,0,0,0,90643.92,20,1,14,9,2,1,47,No Response,1,0,650,Emerging,RM / Branch,Personal Loan,0,1,2026-01-17T00:00:00,Rule-Based Recommendation Engine,500.0,0.5067,Suppressed,Suppress,Personal Loan,No Outreach,"Suppress outreach. Address service, compliance, or contact-fatigue constraints before reactivating.",0.0,0.0,0.0,0.0,0.4267,0,0,0.0,0.0
OP0431,CU0431,EM0002,BR0001,CP1003,Customer 431,47,Mass,117739.08,44,Salaried,Tier 3,1,1,1,3,1,0,0,1,105031.25,15,3,17,10,3,2,78,No Response,0,0,692,Growth,Digital,Insurance,1,1,2026-03-13T00:00:00,Rule-Based Recommendation Engine,520.0,0.5496,Low,Hold / Defer,Insurance,No Outreach,Keep out of the active audience until new engagement or relationship signals arrive.,0.0,0.0,0.0,0.0,0.4696,0,0,0.0,0.0
OP0432,CU0432,EM0008,BR0002,CP1001,Customer 432,34,Mass,68592.25,7,Salaried,Tier 1,1,1,1,2,1,0,0,0,96826.2,18,4,7,19,0,0,52,Opened,1,1,716,Emerging,Digital,Credit Card,1,1,2025-11-05T00:00:00,Rule-Based Recommendation Engine,500.0,0.3546,Suppressed,Suppress,Credit Card,No Outreach,"Suppress outreach. Address service, compliance, or contact-fatigue constraints before reactivating.",0.0,0.0,0.0,0.0,0.2746,0,0,0.0,0.0
OP0433,CU0433,EM0003,BR0001,CP1003,Customer 433,43,Mass,125346.4,36,Salaried,Tier 3,1,1,1,2,1,0,0,0,31196.67,15,7,2,7,1,0,21,No Response,0,0,719,Emerging,Digital,Insurance,1,1,2026-02-06T00:00:00,Rule-Based Recommendation Engine,500.0,0.573,Suppressed,Suppress,Insurance,No Outreach,"Suppress outreach. Address service, compliance, or contact-fatigue constraints before reactivating.",0.0,0.0,0.0,0.0,0.493,0,0,0.0,0.0
OP0434,CU0434,EM0007,BR0002,CP1001,Customer 434,32,Mass,77666.84,1,Contract,Tier 1,0,1,1,1,0,0,0,0,126079.87,35,7,19,10,1,3,12,Clicked,0,1,685,Growth,Digital,Credit Card,1,1,2025-11-28T00:00:00,Rule-Based Recommendation Engine,500.0,0.5522,Suppressed,Suppress,Credit Card,No Outreach,"Suppress outreach. Address service, compliance, or contact-fatigue constraints before reactivating.",0.0,0.0,0.0,0.0,0.4722,0,0,0.0,0.0
OP0435,CU0435,EM0005,BR0001,CP1001,Customer 435,48,Mass,162556.06,41,Professional,Tier 1,1,1,1,1,0,0,0,0,75182.82,11,5,6,9,2,1,43,Opened,0,0,682,Growth,Hybrid,Credit Card,1,1,2026-02-27T00:00:00,Rule-Based Recommendation Engine,793.0,0.6809,Prime,RM Priority Lead,Credit Card,RM / Branch,Route to RM within 48 hours with value talking points and product rationale.,2276.83,2421.83,145.0,2276.83,0.6009,1,0,0.0,0.0
OP0436,CU0436,EM0008,BR0002,CP1002,Customer 436,43,Affluent,169911.31,43,Professional,Tier 1,1,1,1,2,0,1,0,0,452991.68,29,8,17,7,0,2,140,No Response,0,0,753,Established,Hybrid,Personal Loan,1,1,2025-11-01T00:00:00,Rule-Based Recommendation Engine,520.0,0.6471,Low,Hold / Defer,Personal Loan,No Outreach,Keep out of the active audience until new engagement or relationship signals arrive.,0.0,0.0,0.0,0.0,0.5671,0,0,0.0,0.0
OP0437,CU0437,EM0003,BR0001,CP1003,Customer 437,44,Affluent,131286.96,73,Professional,Tier 1,1,1,1,1,0,0,0,0,390728.64,14,10,6,0,2,4,69,Clicked,0,0,683,Established,RM / Branch,Insurance,1,1,2026-01-02T00:00:00,Rule-Based Recommendation Engine,872.0,0.7836,Prime,RM Priority Lead,Insurance,RM / Branch,Route to RM within 48 hours with value talking points and product rationale.,5015.48,5160.48,145.0,5015.48,0.7036,1,0,1.0,6245.03
OP0438,CU0438,EM0008,BR0002,CP1001,Customer 438,40,Mass,101765.01,44,Salaried,Tier 1,1,0,1,3,0,0,1,1,226950.04,11,6,16,6,2,4,126,Opened,1,0,697,Growth,Hybrid,Credit Card,1,1,2025-12-25T00:00:00,Rule-Based Recommendation Engine,863.0,0.7719,Prime,RM Priority Lead,Credit Card,RM / Branch,Route to RM within 48 hours with value talking points and product rationale.,2600.49,2745.49,145.0,2600.49,0.6919,1,0,0.0,0.0
OP0439,CU0439,EM0005,BR0001,CP1002,Customer 439,52,Affluent,125492.91,1,Salaried,Tier 1,1,1,1,3,1,0,0,1,191638.73,22,7,9,4,1,4,42,Clicked,0,0,760,Established,Digital,Personal Loan,1,1,2026-02-28T00:00:00,Rule-Based Recommendation Engine,813.0,0.7069,Prime,RM Priority Lead,Personal Loan,RM / Branch,Route to RM within 48 hours with value talking points and product rationale.,6691.78,6836.78,145.0,6691.78,0.6269,1,0,0.0,0.0
OP0440,CU0440,EM0008,BR0002,CP1002,Customer 440,41,Affluent,174233.4,14,Professional,Tier 1,0,1,1,1,0,0,0,0,531264.25,29,7,0,8,1,1,34,No Response,0,0,751,Growth,Digital,Personal Loan,0,1,2026-02-12T00:00:00,Rule-Based Recommendation Engine,500.0,0.6965,Suppressed,Suppress,Personal Loan,No Outreach,"Suppress outreach. Address service, compliance, or contact-fatigue constraints before reactivating.",0.0,0.0,0.0,0.0,0.6165,0,0,0.0,0.0
OP0441,CU0441,EM0001,BR0001,CP1004,Customer 441,38,Affluent,90945.01,49,Salaried,Tier 2,1,1,1,3,1,0,0,1,249299.14,26,7,15,4,1,1,46,No Response,1,0,779,Emerging,RM / Branch,Wealth Upgrade,1,1,2026-01-16T00:00:00,Rule-Based Recommendation Engine,871.0,0.7823,Prime,RM Priority Lead,Wealth Upgrade,RM / Branch,Route to RM within 48 hours with value talking points and product rationale.,13309.78,13454.78,145.0,13309.78,0.7023,1,0,0.0,0.0
OP0442,CU0442,EM0006,BR0002,CP1003,Customer 442,35,Mass,97936.37,1,Salaried,Tier 3,1,1,1,2,1,0,0,0,63150.07,15,8,6,9,3,0,56,No Response,0,0,802,Established,RM / Branch,Insurance,1,1,2025-11-17T00:00:00,Rule-Based Recommendation Engine,775.0,0.6575,High,Campaign Target,Insurance,Outbound Campaign,Push into the next campaign wave with personalization tags and channel controls.,4312.03,4330.03,18.0,4312.03,0.5775,1,0,0.0,0.0
OP0443,CU0443,EM0002,BR0001,CP1003,Customer 443,52,Affluent,155805.6,1,Self-Employed,Tier 1,1,0,1,1,0,0,0,0,351061.3,24,8,0,7,0,3,76,Clicked,0,0,671,Growth,RM / Branch,Insurance,1,1,2026-04-01T00:00:00,Rule-Based Recommendation Engine,694.0,0.5522,Moderate,Digital Nurture,Insurance,RM / Branch,Start a lighter digital journey and rescore after the next engagement signal refresh.,3491.57,3636.57,145.0,3491.57,0.4722,1,0,0.0,0.0
OP0444,CU0444,EM0010,BR0002,CP1001,Customer 444,36,Mass,87116.47,1,Salaried,Tier 3,1,1,1,3,1,0,0,1,85958.32,14,12,15,9,2,3,20,No Response,0,0,685,Established,Digital,Credit Card,1,1,2025-11-10T00:00:00,Rule-Based Recommendation Engine,520.0,0.4391,Low,Hold / Defer,Credit Card,No Outreach,Keep out of the active audience until new engagement or relationship signals arrive.,0.0,0.0,0.0,0.0,0.3591,0,0,0.0,0.0
OP0445,CU0445,EM0001,BR0001,CP1003,Customer 445,35,Mass,71346.2,16,Salaried,Tier 3,1,0,1,2,0,0,0,1,105859.99,7,9,15,12,1,2,70,Accepted,3,0,760,Established,Hybrid,Insurance,1,1,2025-12-28T00:00:00,Rule-Based Recommendation Engine,520.0,0.5652,Low,Hold / Defer,Insurance,No Outreach,Keep out of the active audience until new engagement or relationship signals arrive.,0.0,0.0,0.0,0.0,0.4852,0,0,0.0,0.0
OP0446,CU0446,EM0009,BR0002,CP1002,Customer 446,37,Mass,126123.69,1,Salaried,Tier 2,0,1,1,4,1,1,1,0,310267.9,28,4,9,5,2,1,29,Accepted,1,0,724,Growth,Digital,Personal Loan,1,1,2025-12-24T00:00:00,Rule-Based Recommendation Engine,520.0,0.5145,Low,Hold / Defer,Personal Loan,No Outreach,Keep out of the active audience until new engagement or relationship signals arrive.,0.0,0.0,0.0,0.0,0.4345,0,0,0.0,0.0
OP0447,CU0447,EM0003,BR0001,CP1004,Customer 447,42,Affluent,128401.61,106,Salaried,Tier 2,1,1,1,1,0,0,0,0,211375.75,26,13,8,8,0,2,45,Clicked,1,0,677,Growth,RM / Branch,Wealth Upgrade,1,1,2026-03-10T00:00:00,Rule-Based Recommendation Engine,783.0,0.6679,High,Campaign Target,Wealth Upgrade,RM / Branch,Push into the next campaign wave with personalization tags and channel controls.,11342.21,11487.21,145.0,11342.21,0.5879,1,0,0.0,0.0
OP0448,CU0448,EM0007,BR0002,CP1003,Customer 448,38,Affluent,149516.51,32,Professional,Tier 1,1,1,1,2,1,0,0,0,341862.96,15,9,5,1,1,2,21,Declined,0,0,667,Established,RM / Branch,Insurance,1,1,2026-03-28T00:00:00,Rule-Based Recommendation Engine,500.0,0.599,Suppressed,Suppress,Insurance,No Outreach,"Suppress outreach. Address service, compliance, or contact-fatigue constraints before reactivating.",0.0,0.0,0.0,0.0,0.519,0,0,0.0,0.0
OP0449,CU0449,EM0005,BR0001,CP1003,Customer 449,40,Affluent,136655.31,32,Salaried,Tier 1,1,1,1,3,1,0,1,0,319702.74,11,10,14,7,2,3,17,Declined,1,0,794,Established,Digital,Insurance,1,1,2026-01-18T00:00:00,Rule-Based Recommendation Engine,500.0,0.8083,Suppressed,Suppress,Insurance,No Outreach,"Suppress outreach. Address service, compliance, or contact-fatigue constraints before reactivating.",0.0,0.0,0.0,0.0,0.7283,0,0,0.0,0.0
OP0450,CU0450,EM0008,BR0002,CP1001,Customer 450,50,Mass,132140.97,1,Self-Employed,Tier 3,1,0,1,2,0,1,0,0,232168.03,11,7,8,21,0,0,121,Declined,0,0,761,Established,Digital,Credit Card,1,1,2025-12-02T00:00:00,Rule-Based Recommendation Engine,831.0,0.7303,Prime,RM Priority Lead,Credit Card,RM / Branch,Route to RM within 48 hours with value talking points and product rationale.,2452.53,2597.53,145.0,2452.53,0.6503,1,0,0.0,0.0
OP0451,CU0451,EM0003,BR0001,CP1003,Customer 451,45,Mass,72561.83,46,Salaried,Tier 2,1,1,1,1,0,0,0,0,127886.77,24,2,19,6,1,2,38,Declined,2,0,772,Growth,Digital,Insurance,1,1,2025-12-25T00:00:00,Rule-Based Recommendation Engine,868.0,0.7784,Prime,RM Priority Lead,Insurance,RM / Branch,Route to RM within 48 hours with value talking points and product rationale.,4981.23,5126.23,145.0,4981.23,0.6984,0,1,0.0,0.0
OP0452,CU0452,EM0008,BR0002,CP1003,Customer 452,36,Mass,80272.62,14,Salaried,Tier 2,1,0,1,2,0,0,0,1,47986.97,8,5,18,9,2,0,25,Opened,0,0,759,Growth,Digital,Insurance,1,1,2026-02-23T00:00:00,Rule-Based Recommendation Engine,520.0,0.5314,Low,Hold / Defer,Insurance,No Outreach,Keep out of the active audience until new engagement or relationship signals arrive.,0.0,0.0,0.0,0.0,0.4514,0,0,0.0,0.0
OP0453,CU0453,EM0004,BR0001,CP1001,Customer 453,30,Affluent,109924.15,37,Salaried,Tier 3,1,1,1,3,1,0,0,1,304857.32,16,8,18,3,0,2,210,No Response,0,0,726,Growth,Digital,Credit Card,1,1,2026-03-23T00:00:00,Rule-Based Recommendation Engine,520.0,0.6601,Low,Hold / Defer,Credit Card,No Outreach,Keep out of the active audience until new engagement or relationship signals arrive.,0.0,0.0,0.0,0.0,0.5801,0,0,0.0,0.0
OP0454,CU0454,EM0007,BR0002,CP1002,Customer 454,31,Mass,78519.6,30,Contract,Tier 1,1,0,1,4,1,1,0,1,192446.42,26,8,0,2,3,0,46,Clicked,2,0,719,Growth,RM / Branch,Personal Loan,0,0,2026-03-07T00:00:00,Rule-Based Recommendation Engine,500.0,0.4807,Suppressed,Suppress,Personal Loan,No Outreach,"Suppress outreach. Address service, compliance, or contact-fatigue constraints before reactivating.",0.0,0.0,0.0,0.0,0.4007,0,0,0.0,0.0
OP0455,CU0455,EM0001,BR0001,CP1001,Customer 455,35,Mass,133104.97,1,Self-Employed,Tier 3,0,0,1,1,0,0,0,0,126494.78,17,10,12,2,3,0,60,No Response,0,0,725,Established,Hybrid,Credit Card,1,1,2026-02-07T00:00:00,Rule-Based Recommendation Engine,785.0,0.6705,High,Campaign Target,Credit Card,Hybrid,Push into the next campaign wave with personalization tags and channel controls.,2356.83,2384.83,28.0,2356.83,0.5905,1,0,0.0,0.0
OP0456,CU0456,EM0007,BR0002,CP1002,Customer 456,60,Affluent,143453.67,24,Salaried,Tier 1,1,1,1,2,1,0,0,0,213634.23,26,4,15,2,0,3,17,Clicked,1,0,742,Established,Hybrid,Personal Loan,1,1,2026-03-23T00:00:00,Rule-Based Recommendation Engine,813.0,0.7069,Prime,RM Priority Lead,Personal Loan,RM / Branch,Route to RM within 48 hours with value talking points and product rationale.,6691.78,6836.78,145.0,6691.78,0.6269,1,0,0.0,0.0
OP0457,CU0457,EM0001,BR0001,CP1001,Customer 457,41,Affluent,152489.12,51,Professional,Tier 1,1,1,1,2,0,0,1,0,303985.1,29,11,14,8,1,5,55,No Response,1,1,660,Established,Digital,Credit Card,1,0,2026-02-08T00:00:00,Rule-Based Recommendation Engine,500.0,0.5834,Suppressed,Suppress,Credit Card,No Outreach,"Suppress outreach. Address service, compliance, or contact-fatigue constraints before reactivating.",0.0,0.0,0.0,0.0,0.5034,0,0,0.0,0.0
OP0458,CU0458,EM0006,BR0002,CP1002,Customer 458,51,Mass,135153.44,35,Salaried,Tier 2,1,0,1,1,0,0,0,0,125961.64,13,4,8,15,2,0,35,Accepted,2,0,705,Established,RM / Branch,Personal Loan,1,1,2025-12-17T00:00:00,Rule-Based Recommendation Engine,813.0,0.7069,Prime,RM Priority Lead,Personal Loan,RM / Branch,Route to RM within 48 hours with value talking points and product rationale.,6691.78,6836.78,145.0,6691.78,0.6269,0,1,0.0,0.0
OP0459,CU0459,EM0001,BR0001,CP1004,Customer 459,21,Affluent,119686.49,47,Salaried,Tier 2,1,0,1,2,0,0,0,1,113250.54,11,5,6,0,3,4,55,Opened,0,0,777,Established,RM / Branch,Wealth Upgrade,0,1,2026-02-24T00:00:00,Rule-Based Recommendation Engine,500.0,0.7537,Suppressed,Suppress,Wealth Upgrade,No Outreach,"Suppress outreach. Address service, compliance, or contact-fatigue constraints before reactivating.",0.0,0.0,0.0,0.0,0.6737,0,0,0.0,0.0
OP0460,CU0460,EM0010,BR0002,CP1003,Customer 460,42,Mass,91873.33,58,Salaried,Tier 1,1,1,1,2,0,0,0,1,155988.24,31,10,17,15,0,1,44,Declined,0,0,640,Growth,Digital,Insurance,1,1,2026-04-01T00:00:00,Rule-Based Recommendation Engine,520.0,0.3858,Low,Hold / Defer,Insurance,No Outreach,Keep out of the active audience until new engagement or relationship signals arrive.,0.0,0.0,0.0,0.0,0.3058,0,0,0.0,0.0
OP0461,CU0461,EM0003,BR0001,CP1002,Customer 461,45,Mass,106710.51,75,Salaried,Tier 1,1,1,1,3,1,0,0,1,12000.0,23,2,14,0,0,1,89,Clicked,0,0,814,Established,Hybrid,Personal Loan,1,1,2025-11-19T00:00:00,Rule-Based Recommendation Engine,812.0,0.7056,Prime,RM Priority Lead,Personal Loan,RM / Branch,Route to RM within 48 hours with value talking points and product rationale.,6679.21,6824.21,145.0,6679.21,0.6256,1,0,1.0,8530.71
OP0462,CU0462,EM0008,BR0002,CP1002,Customer 462,23,Mass,77446.92,38,Salaried,Tier 1,1,1,1,2,0,0,0,1,13944.65,16,5,18,18,0,0,3,Opened,0,0,740,Growth,Digital,Personal Loan,1,1,2025-11-25T00:00:00,Rule-Based Recommendation Engine,500.0,0.5613,Suppressed,Suppress,Personal Loan,No Outreach,"Suppress outreach. Address service, compliance, or contact-fatigue constraints before reactivating.",0.0,0.0,0.0,0.0,0.4813,0,0,0.0,0.0
OP0463,CU0463,EM0003,BR0001,CP1001,Customer 463,24,Mass,38942.07,34,Salaried,Tier 1,1,1,1,2,1,0,0,0,49316.58,5,9,23,0,1,0,125,No Response,0,0,771,Growth,Hybrid,Credit Card,1,1,2025-12-20T00:00:00,Rule-Based Recommendation Engine,520.0,0.5249,Low,Hold / Defer,Credit Card,No Outreach,Keep out of the active audience until new engagement or relationship signals arrive.,0.0,0.0,0.0,0.0,0.4449,0,0,0.0,0.0
OP0464,CU0464,EM0008,BR0002,CP1004,Customer 464,31,Affluent,141229.47,53,Self-Employed,Tier 1,1,0,1,1,0,0,0,0,173917.38,14,7,17,0,0,2,92,Opened,0,1,701,Established,Digital,Wealth Upgrade,1,1,2026-01-09T00:00:00,Rule-Based Recommendation Engine,500.0,0.6406,Suppressed,Suppress,Wealth Upgrade,No Outreach,"Suppress outreach. Address service, compliance, or contact-fatigue constraints before reactivating.",0.0,0.0,0.0,0.0,0.5606,0,0,0.0,0.0
OP0465,CU0465,EM0004,BR0001,CP1002,Customer 465,45,Mass,198234.7,25,Professional,Tier 1,1,0,1,2,0,0,1,0,16808.96,8,6,1,1,1,0,47,Opened,0,0,775,Mature,Digital,Personal Loan,1,1,2026-03-29T00:00:00,Rule-Based Recommendation Engine,734.0,0.6042,High,Campaign Target,Personal Loan,Digital,Push into the next campaign wave with personalization tags and channel controls.,5835.52,5843.52,8.0,5835.52,0.5242,1,0,1.0,6730.96
OP0466,CU0466,EM0006,BR0002,CP1003,Customer 466,39,Mass,101946.79,37,Salaried,Tier 3,1,1,1,2,1,0,0,0,334873.7,12,11,12,14,0,1,63,No Response,0,0,789,Established,Digital,Insurance,1,1,2026-02-13T00:00:00,Rule-Based Recommendation Engine,900.0,0.82,Prime,RM Priority Lead,Insurance,RM / Branch,Route to RM within 48 hours with value talking points and product rationale.,5255.19,5400.19,145.0,5255.19,0.74,1,0,0.0,0.0
OP0467,CU0467,EM0005,BR0001,CP1002,Customer 467,34,Mass,154516.01,42,Professional,Tier 1,1,0,1,2,0,1,0,0,86692.49,21,4,13,9,0,2,23,No Response,0,0,798,Growth,Digital,Personal Loan,1,1,2026-03-29T00:00:00,Rule-Based Recommendation Engine,520.0,0.5782,Low,Hold / Defer,Personal Loan,No Outreach,Keep out of the active audience until new engagement or relationship signals arrive.,0.0,0.0,0.0,0.0,0.4982,0,0,0.0,0.0
OP0468,CU0468,EM0007,BR0002,CP1002,Customer 468,43,Mass,123954.55,54,Salaried,Tier 1,1,0,1,1,0,0,0,0,185392.0,20,9,10,9,0,2,62,Accepted,0,0,711,Emerging,Hybrid,Personal Loan,1,1,2026-03-05T00:00:00,Rule-Based Recommendation Engine,833.0,0.7329,Prime,RM Priority Lead,Personal Loan,RM / Branch,Route to RM within 48 hours with value talking points and product rationale.,6943.24,7088.24,145.0,6943.24,0.6529,1,0,1.0,8154.5
OP0469,CU0469,EM0002,BR0001,CP1004,Customer 469,23,Affluent,130104.17,49,Professional,Tier 2,1,0,1,3,0,1,0,1,476954.59,8,4,13,12,1,5,69,Clicked,2,0,788,Growth,Digital,Wealth Upgrade,1,1,2026-03-28T00:00:00,Rule-Based Recommendation Engine,900.0,0.82,Prime,RM Priority Lead,Wealth Upgrade,RM / Branch,Route to RM within 48 hours with value talking points and product rationale.,13958.18,14103.18,145.0,13958.18,0.74,0,1,0.0,0.0
OP0470,CU0470,EM0010,BR0002,CP1003,Customer 470,22,Mass,76956.18,31,Contract,Tier 1,1,0,1,1,0,0,0,0,168753.33,11,5,8,18,0,0,61,No Response,0,0,711,Established,Digital,Insurance,1,1,2026-01-12T00:00:00,Rule-Based Recommendation Engine,520.0,0.651,Low,Hold / Defer,Insurance,No Outreach,Keep out of the active audience until new engagement or relationship signals arrive.,0.0,0.0,0.0,0.0,0.571,0,0,0.0,0.0
OP0471,CU0471,EM0003,BR0001,CP1002,Customer 471,36,Affluent,123155.74,33,Salaried,Tier 1,1,0,1,2,0,0,0,1,243815.88,5,7,7,4,0,1,40,Accepted,2,0,749,Growth,Hybrid,Personal Loan,1,1,2025-12-09T00:00:00,Rule-Based Recommendation Engine,829.0,0.7277,Prime,RM Priority Lead,Personal Loan,RM / Branch,Route to RM within 48 hours with value talking points and product rationale.,6892.95,7037.95,145.0,6892.95,0.6477,1,0,0.0,0.0
OP0472,CU0472,EM0006,BR0002,CP1003,Customer 472,33,Affluent,169027.61,65,Self-Employed,Tier 1,1,0,1,5,1,1,1,1,385924.83,20,5,7,0,1,2,70,Opened,0,0,718,Mature,Digital,Insurance,1,1,2025-11-29T00:00:00,Rule-Based Recommendation Engine,520.0,0.5834,Low,Hold / Defer,Insurance,No Outreach,Keep out of the active audience until new engagement or relationship signals arrive.,0.0,0.0,0.0,0.0,0.5034,0,0,0.0,0.0
OP0473,CU0473,EM0003,BR0001,CP1004,Customer 473,27,Affluent,126509.59,40,Professional,Tier 3,1,1,1,2,1,0,0,0,346547.89,26,8,0,4,6,5,35,No Response,0,0,740,Emerging,RM / Branch,Wealth Upgrade,1,1,2025-11-21T00:00:00,Rule-Based Recommendation Engine,879.0,0.7927,Prime,RM Priority Lead,Wealth Upgrade,RM / Branch,Route to RM within 48 hours with value talking points and product rationale.,13488.65,13633.65,145.0,13488.65,0.7127,1,0,1.0,17728.52
OP0474,CU0474,EM0006,BR0002,CP1004,Customer 474,52,Affluent,178147.44,71,Professional,Tier 2,1,1,1,2,0,0,0,1,565373.05,13,5,7,8,1,2,67,No Response,0,0,737,Growth,Digital,Wealth Upgrade,1,1,2025-12-03T00:00:00,Rule-Based Recommendation Engine,900.0,0.82,Prime,RM Priority Lead,Wealth Upgrade,RM / Branch,Route to RM within 48 hours with value talking points and product rationale.,13958.18,14103.18,145.0,13958.18,0.74,0,1,1.0,18819.07
OP0475,CU0475,EM0005,BR0001,CP1004,Customer 475,45,Mass,140523.0,63,Salaried,Tier 1,1,0,1,2,0,0,0,1,145698.27,18,4,7,15,2,1,19,No Response,0,0,759,Emerging,Hybrid,Wealth Upgrade,1,1,2026-01-29T00:00:00,Rule-Based Recommendation Engine,500.0,0.6575,Suppressed,Suppress,Wealth Upgrade,No Outreach,"Suppress outreach. Address service, compliance, or contact-fatigue constraints before reactivating.",0.0,0.0,0.0,0.0,0.5775,0,0,0.0,0.0
OP0476,CU0476,EM0006,BR0002,CP1004,Customer 476,27,Mass,87017.31,43,Salaried,Tier 2,0,1,1,3,1,1,0,0,173150.91,21,4,14,10,2,0,112,Declined,0,0,726,Growth,Digital,Wealth Upgrade,1,1,2026-01-13T00:00:00,Rule-Based Recommendation Engine,520.0,0.6835,Low,Hold / Defer,Wealth Upgrade,No Outreach,Keep out of the active audience until new engagement or relationship signals arrive.,0.0,0.0,0.0,0.0,0.6035,0,0,0.0,0.0
OP0477,CU0477,EM0003,BR0001,CP1001,Customer 477,33,Mass,77365.11,45,Salaried,Tier 1,0,1,1,1,0,0,0,0,130180.51,13,7,7,0,1,2,39,No Response,0,0,726,Established,Digital,Credit Card,1,1,2025-11-22T00:00:00,Rule-Based Recommendation Engine,807.0,0.6991,Prime,RM Priority Lead,Credit Card,RM / Branch,Route to RM within 48 hours with value talking points and product rationale.,2341.56,2486.56,145.0,2341.56,0.6191,1,0,0.0,0.0
OP0478,CU0478,EM0009,BR0002,CP1003,Customer 478,28,Affluent,153035.39,51,Professional,Tier 1,1,0,1,2,0,1,0,0,544467.88,1,8,28,9,0,4,20,Opened,0,0,751,Established,Hybrid,Insurance,1,1,2026-01-08T00:00:00,Rule-Based Recommendation Engine,500.0,0.7758,Suppressed,Suppress,Insurance,No Outreach,"Suppress outreach. Address service, compliance, or contact-fatigue constraints before reactivating.",0.0,0.0,0.0,0.0,0.6958,0,0,0.0,0.0
OP0479,CU0479,EM0001,BR0001,CP1001,Customer 479,40,Affluent,175912.23,7,Professional,Tier 1,1,1,1,2,0,1,0,0,400488.14,2,1,14,8,2,4,85,Declined,1,0,758,Growth,RM / Branch,Credit Card,1,1,2026-01-04T00:00:00,Rule-Based Recommendation Engine,900.0,0.82,Prime,RM Priority Lead,Credit Card,RM / Branch,Route to RM within 48 hours with value talking points and product rationale.,2771.58,2916.58,145.0,2771.58,0.74,0,1,0.0,0.0
OP0480,CU0480,EM0007,BR0002,CP1002,Customer 480,44,Affluent,197527.45,43,Professional,Tier 1,1,0,1,1,0,0,0,0,347740.44,21,4,3,5,1,6,8,Opened,0,0,818,Established,RM / Branch,Personal Loan,1,1,2026-01-16T00:00:00,Rule-Based Recommendation Engine,500.0,0.8083,Suppressed,Suppress,Personal Loan,No Outreach,"Suppress outreach. Address service, compliance, or contact-fatigue constraints before reactivating.",0.0,0.0,0.0,0.0,0.7283,0,0,0.0,0.0
OP0481,CU0481,EM0002,BR0001,CP1003,Customer 481,39,Affluent,122865.71,10,Self-Employed,Tier 1,0,0,1,1,0,0,0,0,240146.62,11,12,14,9,2,5,77,Clicked,2,0,717,Established,Digital,Insurance,1,1,2026-03-27T00:00:00,Rule-Based Recommendation Engine,848.0,0.7524,Prime,RM Priority Lead,Insurance,RM / Branch,Route to RM within 48 hours with value talking points and product rationale.,4810.01,4955.01,145.0,4810.01,0.6724,0,1,0.0,0.0
OP0482,CU0482,EM0006,BR0002,CP1004,Customer 482,37,Affluent,87977.3,65,Salaried,Tier 3,0,0,1,1,0,0,0,0,190403.04,9,6,4,4,2,2,49,No Response,0,0,696,Growth,RM / Branch,Wealth Upgrade,1,1,2026-02-08T00:00:00,Rule-Based Recommendation Engine,807.0,0.6991,Prime,RM Priority Lead,Wealth Upgrade,RM / Branch,Route to RM within 48 hours with value talking points and product rationale.,11878.82,12023.82,145.0,11878.82,0.6191,0,1,0.0,0.0
OP0483,CU0483,EM0002,BR0001,CP1001,Customer 483,48,Affluent,189075.59,74,Business Owner,Tier 1,0,0,1,1,0,0,0,0,572835.46,14,8,3,17,1,3,37,Accepted,0,0,768,Mature,RM / Branch,Credit Card,0,1,2026-03-03T00:00:00,Rule-Based Recommendation Engine,500.0,0.82,Suppressed,Suppress,Credit Card,No Outreach,"Suppress outreach. Address service, compliance, or contact-fatigue constraints before reactivating.",0.0,0.0,0.0,0.0,0.74,0,0,0.0,0.0
OP0484,CU0484,EM0010,BR0002,CP1001,Customer 484,34,Affluent,140937.79,1,Self-Employed,Tier 1,1,1,1,1,0,0,0,0,405103.14,6,5,0,6,2,5,49,No Response,0,0,746,Growth,RM / Branch,Credit Card,1,0,2026-01-25T00:00:00,Rule-Based Recommendation Engine,500.0,0.7433,Suppressed,Suppress,Credit Card,No Outreach,"Suppress outreach. Address service, compliance, or contact-fatigue constraints before reactivating.",0.0,0.0,0.0,0.0,0.6633,0,0,0.0,0.0
OP0485,CU0485,EM0002,BR0001,CP1003,Customer 485,22,Mass,83106.78,1,Salaried,Tier 1,1,1,1,2,1,0,0,0,112593.97,14,7,12,4,0,1,97,No Response,0,0,801,Growth,Hybrid,Insurance,1,1,2026-03-22T00:00:00,Rule-Based Recommendation Engine,520.0,0.6601,Low,Hold / Defer,Insurance,No Outreach,Keep out of the active audience until new engagement or relationship signals arrive.,0.0,0.0,0.0,0.0,0.5801,0,0,0.0,0.0
OP0486,CU0486,EM0010,BR0002,CP1003,Customer 486,62,Affluent,177346.44,56,Self-Employed,Tier 2,1,0,1,1,0,0,0,0,504171.27,14,9,19,11,1,3,25,No Response,1,0,748,Emerging,Digital,Insurance,1,1,2025-12-21T00:00:00,Rule-Based Recommendation Engine,900.0,0.82,Prime,RM Priority Lead,Insurance,RM / Branch,Route to RM within 48 hours with value talking points and product rationale.,5255.19,5400.19,145.0,5255.19,0.74,1,0,0.0,0.0
OP0487,CU0487,EM0001,BR0001,CP1001,Customer 487,40,Mass,76021.58,70,Contract,Tier 3,1,0,1,2,0,0,0,1,119287.85,16,1,6,8,3,2,36,No Response,0,0,685,Established,RM / Branch,Credit Card,1,1,2026-02-27T00:00:00,Rule-Based Recommendation Engine,761.0,0.6393,High,Campaign Target,Credit Card,Outbound Campaign,Push into the next campaign wave with personalization tags and channel controls.,2255.86,2273.86,18.0,2255.86,0.5593,0,1,0.0,0.0
OP0488,CU0488,EM0008,BR0002,CP1001,Customer 488,43,Affluent,107751.5,13,Salaried,Tier 1,0,1,1,1,0,0,0,0,75689.47,18,10,12,12,2,3,4,No Response,0,0,750,Established,Digital,Credit Card,1,1,2025-12-20T00:00:00,Rule-Based Recommendation Engine,500.0,0.6757,Suppressed,Suppress,Credit Card,No Outreach,"Suppress outreach. Address service, compliance, or contact-fatigue constraints before reactivating.",0.0,0.0,0.0,0.0,0.5957,0,0,0.0,0.0
OP0489,CU0489,EM0005,BR0001,CP1001,Customer 489,21,Mass,69991.04,14,Salaried,Tier 1,1,0,1,2,1,0,0,0,22701.78,1,5,8,7,0,2,116,No Response,0,0,724,Emerging,Digital,Credit Card,1,1,2025-11-08T00:00:00,Rule-Based Recommendation Engine,520.0,0.4573,Low,Hold / Defer,Credit Card,No Outreach,Keep out of the active audience until new engagement or relationship signals arrive.,0.0,0.0,0.0,0.0,0.3773,0,0,0.0,0.0
OP0490,CU0490,EM0007,BR0002,CP1003,Customer 490,48,Affluent,179935.36,20,Professional,Tier 1,0,1,1,2,1,0,0,0,413078.14,4,4,9,0,3,2,104,Clicked,0,0,723,Growth,RM / Branch,Insurance,1,1,2025-12-22T00:00:00,Rule-Based Recommendation Engine,860.0,0.768,Prime,RM Priority Lead,Insurance,RM / Branch,Route to RM within 48 hours with value talking points and product rationale.,4912.74,5057.74,145.0,4912.74,0.688,0,1,0.0,0.0
OP0491,CU0491,EM0003,BR0001,CP1001,Customer 491,26,Affluent,63325.76,27,Contract,Tier 3,1,0,1,1,0,0,0,0,149916.02,8,11,20,1,1,4,111,Clicked,1,0,755,Growth,Hybrid,Credit Card,1,1,2025-11-04T00:00:00,Rule-Based Recommendation Engine,875.0,0.7875,Prime,RM Priority Lead,Credit Card,RM / Branch,Route to RM within 48 hours with value talking points and product rationale.,2655.98,2800.98,145.0,2655.98,0.7075,1,0,1.0,3112.15
OP0492,CU0492,EM0007,BR0002,CP1002,Customer 492,46,Affluent,127948.27,40,Self-Employed,Tier 1,0,0,1,3,1,0,1,0,360947.46,8,2,17,9,1,2,64,No Response,0,0,662,Established,Digital,Personal Loan,1,1,2026-02-05T00:00:00,Rule-Based Recommendation Engine,520.0,0.6289,Low,Hold / Defer,Personal Loan,No Outreach,Keep out of the active audience until new engagement or relationship signals arrive.,0.0,0.0,0.0,0.0,0.5489,0,0,0.0,0.0
OP0493,CU0493,EM0002,BR0001,CP1002,Customer 493,36,Mass,79814.64,10,Salaried,Tier 3,1,1,1,2,1,0,0,0,217446.56,19,7,26,11,1,2,59,No Response,0,0,791,Growth,Digital,Personal Loan,1,1,2026-01-16T00:00:00,Rule-Based Recommendation Engine,820.0,0.716,Prime,RM Priority Lead,Personal Loan,RM / Branch,Route to RM within 48 hours with value talking points and product rationale.,6779.79,6924.79,145.0,6779.79,0.636,1,0,0.0,0.0
OP0494,CU0494,EM0007,BR0002,CP1003,Customer 494,53,Affluent,220475.56,4,Business Owner,Tier 1,1,0,1,1,0,0,0,0,577779.48,14,7,4,9,4,3,70,No Response,0,0,725,Growth,Digital,Insurance,1,1,2025-12-02T00:00:00,Rule-Based Recommendation Engine,843.0,0.7459,Prime,RM Priority Lead,Insurance,RM / Branch,Route to RM within 48 hours with value talking points and product rationale.,4767.2,4912.2,145.0,4767.2,0.6659,1,0,0.0,0.0
OP0495,CU0495,EM0004,BR0001,CP1004,Customer 495,37,Mass,77951.54,66,Salaried,Tier 1,1,1,1,2,1,0,0,0,112707.15,15,7,11,9,1,2,117,No Response,0,0,764,Growth,Digital,Wealth Upgrade,1,1,2026-02-24T00:00:00,Rule-Based Recommendation Engine,520.0,0.6835,Low,Hold / Defer,Wealth Upgrade,RM / Branch,Keep out of the active audience until new engagement or relationship signals arrive.,0.0,0.0,145.0,0.0,0.6035,0,0,0.0,0.0
OP0496,CU0496,EM0008,BR0002,CP1003,Customer 496,44,Mass,115482.23,38,Professional,Tier 1,1,1,1,2,0,0,0,1,152138.51,20,9,16,9,1,1,31,No Response,0,0,820,Growth,Digital,Insurance,1,1,2026-01-03T00:00:00,Rule-Based Recommendation Engine,520.0,0.6029,Low,Hold / Defer,Insurance,No Outreach,Keep out of the active audience until new engagement or relationship signals arrive.,0.0,0.0,0.0,0.0,0.5229,0,0,0.0,0.0
OP0497,CU0497,EM0002,BR0001,CP1001,Customer 497,47,Mass,196936.53,49,Professional,Tier 1,1,1,1,1,0,0,0,0,453619.07,27,11,21,9,1,1,49,Opened,0,0,816,Established,Digital,Credit Card,1,1,2026-02-21T00:00:00,Rule-Based Recommendation Engine,900.0,0.82,Prime,RM Priority Lead,Credit Card,RM / Branch,Route to RM within 48 hours with value talking points and product rationale.,2771.58,2916.58,145.0,2771.58,0.74,1,0,0.0,0.0
OP0498,CU0498,EM0006,BR0002,CP1003,Customer 498,25,Mass,83149.87,5,Salaried,Tier 1,1,1,1,3,1,1,0,0,136224.33,17,6,6,13,1,0,54,Declined,1,0,781,Emerging,Digital,Insurance,1,1,2025-11-10T00:00:00,Rule-Based Recommendation Engine,787.0,0.6731,High,Campaign Target,Insurance,Digital,Push into the next campaign wave with personalization tags and channel controls.,4424.77,4432.77,8.0,4424.77,0.5931,1,0,1.0,5464.28
OP0499,CU0499,EM0004,BR0001,CP1001,Customer 499,34,Mass,66158.81,1,Salaried,Tier 1,1,0,1,2,1,0,0,0,91423.53,6,5,6,11,0,1,1,Opened,1,0,710,Established,Hybrid,Credit Card,1,1,2026-01-03T00:00:00,Rule-Based Recommendation Engine,500.0,0.3663,Suppressed,Suppress,Credit Card,No Outreach,"Suppress outreach. Address service, compliance, or contact-fatigue constraints before reactivating.",0.0,0.0,0.0,0.0,0.2863,0,0,0.0,0.0
OP0500,CU0500,EM0007,BR0002,CP1002,Customer 500,60,Mass,161220.42,1,Self-Employed,Tier 2,1,0,1,1,0,0,0,0,151142.78,23,7,7,5,1,3,50,Declined,0,0,693,Established,RM / Branch,Personal Loan,1,1,2026-01-23T00:00:00,Rule-Based Recommendation Engine,755.0,0.6315,High,Campaign Target,Personal Loan,RM / Branch,Push into the next campaign wave with personalization tags and channel controls.,5962.55,6107.55,145.0,5962.55,0.5515,1,0,0.0,0.0
OP0501,CU0501,EM0004,BR0001,CP1001,Customer 501,29,Affluent,86460.83,50,Salaried,Tier 1,1,1,1,2,1,0,0,0,309289.13,12,10,9,6,2,1,83,No Response,1,0,744,Established,RM / Branch,Credit Card,1,1,2025-12-29T00:00:00,Rule-Based Recommendation Engine,520.0,0.6523,Low,Hold / Defer,Credit Card,No Outreach,Keep out of the active audience until new engagement or relationship signals arrive.,0.0,0.0,0.0,0.0,0.5723,0,0,0.0,0.0
OP0502,CU0502,EM0007,BR0002,CP1001,Customer 502,47,Affluent,120799.09,68,Salaried,Tier 1,0,1,1,1,0,0,0,0,138269.65,13,4,3,17,0,3,10,Accepted,1,0,734,Growth,Digital,Credit Card,1,1,2026-02-19T00:00:00,Rule-Based Recommendation Engine,833.0,0.7329,Prime,RM Priority Lead,Credit Card,RM / Branch,Route to RM within 48 hours with value talking points and product rationale.,2461.78,2606.78,145.0,2461.78,0.6529,1,0,0.0,0.0
OP0503,CU0503,EM0005,BR0001,CP1002,Customer 503,35,Mass,108117.31,2,Salaried,Tier 1,1,1,1,2,0,0,1,0,42558.34,10,7,17,18,1,1,19,Opened,0,1,721,Established,Digital,Personal Loan,1,1,2025-11-24T00:00:00,Rule-Based Recommendation Engine,500.0,0.4326,Suppressed,Suppress,Personal Loan,No Outreach,"Suppress outreach. Address service, compliance, or contact-fatigue constraints before reactivating.",0.0,0.0,0.0,0.0,0.3526,0,0,0.0,0.0
OP0504,CU0504,EM0009,BR0002,CP1004,Customer 504,50,Mass,218256.79,1,Business Owner,Tier 1,1,0,1,2,1,0,0,0,346256.81,20,5,17,10,4,1,10,No Response,0,0,703,Established,RM / Branch,Wealth Upgrade,1,1,2026-03-02T00:00:00,Rule-Based Recommendation Engine,500.0,0.6562,Suppressed,Suppress,Wealth Upgrade,No Outreach,"Suppress outreach. Address service, compliance, or contact-fatigue constraints before reactivating.",0.0,0.0,0.0,0.0,0.5762,0,0,0.0,0.0
OP0505,CU0505,EM0001,BR0001,CP1002,Customer 505,54,Mass,130099.69,46,Salaried,Tier 1,1,1,1,2,1,0,0,0,129301.13,19,6,17,14,0,1,63,Accepted,1,1,667,Established,Hybrid,Personal Loan,1,1,2025-11-17T00:00:00,Rule-Based Recommendation Engine,500.0,0.482,Suppressed,Suppress,Personal Loan,No Outreach,"Suppress outreach. Address service, compliance, or contact-fatigue constraints before reactivating.",0.0,0.0,0.0,0.0,0.402,0,0,0.0,0.0
OP0506,CU0506,EM0009,BR0002,CP1001,Customer 506,21,Mass,151551.5,36,Professional,Tier 1,1,1,1,2,1,0,0,0,353626.36,12,4,14,13,0,0,109,No Response,0,0,787,Established,Digital,Credit Card,1,1,2025-12-26T00:00:00,Rule-Based Recommendation Engine,520.0,0.7186,Low,Hold / Defer,Credit Card,No Outreach,Keep out of the active audience until new engagement or relationship signals arrive.,0.0,0.0,0.0,0.0,0.6386,0,0,0.0,0.0
OP0507,CU0507,EM0004,BR0001,CP1003,Customer 507,42,Affluent,115969.77,49,Salaried,Tier 3,1,1,1,3,1,0,1,0,154789.55,10,6,13,12,2,4,103,Opened,1,0,754,Established,RM / Branch,Insurance,1,1,2026-02-17T00:00:00,Rule-Based Recommendation Engine,900.0,0.82,Prime,RM Priority Lead,Insurance,RM / Branch,Route to RM within 48 hours with value talking points and product rationale.,5255.19,5400.19,145.0,5255.19,0.74,0,1,0.0,0.0
OP0508,CU0508,EM0008,BR0002,CP1002,Customer 508,29,Mass,85856.6,1,Salaried,Tier 2,0,0,1,1,0,0,0,0,77154.28,8,1,21,0,0,1,21,No Response,0,1,734,Emerging,Digital,Personal Loan,1,1,2025-12-25T00:00:00,Rule-Based Recommendation Engine,500.0,0.4716,Suppressed,Suppress,Personal Loan,No Outreach,"Suppress outreach. Address service, compliance, or contact-fatigue constraints before reactivating.",0.0,0.0,0.0,0.0,0.3916,0,0,0.0,0.0
OP0509,CU0509,EM0004,BR0001,CP1001,Customer 509,36,Affluent,121641.64,49,Salaried,Tier 3,1,1,1,3,1,0,0,1,225233.33,19,5,9,1,0,3,11,Opened,0,0,717,Growth,Hybrid,Credit Card,1,1,2026-03-10T00:00:00,Rule-Based Recommendation Engine,500.0,0.5483,Suppressed,Suppress,Credit Card,No Outreach,"Suppress outreach. Address service, compliance, or contact-fatigue constraints before reactivating.",0.0,0.0,0.0,0.0,0.4683,0,0,0.0,0.0
OP0510,CU0510,EM0008,BR0002,CP1002,Customer 510,37,Mass,107525.9,1,Self-Employed,Tier 2,0,0,1,1,0,0,0,0,86215.49,8,2,4,9,1,0,19,Clicked,1,1,747,Established,Hybrid,Personal Loan,1,1,2026-03-14T00:00:00,Rule-Based Recommendation Engine,500.0,0.4846,Suppressed,Suppress,Personal Loan,No Outreach,"Suppress outreach. Address service, compliance, or contact-fatigue constraints before reactivating.",0.0,0.0,0.0,0.0,0.4046,0,0,0.0,0.0
OP0511,CU0511,EM0002,BR0001,CP1002,Customer 511,46,Mass,175656.37,30,Professional,Tier 3,1,0,1,3,1,0,1,0,317862.72,23,4,19,16,0,1,123,No Response,0,0,781,Growth,Digital,Personal Loan,1,1,2025-12-31T00:00:00,Rule-Based Recommendation Engine,890.0,0.807,Prime,RM Priority Lead,Personal Loan,RM / Branch,Route to RM within 48 hours with value talking points and product rationale.,7659.9,7804.9,145.0,7659.9,0.727,0,1,0.0,0.0
OP0512,CU0512,EM0006,BR0002,CP1003,Customer 512,21,Mass,72413.03,56,Salaried,Tier 1,1,1,1,2,1,0,0,0,78723.53,10,5,0,6,0,1,16,Declined,0,0,752,Emerging,Digital,Insurance,1,1,2025-11-09T00:00:00,Rule-Based Recommendation Engine,500.0,0.573,Suppressed,Suppress,Insurance,No Outreach,"Suppress outreach. Address service, compliance, or contact-fatigue constraints before reactivating.",0.0,0.0,0.0,0.0,0.493,0,0,0.0,0.0
OP0513,CU0513,EM0005,BR0001,CP1003,Customer 513,59,HNI,234964.05,23,Professional,Tier 2,1,0,1,1,0,0,0,0,850000.0,16,10,0,11,1,5,15,No Response,0,0,773,Established,RM / Branch,Insurance,1,1,2025-12-10T00:00:00,Rule-Based Recommendation Engine,500.0,0.7355,Suppressed,Suppress,Insurance,No Outreach,"Suppress outreach. Address service, compliance, or contact-fatigue constraints before reactivating.",0.0,0.0,0.0,0.0,0.6555,0,0,0.0,0.0
OP0514,CU0514,EM0009,BR0002,CP1004,Customer 514,53,HNI,261814.84,43,Business Owner,Tier 1,1,0,1,2,0,1,0,0,850000.0,10,8,10,4,4,1,119,Opened,0,0,736,Growth,RM / Branch,Wealth Upgrade,1,1,2025-12-20T00:00:00,Rule-Based Recommendation Engine,900.0,0.82,Prime,RM Priority Lead,Wealth Upgrade,RM / Branch,Route to RM within 48 hours with value talking points and product rationale.,13958.18,14103.18,145.0,13958.18,0.74,1,0,0.0,0.0
OP0515,CU0515,EM0002,BR0001,CP1003,Customer 515,31,Mass,116656.62,1,Self-Employed,Tier 1,1,0,1,3,0,1,1,0,226853.14,3,5,8,0,2,2,19,Opened,0,0,752,Growth,Digital,Insurance,1,1,2026-01-19T00:00:00,Rule-Based Recommendation Engine,500.0,0.6666,Suppressed,Suppress,Insurance,No Outreach,"Suppress outreach. Address service, compliance, or contact-fatigue constraints before reactivating.",0.0,0.0,0.0,0.0,0.5866,0,0,0.0,0.0
OP0516,CU0516,EM0008,BR0002,CP1003,Customer 516,49,Affluent,130192.44,42,Salaried,Tier 1,1,1,1,1,0,0,0,0,308364.25,12,4,14,13,0,1,104,No Response,0,0,737,Growth,Hybrid,Insurance,1,1,2026-01-08T00:00:00,Rule-Based Recommendation Engine,876.0,0.7888,Prime,RM Priority Lead,Insurance,RM / Branch,Route to RM within 48 hours with value talking points and product rationale.,5049.72,5194.72,145.0,5049.72,0.7088,1,0,0.0,0.0
OP0517,CU0517,EM0003,BR0001,CP1003,Customer 517,42,Affluent,110977.65,99,Salaried,Tier 1,1,1,1,1,0,0,0,0,249755.7,21,9,11,0,2,1,46,Clicked,2,0,725,Growth,Hybrid,Insurance,1,1,2026-02-19T00:00:00,Rule-Based Recommendation Engine,860.0,0.768,Prime,RM Priority Lead,Insurance,RM / Branch,Route to RM within 48 hours with value talking points and product rationale.,4912.74,5057.74,145.0,4912.74,0.688,1,0,1.0,6662.78
OP0518,CU0518,EM0006,BR0002,CP1001,Customer 518,62,Mass,177200.31,5,Salaried,Tier 2,1,0,1,2,0,0,0,1,514881.58,8,2,7,9,3,2,60,Clicked,1,0,768,Mature,RM / Branch,Credit Card,1,1,2025-11-01T00:00:00,Rule-Based Recommendation Engine,857.0,0.7641,Prime,RM Priority Lead,Credit Card,RM / Branch,Route to RM within 48 hours with value talking points and product rationale.,2572.75,2717.75,145.0,2572.75,0.6841,1,0,0.0,0.0
OP0519,CU0519,EM0005,BR0001,CP1004,Customer 519,21,Mass,89649.46,9,Self-Employed,Tier 3,1,0,1,2,1,0,0,0,73348.84,1,6,19,9,2,0,66,Clicked,0,0,742,Growth,Hybrid,Wealth Upgrade,1,1,2026-03-21T00:00:00,Rule-Based Recommendation Engine,520.0,0.6393,Low,Hold / Defer,Wealth Upgrade,No Outreach,Keep out of the active audience until new engagement or relationship signals arrive.,0.0,0.0,0.0,0.0,0.5593,0,0,0.0,0.0
OP0520,CU0520,EM0010,BR0002,CP1001,Customer 520,50,Affluent,113753.26,42,Self-Employed,Tier 1,1,0,1,3,0,0,1,1,278366.39,1,4,5,13,4,2,43,Opened,1,1,695,Growth,Digital,Credit Card,1,1,2026-01-26T00:00:00,Rule-Based Recommendation Engine,500.0,0.6146,Suppressed,Suppress,Credit Card,No Outreach,"Suppress outreach. Address service, compliance, or contact-fatigue constraints before reactivating.",0.0,0.0,0.0,0.0,0.5346,0,0,0.0,0.0
OP0521,CU0521,EM0005,BR0001,CP1003,Customer 521,30,Mass,84693.41,52,Salaried,Tier 3,0,0,1,1,0,0,0,0,94790.3,3,7,11,5,0,1,90,Declined,0,0,725,Growth,Hybrid,Insurance,1,1,2026-01-26T00:00:00,Rule-Based Recommendation Engine,758.0,0.6354,High,Campaign Target,Insurance,Hybrid,Push into the next campaign wave with personalization tags and channel controls.,4156.49,4184.49,28.0,4156.49,0.5554,1,0,0.0,0.0
OP0522,CU0522,EM0010,BR0002,CP1001,Customer 522,27,Affluent,90221.42,17,Professional,Tier 1,1,0,1,1,0,0,0,0,126035.88,5,11,14,11,0,4,80,Declined,0,0,760,Established,Digital,Credit Card,1,1,2026-01-15T00:00:00,Rule-Based Recommendation Engine,861.0,0.7693,Prime,RM Priority Lead,Credit Card,RM / Branch,Route to RM within 48 hours with value talking points and product rationale.,2591.25,2736.25,145.0,2591.25,0.6893,0,1,0.0,0.0
OP0523,CU0523,EM0004,BR0001,CP1001,Customer 523,28,Mass,93304.66,43,Salaried,Tier 3,1,0,1,1,0,0,0,0,103939.69,24,9,5,2,2,0,23,No Response,0,0,700,Growth,Hybrid,Credit Card,1,1,2026-04-06T00:00:00,Rule-Based Recommendation Engine,749.0,0.6237,High,Campaign Target,Credit Card,Hybrid,Push into the next campaign wave with personalization tags and channel controls.,2190.38,2218.38,28.0,2190.38,0.5437,1,0,0.0,0.0
OP0524,CU0524,EM0008,BR0002,CP1004,Customer 524,37,Mass,83495.2,9,Salaried,Tier 1,0,1,1,3,1,0,0,1,120394.44,33,3,1,17,3,2,38,Opened,0,0,736,Established,RM / Branch,Wealth Upgrade,1,1,2025-12-08T00:00:00,Rule-Based Recommendation Engine,520.0,0.5899,Low,Hold / Defer,Wealth Upgrade,RM / Branch,Keep out of the active audience until new engagement or relationship signals arrive.,0.0,0.0,145.0,0.0,0.5099,0,0,0.0,0.0
OP0525,CU0525,EM0003,BR0001,CP1004,Customer 525,21,Affluent,137719.23,55,Self-Employed,Tier 3,1,0,1,4,1,1,1,0,156657.14,26,7,20,8,0,3,52,Opened,0,0,771,Growth,Digital,Wealth Upgrade,1,1,2025-12-16T00:00:00,Rule-Based Recommendation Engine,900.0,0.82,Prime,RM Priority Lead,Wealth Upgrade,RM / Branch,Route to RM within 48 hours with value talking points and product rationale.,13958.18,14103.18,145.0,13958.18,0.74,1,0,0.0,0.0
OP0526,CU0526,EM0008,BR0002,CP1002,Customer 526,30,Affluent,86275.75,79,Salaried,Tier 1,1,1,1,2,1,0,0,0,162585.88,17,5,9,6,0,0,58,No Response,1,0,795,Growth,Digital,Personal Loan,1,1,2026-04-06T00:00:00,Rule-Based Recommendation Engine,844.0,0.7472,Prime,RM Priority Lead,Personal Loan,RM / Branch,Route to RM within 48 hours with value talking points and product rationale.,7081.54,7226.54,145.0,7081.54,0.6672,1,0,0.0,0.0
OP0527,CU0527,EM0003,BR0001,CP1001,Customer 527,43,Affluent,166500.37,48,Professional,Tier 2,1,0,1,2,0,0,0,1,385512.69,3,4,15,7,0,0,94,Clicked,0,0,748,Established,Hybrid,Credit Card,1,1,2025-12-19T00:00:00,Rule-Based Recommendation Engine,883.0,0.7979,Prime,RM Priority Lead,Credit Card,RM / Branch,Route to RM within 48 hours with value talking points and product rationale.,2692.97,2837.97,145.0,2692.97,0.7179,1,0,0.0,0.0
OP0528,CU0528,EM0009,BR0002,CP1001,Customer 528,41,Affluent,118472.54,27,Salaried,Tier 1,1,1,1,1,0,0,0,0,105433.63,21,10,14,19,1,2,50,Accepted,1,0,752,Emerging,Digital,Credit Card,1,1,2026-02-10T00:00:00,Rule-Based Recommendation Engine,867.0,0.7771,Prime,RM Priority Lead,Credit Card,RM / Branch,Route to RM within 48 hours with value talking points and product rationale.,2618.99,2763.99,145.0,2618.99,0.6971,1,0,1.0,3133.74
OP0529,CU0529,EM0003,BR0001,CP1004,Customer 529,35,Affluent,145078.56,42,Self-Employed,Tier 3,1,0,1,3,0,0,1,1,12000.0,16,7,11,12,1,4,66,Clicked,0,0,755,Growth,Hybrid,Wealth Upgrade,1,1,2025-12-07T00:00:00,Rule-Based Recommendation Engine,865.0,0.7745,Prime,RM Priority Lead,Wealth Upgrade,RM / Branch,Route to RM within 48 hours with value talking points and product rationale.,13175.63,13320.63,145.0,13175.63,0.6945,1,0,1.0,14664.04
OP0530,CU0530,EM0008,BR0002,CP1001,Customer 530,42,Affluent,126570.65,47,Salaried,Tier 2,1,0,1,1,0,0,0,0,324864.63,9,1,0,12,2,2,190,Opened,1,0,736,Growth,RM / Branch,Credit Card,1,1,2025-12-26T00:00:00,Rule-Based Recommendation Engine,887.0,0.8031,Prime,RM Priority Lead,Credit Card,RM / Branch,Route to RM within 48 hours with value talking points and product rationale.,2711.47,2856.47,145.0,2711.47,0.7231,1,0,0.0,0.0
OP0531,CU0531,EM0001,BR0001,CP1004,Customer 531,47,Affluent,101472.96,44,Contract,Tier 3,1,0,1,1,0,0,0,0,311572.71,1,5,10,3,1,6,192,Clicked,1,0,734,Growth,Hybrid,Wealth Upgrade,1,1,2026-02-02T00:00:00,Rule-Based Recommendation Engine,900.0,0.82,Prime,RM Priority Lead,Wealth Upgrade,RM / Branch,Route to RM within 48 hours with value talking points and product rationale.,13958.18,14103.18,145.0,13958.18,0.74,1,0,0.0,0.0
OP0532,CU0532,EM0007,BR0002,CP1004,Customer 532,35,Mass,90545.07,79,Self-Employed,Tier 3,0,0,1,2,1,0,0,0,133082.09,2,7,20,14,1,0,68,No Response,0,0,736,Emerging,Digital,Wealth Upgrade,1,1,2026-01-02T00:00:00,Rule-Based Recommendation Engine,520.0,0.7199,Low,Hold / Defer,Wealth Upgrade,No Outreach,Keep out of the active audience until new engagement or relationship signals arrive.,0.0,0.0,0.0,0.0,0.6399,0,0,0.0,0.0
OP0533,CU0533,EM0004,BR0001,CP1001,Customer 533,57,Mass,135707.29,72,Contract,Tier 2,1,0,1,2,1,0,0,0,140058.5,22,2,8,8,2,0,133,No Response,0,0,761,Growth,Hybrid,Credit Card,0,1,2026-01-26T00:00:00,Rule-Based Recommendation Engine,500.0,0.5951,Suppressed,Suppress,Credit Card,No Outreach,"Suppress outreach. Address service, compliance, or contact-fatigue constraints before reactivating.",0.0,0.0,0.0,0.0,0.5151,0,0,0.0,0.0
OP0534,CU0534,EM0010,BR0002,CP1004,Customer 534,28,Mass,72733.67,12,Contract,Tier 2,1,0,1,2,0,1,0,0,137067.56,1,9,9,0,0,0,71,No Response,0,0,744,Established,Hybrid,Wealth Upgrade,1,1,2026-01-01T00:00:00,Rule-Based Recommendation Engine,520.0,0.6835,Low,Hold / Defer,Wealth Upgrade,No Outreach,Keep out of the active audience until new engagement or relationship signals arrive.,0.0,0.0,0.0,0.0,0.6035,0,0,0.0,0.0
OP0535,CU0535,EM0003,BR0001,CP1002,Customer 535,30,Mass,160549.34,10,Professional,Tier 1,0,1,1,2,0,1,0,0,211133.6,20,1,15,11,0,1,25,No Response,1,0,656,Growth,Digital,Personal Loan,1,1,2026-03-25T00:00:00,Rule-Based Recommendation Engine,520.0,0.3741,Low,Hold / Defer,Personal Loan,No Outreach,Keep out of the active audience until new engagement or relationship signals arrive.,0.0,0.0,0.0,0.0,0.2941,0,0,0.0,0.0
OP0536,CU0536,EM0006,BR0002,CP1002,Customer 536,48,Mass,128818.47,60,Professional,Tier 1,1,1,1,3,1,0,0,1,229692.28,26,5,11,16,1,0,32,Opened,0,0,645,Growth,Hybrid,Personal Loan,1,1,2026-02-02T00:00:00,Rule-Based Recommendation Engine,520.0,0.5691,Low,Hold / Defer,Personal Loan,No Outreach,Keep out of the active audience until new engagement or relationship signals arrive.,0.0,0.0,0.0,0.0,0.4891,0,0,0.0,0.0
OP0537,CU0537,EM0002,BR0001,CP1004,Customer 537,56,Mass,140103.22,1,Contract,Tier 1,1,1,1,2,0,0,0,1,39781.02,15,8,20,11,3,0,32,No Response,0,0,642,Established,Hybrid,Wealth Upgrade,1,1,2025-11-17T00:00:00,Rule-Based Recommendation Engine,520.0,0.4573,Low,Hold / Defer,Wealth Upgrade,No Outreach,Keep out of the active audience until new engagement or relationship signals arrive.,0.0,0.0,0.0,0.0,0.3773,0,0,0.0,0.0
OP0538,CU0538,EM0008,BR0002,CP1003,Customer 538,43,Mass,139146.49,18,Salaried,Tier 3,1,0,1,1,0,0,0,0,309059.22,6,6,12,16,0,0,19,Clicked,0,1,750,Growth,Digital,Insurance,0,1,2026-02-12T00:00:00,Rule-Based Recommendation Engine,500.0,0.5977,Suppressed,Suppress,Insurance,No Outreach,"Suppress outreach. Address service, compliance, or contact-fatigue constraints before reactivating.",0.0,0.0,0.0,0.0,0.5177,0,0,0.0,0.0
OP0539,CU0539,EM0005,BR0001,CP1002,Customer 539,24,Mass,86148.77,28,Salaried,Tier 1,1,1,1,2,0,0,0,1,148525.09,31,10,18,10,1,0,121,No Response,0,0,700,Established,Digital,Personal Loan,1,1,2026-03-26T00:00:00,Rule-Based Recommendation Engine,803.0,0.6939,Prime,RM Priority Lead,Personal Loan,RM / Branch,Route to RM within 48 hours with value talking points and product rationale.,6566.05,6711.05,145.0,6566.05,0.6139,0,1,0.0,0.0
OP0540,CU0540,EM0007,BR0002,CP1004,Customer 540,33,Affluent,107953.74,48,Salaried,Tier 2,1,0,1,2,0,0,1,0,306570.81,16,8,16,0,3,2,22,No Response,0,0,722,Emerging,RM / Branch,Wealth Upgrade,1,1,2026-02-10T00:00:00,Rule-Based Recommendation Engine,500.0,0.7849,Suppressed,Suppress,Wealth Upgrade,No Outreach,"Suppress outreach. Address service, compliance, or contact-fatigue constraints before reactivating.",0.0,0.0,0.0,0.0,0.7049,0,0,0.0,0.0
OP0541,CU0541,EM0002,BR0001,CP1001,Customer 541,24,Mass,177428.58,72,Professional,Tier 2,1,0,1,1,0,0,0,0,171514.27,4,9,18,4,0,3,82,Clicked,2,1,744,Growth,Hybrid,Credit Card,1,1,2025-11-19T00:00:00,Rule-Based Recommendation Engine,500.0,0.7108,Suppressed,Suppress,Credit Card,No Outreach,"Suppress outreach. Address service, compliance, or contact-fatigue constraints before reactivating.",0.0,0.0,0.0,0.0,0.6308,0,0,0.0,0.0
OP0542,CU0542,EM0009,BR0002,CP1001,Customer 542,37,Mass,164682.72,14,Business Owner,Tier 2,1,0,1,2,0,0,0,1,12000.0,29,10,20,13,1,0,33,No Response,0,0,701,Established,Hybrid,Credit Card,1,1,2026-01-01T00:00:00,Rule-Based Recommendation Engine,775.0,0.6575,High,Campaign Target,Credit Card,Hybrid,Push into the next campaign wave with personalization tags and channel controls.,2310.6,2338.6,28.0,2310.6,0.5775,1,0,0.0,0.0
OP0543,CU0543,EM0003,BR0001,CP1004,Customer 543,27,Affluent,117841.23,60,Business Owner,Tier 2,1,0,1,1,0,0,0,0,246895.17,4,5,2,10,0,1,24,Accepted,0,0,787,Emerging,Digital,Wealth Upgrade,1,1,2025-12-02T00:00:00,Rule-Based Recommendation Engine,500.0,0.755,Suppressed,Suppress,Wealth Upgrade,No Outreach,"Suppress outreach. Address service, compliance, or contact-fatigue constraints before reactivating.",0.0,0.0,0.0,0.0,0.675,0,0,0.0,0.0
OP0544,CU0544,EM0008,BR0002,CP1001,Customer 544,47,Affluent,118835.44,65,Salaried,Tier 2,0,1,0,1,0,0,0,0,122310.64,26,4,8,9,1,2,17,No Response,0,0,670,Growth,RM / Branch,Credit Card,1,1,2025-12-31T00:00:00,Rule-Based Recommendation Engine,500.0,0.4742,Suppressed,Suppress,Credit Card,No Outreach,"Suppress outreach. Address service, compliance, or contact-fatigue constraints before reactivating.",0.0,0.0,0.0,0.0,0.3942,0,0,0.0,0.0
OP0545,CU0545,EM0003,BR0001,CP1004,Customer 545,34,Mass,94403.51,27,Professional,Tier 1,1,1,1,3,1,0,1,0,105890.88,33,10,6,8,3,0,155,Opened,0,1,672,Established,Digital,Wealth Upgrade,1,1,2026-03-08T00:00:00,Rule-Based Recommendation Engine,500.0,0.3806,Suppressed,Suppress,Wealth Upgrade,No Outreach,"Suppress outreach. Address service, compliance, or contact-fatigue constraints before reactivating.",0.0,0.0,0.0,0.0,0.3006,0,0,0.0,0.0
OP0546,CU0546,EM0008,BR0002,CP1001,Customer 546,28,Mass,123126.32,38,Professional,Tier 1,1,1,1,2,0,0,1,0,136709.16,26,11,15,6,1,2,83,Opened,0,0,855,Growth,Digital,Credit Card,1,1,2025-12-16T00:00:00,Rule-Based Recommendation Engine,900.0,0.82,Prime,RM Priority Lead,Credit Card,RM / Branch,Route to RM within 48 hours with value talking points and product rationale.,2771.58,2916.58,145.0,2771.58,0.74,1,0,0.0,0.0
OP0547,CU0547,EM0003,BR0001,CP1003,Customer 547,44,Mass,128101.05,65,Salaried,Tier 1,1,1,1,2,0,0,1,0,233127.29,24,5,9,10,3,3,180,Opened,1,0,679,Growth,RM / Branch,Insurance,1,1,2025-11-06T00:00:00,Rule-Based Recommendation Engine,768.0,0.6484,High,Campaign Target,Insurance,RM / Branch,Push into the next campaign wave with personalization tags and channel controls.,4125.1,4270.1,145.0,4125.1,0.5684,1,0,1.0,5069.23
OP0548,CU0548,EM0010,BR0002,CP1002,Customer 548,21,Mass,119950.39,84,Salaried,Tier 2,1,1,1,1,0,0,0,0,83666.15,7,2,3,8,0,0,154,Clicked,1,0,728,Established,Hybrid,Personal Loan,0,1,2025-11-27T00:00:00,Rule-Based Recommendation Engine,500.0,0.6887,Suppressed,Suppress,Personal Loan,No Outreach,"Suppress outreach. Address service, compliance, or contact-fatigue constraints before reactivating.",0.0,0.0,0.0,0.0,0.6087,0,0,0.0,0.0
OP0549,CU0549,EM0005,BR0001,CP1001,Customer 549,54,Mass,133912.26,8,Salaried,Tier 2,0,1,1,2,1,0,0,0,12000.0,13,4,17,6,1,0,16,Clicked,3,0,766,Growth,Hybrid,Credit Card,0,1,2026-01-05T00:00:00,Rule-Based Recommendation Engine,500.0,0.4911,Suppressed,Suppress,Credit Card,No Outreach,"Suppress outreach. Address service, compliance, or contact-fatigue constraints before reactivating.",0.0,0.0,0.0,0.0,0.4111,0,0,0.0,0.0
OP0550,CU0550,EM0008,BR0002,CP1004,Customer 550,43,Mass,78853.37,66,Contract,Tier 3,1,0,1,1,0,0,0,0,165713.95,10,10,4,5,0,1,102,Accepted,0,0,789,Emerging,Digital,Wealth Upgrade,1,1,2026-04-03T00:00:00,Rule-Based Recommendation Engine,520.0,0.716,Low,Hold / Defer,Wealth Upgrade,No Outreach,Keep out of the active audience until new engagement or relationship signals arrive.,0.0,0.0,0.0,0.0,0.636,0,0,0.0,0.0
OP0551,CU0551,EM0001,BR0001,CP1003,Customer 551,26,Mass,113271.5,15,Self-Employed,Tier 3,1,0,1,3,1,0,0,1,304007.8,2,4,5,10,2,0,6,Opened,0,0,731,Established,Digital,Insurance,1,1,2026-01-22T00:00:00,Rule-Based Recommendation Engine,500.0,0.4534,Suppressed,Suppress,Insurance,No Outreach,"Suppress outreach. Address service, compliance, or contact-fatigue constraints before reactivating.",0.0,0.0,0.0,0.0,0.3734,0,0,0.0,0.0
OP0552,CU0552,EM0007,BR0002,CP1003,Customer 552,46,Affluent,123458.83,119,Self-Employed,Tier 2,1,0,1,1,0,0,0,0,307954.6,15,6,8,5,1,2,30,No Response,1,0,818,Established,Hybrid,Insurance,1,1,2025-11-25T00:00:00,Rule-Based Recommendation Engine,900.0,0.82,Prime,RM Priority Lead,Insurance,RM / Branch,Route to RM within 48 hours with value talking points and product rationale.,5255.19,5400.19,145.0,5255.19,0.74,1,0,0.0,0.0
OP0553,CU0553,EM0003,BR0001,CP1001,Customer 553,21,Affluent,94692.9,66,Salaried,Tier 1,1,1,1,2,1,0,0,0,180601.15,7,12,9,6,1,0,110,No Response,0,0,743,Growth,Digital,Credit Card,1,1,2025-11-05T00:00:00,Rule-Based Recommendation Engine,520.0,0.5951,Low,Hold / Defer,Credit Card,No Outreach,Keep out of the active audience until new engagement or relationship signals arrive.,0.0,0.0,0.0,0.0,0.5151,0,0,0.0,0.0
OP0554,CU0554,EM0010,BR0002,CP1004,Customer 554,46,Mass,146876.26,60,Salaried,Tier 1,0,0,1,2,0,0,1,0,353173.43,9,5,11,11,1,0,15,No Response,1,0,679,Established,Digital,Wealth Upgrade,0,1,2025-12-23T00:00:00,Rule-Based Recommendation Engine,500.0,0.5795,Suppressed,Suppress,Wealth Upgrade,No Outreach,"Suppress outreach. Address service, compliance, or contact-fatigue constraints before reactivating.",0.0,0.0,0.0,0.0,0.4995,0,0,0.0,0.0
OP0555,CU0555,EM0001,BR0001,CP1004,Customer 555,35,Mass,108760.84,14,Salaried,Tier 2,0,1,1,1,0,0,0,0,12000.0,27,3,7,4,1,1,19,Declined,0,0,752,Established,Hybrid,Wealth Upgrade,1,1,2026-01-26T00:00:00,Rule-Based Recommendation Engine,500.0,0.5717,Suppressed,Suppress,Wealth Upgrade,No Outreach,"Suppress outreach. Address service, compliance, or contact-fatigue constraints before reactivating.",0.0,0.0,0.0,0.0,0.4917,0,0,0.0,0.0
OP0556,CU0556,EM0009,BR0002,CP1004,Customer 556,55,Affluent,118890.07,46,Salaried,Tier 1,1,1,1,3,1,0,1,0,297408.11,6,6,6,4,1,3,155,Opened,1,0,735,Growth,RM / Branch,Wealth Upgrade,1,1,2026-03-08T00:00:00,Rule-Based Recommendation Engine,900.0,0.82,Prime,RM Priority Lead,Wealth Upgrade,RM / Branch,Route to RM within 48 hours with value talking points and product rationale.,13958.18,14103.18,145.0,13958.18,0.74,0,1,0.0,0.0
OP0557,CU0557,EM0002,BR0001,CP1004,Customer 557,48,Mass,110796.23,36,Salaried,Tier 2,1,0,1,2,0,0,1,0,12000.0,9,7,5,1,0,1,24,No Response,0,0,726,Established,Hybrid,Wealth Upgrade,1,1,2025-11-13T00:00:00,Rule-Based Recommendation Engine,500.0,0.5821,Suppressed,Suppress,Wealth Upgrade,No Outreach,"Suppress outreach. Address service, compliance, or contact-fatigue constraints before reactivating.",0.0,0.0,0.0,0.0,0.5021,0,0,0.0,0.0
OP0558,CU0558,EM0006,BR0002,CP1003,Customer 558,37,Mass,58239.12,2,Contract,Tier 1,0,0,1,2,0,1,0,0,16996.49,11,5,1,12,0,2,51,No Response,0,0,730,Established,RM / Branch,Insurance,1,1,2025-12-03T00:00:00,Rule-Based Recommendation Engine,662.0,0.5106,Moderate,Digital Nurture,Insurance,RM / Branch,Start a lighter digital journey and rescore after the next engagement signal refresh.,3217.61,3362.61,145.0,3217.61,0.4306,1,0,0.0,0.0
OP0559,CU0559,EM0004,BR0001,CP1002,Customer 559,32,Mass,80175.21,35,Salaried,Tier 2,1,1,1,2,1,0,0,0,100047.26,21,3,8,7,0,0,95,Clicked,0,0,735,Established,Hybrid,Personal Loan,1,1,2025-11-15T00:00:00,Rule-Based Recommendation Engine,781.0,0.6653,High,Campaign Target,Personal Loan,Hybrid,Push into the next campaign wave with personalization tags and channel controls.,6406.45,6434.45,28.0,6406.45,0.5853,1,0,0.0,0.0
OP0560,CU0560,EM0009,BR0002,CP1004,Customer 560,42,Affluent,222129.71,44,Business Owner,Tier 1,1,0,1,2,0,1,0,0,656681.68,23,11,17,10,3,0,42,Clicked,1,0,665,Growth,RM / Branch,Wealth Upgrade,1,1,2026-03-24T00:00:00,Rule-Based Recommendation Engine,810.0,0.703,Prime,RM Priority Lead,Wealth Upgrade,RM / Branch,Route to RM within 48 hours with value talking points and product rationale.,11945.9,12090.9,145.0,11945.9,0.623,1,0,0.0,0.0
OP0561,CU0561,EM0004,BR0001,CP1004,Customer 561,34,Mass,69358.99,55,Salaried,Tier 2,1,1,1,3,1,0,0,1,148773.68,20,8,14,10,1,0,198,Opened,1,0,768,Growth,Digital,Wealth Upgrade,1,1,2025-11-07T00:00:00,Rule-Based Recommendation Engine,520.0,0.7407,Low,Hold / Defer,Wealth Upgrade,No Outreach,Keep out of the active audience until new engagement or relationship signals arrive.,0.0,0.0,0.0,0.0,0.6607,0,0,0.0,0.0
OP0562,CU0562,EM0009,BR0002,CP1001,Customer 562,41,Affluent,112264.22,71,Salaried,Tier 1,1,0,1,1,0,0,0,0,397041.27,5,8,18,4,0,3,190,Clicked,1,0,673,Growth,Digital,Credit Card,0,1,2026-04-02T00:00:00,Rule-Based Recommendation Engine,500.0,0.6991,Suppressed,Suppress,Credit Card,No Outreach,"Suppress outreach. Address service, compliance, or contact-fatigue constraints before reactivating.",0.0,0.0,0.0,0.0,0.6191,0,0,0.0,0.0
OP0563,CU0563,EM0005,BR0001,CP1003,Customer 563,37,Affluent,93543.49,1,Salaried,Tier 3,0,0,1,1,0,0,0,0,320861.26,22,7,9,6,0,6,49,No Response,1,0,742,Growth,Digital,Insurance,1,0,2025-11-19T00:00:00,Rule-Based Recommendation Engine,500.0,0.7446,Suppressed,Suppress,Insurance,No Outreach,"Suppress outreach. Address service, compliance, or contact-fatigue constraints before reactivating.",0.0,0.0,0.0,0.0,0.6646,0,0,0.0,0.0
OP0564,CU0564,EM0009,BR0002,CP1002,Customer 564,33,Mass,58387.15,34,Contract,Tier 1,1,0,1,2,0,1,0,0,91857.1,12,6,12,13,0,1,19,Clicked,1,1,684,Growth,Digital,Personal Loan,1,1,2026-02-28T00:00:00,Rule-Based Recommendation Engine,500.0,0.3052,Suppressed,Suppress,Personal Loan,No Outreach,"Suppress outreach. Address service, compliance, or contact-fatigue constraints before reactivating.",0.0,0.0,0.0,0.0,0.2252,0,0,0.0,0.0
OP0565,CU0565,EM0005,BR0001,CP1002,Customer 565,36,Affluent,142529.49,45,Professional,Tier 2,1,1,1,3,1,0,0,1,94215.99,17,8,9,9,1,4,103,Declined,1,0,692,Emerging,Digital,Personal Loan,1,1,2025-12-29T00:00:00,Rule-Based Recommendation Engine,837.0,0.7381,Prime,RM Priority Lead,Personal Loan,RM / Branch,Route to RM within 48 hours with value talking points and product rationale.,6993.53,7138.53,145.0,6993.53,0.6581,1,0,0.0,0.0
OP0566,CU0566,EM0009,BR0002,CP1002,Customer 566,48,Mass,98016.42,4,Contract,Tier 1,1,0,1,3,1,0,1,0,62086.05,10,6,10,9,1,2,27,No Response,0,0,719,Growth,Digital,Personal Loan,1,1,2025-11-05T00:00:00,Rule-Based Recommendation Engine,713.0,0.5769,High,Campaign Target,Personal Loan,Digital,Push into the next campaign wave with personalization tags and channel controls.,5571.49,5579.49,8.0,5571.49,0.4969,1,0,0.0,0.0
OP0567,CU0567,EM0004,BR0001,CP1001,Customer 567,21,Mass,120131.02,32,Salaried,Tier 1,1,0,1,2,1,0,0,0,128642.57,1,4,16,1,0,1,36,Clicked,2,0,740,Growth,Digital,Credit Card,1,1,2026-03-09T00:00:00,Rule-Based Recommendation Engine,520.0,0.6003,Low,Hold / Defer,Credit Card,No Outreach,Keep out of the active audience until new engagement or relationship signals arrive.,0.0,0.0,0.0,0.0,0.5203,0,0,0.0,0.0
OP0568,CU0568,EM0006,BR0002,CP1002,Customer 568,37,Mass,83674.99,1,Salaried,Tier 3,0,0,1,2,0,0,0,1,31338.03,22,10,7,0,2,0,44,No Response,1,0,716,Established,Hybrid,Personal Loan,1,1,2026-02-02T00:00:00,Rule-Based Recommendation Engine,693.0,0.5509,Moderate,Digital Nurture,Personal Loan,Hybrid,Start a lighter digital journey and rescore after the next engagement signal refresh.,5300.03,5328.03,28.0,5300.03,0.4709,1,0,0.0,0.0
OP0569,CU0569,EM0003,BR0001,CP1002,Customer 569,28,Mass,77664.75,48,Salaried,Tier 1,1,1,1,2,1,0,0,0,91448.84,12,1,19,4,1,1,70,No Response,0,0,759,Emerging,Digital,Personal Loan,1,1,2026-03-02T00:00:00,Rule-Based Recommendation Engine,809.0,0.7017,Prime,RM Priority Lead,Personal Loan,RM / Branch,Route to RM within 48 hours with value talking points and product rationale.,6641.49,6786.49,145.0,6641.49,0.6217,1,0,0.0,0.0
OP0570,CU0570,EM0006,BR0002,CP1002,Customer 570,21,Mass,70529.58,29,Salaried,Tier 2,1,1,1,2,1,0,0,0,132325.04,11,8,17,10,1,0,23,Opened,0,0,790,Growth,Hybrid,Personal Loan,1,1,2025-11-20T00:00:00,Rule-Based Recommendation Engine,830.0,0.729,Prime,RM Priority Lead,Personal Loan,RM / Branch,Route to RM within 48 hours with value talking points and product rationale.,6905.52,7050.52,145.0,6905.52,0.649,1,0,0.0,0.0
OP0571,CU0571,EM0001,BR0001,CP1003,Customer 571,45,Mass,117490.5,18,Salaried,Tier 1,1,0,1,1,0,0,0,0,46418.9,18,5,2,2,1,3,172,Opened,0,0,787,Growth,Hybrid,Insurance,1,1,2026-01-15T00:00:00,Rule-Based Recommendation Engine,811.0,0.7043,Prime,RM Priority Lead,Insurance,RM / Branch,Route to RM within 48 hours with value talking points and product rationale.,4493.24,4638.24,145.0,4493.24,0.6243,1,0,0.0,0.0
OP0572,CU0572,EM0010,BR0002,CP1003,Customer 572,45,Mass,126368.19,26,Salaried,Tier 1,1,1,1,4,1,1,1,0,146451.36,24,5,16,13,1,0,133,No Response,0,1,755,Established,Digital,Insurance,1,1,2026-02-27T00:00:00,Rule-Based Recommendation Engine,500.0,0.6107,Suppressed,Suppress,Insurance,No Outreach,"Suppress outreach. Address service, compliance, or contact-fatigue constraints before reactivating.",0.0,0.0,0.0,0.0,0.5307,0,0,0.0,0.0
OP0573,CU0573,EM0002,BR0001,CP1004,Customer 573,21,Affluent,125415.09,54,Business Owner,Tier 1,1,0,1,1,0,0,0,0,354380.78,8,10,14,13,1,1,44,No Response,1,0,758,Growth,Hybrid,Wealth Upgrade,1,1,2026-02-11T00:00:00,Rule-Based Recommendation Engine,900.0,0.82,Prime,RM Priority Lead,Wealth Upgrade,RM / Branch,Route to RM within 48 hours with value talking points and product rationale.,13958.18,14103.18,145.0,13958.18,0.74,1,0,0.0,0.0
OP0574,CU0574,EM0010,BR0002,CP1003,Customer 574,35,Affluent,109878.63,21,Self-Employed,Tier 2,1,0,1,3,1,0,0,1,211342.72,17,4,18,4,3,3,28,Clicked,2,0,666,Established,Hybrid,Insurance,1,1,2026-01-24T00:00:00,Rule-Based Recommendation Engine,520.0,0.4924,Low,Hold / Defer,Insurance,No Outreach,Keep out of the active audience until new engagement or relationship signals arrive.,0.0,0.0,0.0,0.0,0.4124,0,0,0.0,0.0
OP0575,CU0575,EM0001,BR0001,CP1004,Customer 575,61,Mass,194826.11,21,Professional,Tier 2,1,1,1,3,0,1,0,1,473995.27,23,10,2,10,0,1,25,Clicked,3,0,659,Growth,RM / Branch,Wealth Upgrade,1,1,2026-03-05T00:00:00,Rule-Based Recommendation Engine,500.0,0.6224,Suppressed,Suppress,Wealth Upgrade,No Outreach,"Suppress outreach. Address service, compliance, or contact-fatigue constraints before reactivating.",0.0,0.0,0.0,0.0,0.5424,0,0,0.0,0.0
OP0576,CU0576,EM0010,BR0002,CP1001,Customer 576,39,Mass,156940.75,29,Professional,Tier 3,1,1,1,1,0,0,0,0,99223.12,29,1,9,10,0,1,38,No Response,1,0,751,Growth,Hybrid,Credit Card,1,1,2026-02-18T00:00:00,Rule-Based Recommendation Engine,855.0,0.7615,Prime,RM Priority Lead,Credit Card,RM / Branch,Route to RM within 48 hours with value talking points and product rationale.,2563.5,2708.5,145.0,2563.5,0.6815,1,0,0.0,0.0
OP0577,CU0577,EM0003,BR0001,CP1003,Customer 577,36,Affluent,92153.26,17,Salaried,Tier 2,0,0,1,2,0,0,0,1,100368.61,11,1,17,0,1,2,32,Opened,0,0,804,Established,RM / Branch,Insurance,1,1,2026-03-04T00:00:00,Rule-Based Recommendation Engine,520.0,0.5431,Low,Hold / Defer,Insurance,No Outreach,Keep out of the active audience until new engagement or relationship signals arrive.,0.0,0.0,0.0,0.0,0.4631,0,0,0.0,0.0
OP0578,CU0578,EM0007,BR0002,CP1002,Customer 578,37,Mass,103499.48,50,Salaried,Tier 1,1,1,1,2,0,0,1,0,68565.14,16,11,2,6,1,1,40,No Response,0,0,697,Growth,Hybrid,Personal Loan,1,1,2025-11-21T00:00:00,Rule-Based Recommendation Engine,735.0,0.6055,High,Campaign Target,Personal Loan,Hybrid,Push into the next campaign wave with personalization tags and channel controls.,5828.09,5856.09,28.0,5828.09,0.5255,1,0,0.0,0.0
OP0579,CU0579,EM0002,BR0001,CP1004,Customer 579,44,Affluent,109733.66,65,Salaried,Tier 3,1,1,1,4,1,0,1,1,346664.24,14,4,0,9,1,1,69,Clicked,0,0,760,Growth,Hybrid,Wealth Upgrade,1,1,2026-01-06T00:00:00,Rule-Based Recommendation Engine,885.0,0.8005,Prime,RM Priority Lead,Wealth Upgrade,RM / Branch,Route to RM within 48 hours with value talking points and product rationale.,13622.8,13767.8,145.0,13622.8,0.7205,1,0,0.0,0.0
OP0580,CU0580,EM0010,BR0002,CP1002,Customer 580,22,Mass,84558.79,34,Self-Employed,Tier 1,1,0,1,2,1,0,0,0,118070.64,1,5,4,8,0,2,7,No Response,0,0,745,Growth,RM / Branch,Personal Loan,1,1,2026-03-17T00:00:00,Rule-Based Recommendation Engine,500.0,0.5613,Suppressed,Suppress,Personal Loan,No Outreach,"Suppress outreach. Address service, compliance, or contact-fatigue constraints before reactivating.",0.0,0.0,0.0,0.0,0.4813,0,0,0.0,0.0
OP0581,CU0581,EM0002,BR0001,CP1003,Customer 581,42,Affluent,144350.44,71,Self-Employed,Tier 1,1,0,1,2,0,0,0,1,410777.67,20,1,17,13,1,3,20,No Response,1,0,767,Growth,Digital,Insurance,1,1,2026-02-04T00:00:00,Rule-Based Recommendation Engine,500.0,0.6068,Suppressed,Suppress,Insurance,No Outreach,"Suppress outreach. Address service, compliance, or contact-fatigue constraints before reactivating.",0.0,0.0,0.0,0.0,0.5268,0,0,0.0,0.0
OP0582,CU0582,EM0008,BR0002,CP1001,Customer 582,42,Affluent,159813.46,98,Professional,Tier 2,1,0,1,3,1,0,0,1,447149.63,17,7,0,9,2,4,39,Declined,0,0,743,Established,RM / Branch,Credit Card,1,1,2025-11-26T00:00:00,Rule-Based Recommendation Engine,520.0,0.6185,Low,Hold / Defer,Credit Card,No Outreach,Keep out of the active audience until new engagement or relationship signals arrive.,0.0,0.0,0.0,0.0,0.5385,0,0,0.0,0.0
OP0583,CU0583,EM0003,BR0001,CP1001,Customer 583,30,Mass,81885.09,1,Salaried,Tier 3,0,1,1,2,1,0,0,0,38532.72,19,2,5,9,4,1,56,Opened,0,0,678,Growth,RM / Branch,Credit Card,0,1,2026-04-01T00:00:00,Rule-Based Recommendation Engine,489.0,0.2857,Suppressed,Suppress,Credit Card,No Outreach,"Suppress outreach. Address service, compliance, or contact-fatigue constraints before reactivating.",0.0,0.0,0.0,0.0,0.2057,0,0,0.0,0.0
OP0584,CU0584,EM0008,BR0002,CP1004,Customer 584,29,Affluent,138724.09,37,Professional,Tier 1,1,0,1,2,0,0,0,1,336475.58,10,3,2,0,1,3,78,No Response,0,0,824,Growth,RM / Branch,Wealth Upgrade,1,1,2026-01-12T00:00:00,Rule-Based Recommendation Engine,900.0,0.82,Prime,RM Priority Lead,Wealth Upgrade,RM / Branch,Route to RM within 48 hours with value talking points and product rationale.,13958.18,14103.18,145.0,13958.18,0.74,1,0,0.0,0.0
OP0585,CU0585,EM0001,BR0001,CP1001,Customer 585,27,Mass,61226.45,1,Professional,Tier 1,1,1,1,2,0,1,0,0,156074.84,15,9,16,7,0,1,104,No Response,1,0,666,Emerging,Digital,Credit Card,1,1,2025-12-03T00:00:00,Rule-Based Recommendation Engine,711.0,0.5743,High,Campaign Target,Credit Card,Digital,Push into the next campaign wave with personalization tags and channel controls.,2034.67,2042.67,8.0,2034.67,0.4943,1,0,1.0,2432.52
OP0586,CU0586,EM0007,BR0002,CP1001,Customer 586,33,Affluent,148098.02,58,Professional,Tier 1,1,0,1,1,0,0,0,0,42769.55,25,8,11,6,1,4,93,No Response,0,0,683,Growth,Digital,Credit Card,1,1,2025-12-09T00:00:00,Rule-Based Recommendation Engine,825.0,0.7225,Prime,RM Priority Lead,Credit Card,RM / Branch,Route to RM within 48 hours with value talking points and product rationale.,2424.79,2569.79,145.0,2424.79,0.6425,1,0,1.0,3425.22
OP0587,CU0587,EM0002,BR0001,CP1003,Customer 587,33,Affluent,103940.47,42,Salaried,Tier 1,1,0,1,2,1,0,0,0,51992.76,13,6,10,11,1,1,8,Opened,1,0,766,Growth,Digital,Insurance,1,1,2026-03-05T00:00:00,Rule-Based Recommendation Engine,500.0,0.6848,Suppressed,Suppress,Insurance,No Outreach,"Suppress outreach. Address service, compliance, or contact-fatigue constraints before reactivating.",0.0,0.0,0.0,0.0,0.6048,0,0,0.0,0.0
OP0588,CU0588,EM0007,BR0002,CP1001,Customer 588,53,Mass,201273.19,44,Professional,Tier 2,1,1,1,2,0,0,0,1,195200.7,3,4,18,6,0,1,89,Clicked,0,0,754,Growth,Digital,Credit Card,1,1,2026-01-25T00:00:00,Rule-Based Recommendation Engine,900.0,0.82,Prime,RM Priority Lead,Credit Card,RM / Branch,Route to RM within 48 hours with value talking points and product rationale.,2771.58,2916.58,145.0,2771.58,0.74,1,0,0.0,0.0
OP0589,CU0589,EM0003,BR0001,CP1002,Customer 589,33,Mass,95736.21,5,Salaried,Tier 1,1,0,1,1,0,0,0,0,12000.0,1,5,18,12,0,0,34,No Response,0,1,723,Emerging,Digital,Personal Loan,1,1,2025-12-07T00:00:00,Rule-Based Recommendation Engine,500.0,0.4326,Suppressed,Suppress,Personal Loan,No Outreach,"Suppress outreach. Address service, compliance, or contact-fatigue constraints before reactivating.",0.0,0.0,0.0,0.0,0.3526,0,0,0.0,0.0
OP0590,CU0590,EM0007,BR0002,CP1002,Customer 590,51,Mass,121822.97,55,Salaried,Tier 3,1,0,1,1,0,0,0,0,132401.52,13,11,21,10,0,1,37,Declined,1,0,763,Growth,Hybrid,Personal Loan,1,1,2026-01-17T00:00:00,Rule-Based Recommendation Engine,867.0,0.7771,Prime,RM Priority Lead,Personal Loan,RM / Branch,Route to RM within 48 hours with value talking points and product rationale.,7370.72,7515.72,145.0,7370.72,0.6971,1,0,0.0,0.0
OP0591,CU0591,EM0002,BR0001,CP1003,Customer 591,31,Mass,79289.86,15,Salaried,Tier 2,1,0,1,2,0,1,0,0,79100.03,23,1,3,3,1,4,65,Clicked,1,0,784,Growth,Hybrid,Insurance,1,1,2026-03-24T00:00:00,Rule-Based Recommendation Engine,829.0,0.7277,Prime,RM Priority Lead,Insurance,RM / Branch,Route to RM within 48 hours with value talking points and product rationale.,4647.34,4792.34,145.0,4647.34,0.6477,1,0,0.0,0.0
OP0592,CU0592,EM0009,BR0002,CP1001,Customer 592,25,Mass,218370.57,22,Professional,Tier 1,1,1,1,1,0,0,0,0,300280.77,22,4,7,14,1,2,76,Declined,0,0,759,Emerging,Hybrid,Credit Card,1,1,2026-04-08T00:00:00,Rule-Based Recommendation Engine,900.0,0.82,Prime,RM Priority Lead,Credit Card,RM / Branch,Route to RM within 48 hours with value talking points and product rationale.,2771.58,2916.58,145.0,2771.58,0.74,1,0,0.0,0.0
OP0593,CU0593,EM0003,BR0001,CP1002,Customer 593,21,Affluent,188864.69,46,Business Owner,Tier 1,1,1,1,2,0,0,0,1,668785.84,14,6,14,7,0,1,11,No Response,0,0,793,Emerging,Digital,Personal Loan,1,1,2026-01-12T00:00:00,Rule-Based Recommendation Engine,500.0,0.7927,Suppressed,Suppress,Personal Loan,No Outreach,"Suppress outreach. Address service, compliance, or contact-fatigue constraints before reactivating.",0.0,0.0,0.0,0.0,0.7127,0,0,0.0,0.0
OP0594,CU0594,EM0009,BR0002,CP1001,Customer 594,28,Mass,95542.99,67,Professional,Tier 3,1,1,1,2,0,0,0,1,115891.07,12,6,16,9,2,3,32,No Response,0,0,694,Emerging,Hybrid,Credit Card,1,1,2026-03-15T00:00:00,Rule-Based Recommendation Engine,797.0,0.6861,Prime,RM Priority Lead,Credit Card,RM / Branch,Route to RM within 48 hours with value talking points and product rationale.,2295.32,2440.32,145.0,2295.32,0.6061,1,0,0.0,0.0
OP0595,CU0595,EM0002,BR0001,CP1001,Customer 595,39,Mass,77695.86,37,Salaried,Tier 3,1,1,1,3,1,0,0,1,55139.46,20,9,6,2,1,1,10,No Response,0,0,695,Established,RM / Branch,Credit Card,1,1,2026-02-17T00:00:00,Rule-Based Recommendation Engine,500.0,0.4547,Suppressed,Suppress,Credit Card,No Outreach,"Suppress outreach. Address service, compliance, or contact-fatigue constraints before reactivating.",0.0,0.0,0.0,0.0,0.3747,0,0,0.0,0.0
OP0596,CU0596,EM0007,BR0002,CP1002,Customer 596,47,Mass,113756.37,31,Salaried,Tier 2,1,0,1,1,0,0,0,0,150636.22,17,12,13,3,0,0,26,Clicked,0,0,810,Growth,Hybrid,Personal Loan,1,1,2025-12-15T00:00:00,Rule-Based Recommendation Engine,852.0,0.7576,Prime,RM Priority Lead,Personal Loan,RM / Branch,Route to RM within 48 hours with value talking points and product rationale.,7182.13,7327.13,145.0,7182.13,0.6776,0,1,0.0,0.0
OP0597,CU0597,EM0002,BR0001,CP1002,Customer 597,36,Mass,71347.26,36,Contract,Tier 2,1,0,1,1,0,0,0,0,103332.28,9,11,18,7,1,3,50,No Response,0,1,668,Growth,Digital,Personal Loan,1,1,2026-01-21T00:00:00,Rule-Based Recommendation Engine,500.0,0.4378,Suppressed,Suppress,Personal Loan,No Outreach,"Suppress outreach. Address service, compliance, or contact-fatigue constraints before reactivating.",0.0,0.0,0.0,0.0,0.3578,0,0,0.0,0.0
OP0598,CU0598,EM0009,BR0002,CP1002,Customer 598,31,Mass,92128.61,13,Salaried,Tier 1,1,0,1,1,0,0,0,0,130532.41,11,3,8,10,1,2,71,Accepted,2,0,778,Mature,RM / Branch,Personal Loan,1,1,2026-03-21T00:00:00,Rule-Based Recommendation Engine,847.0,0.7511,Prime,RM Priority Lead,Personal Loan,RM / Branch,Route to RM within 48 hours with value talking points and product rationale.,7119.26,7264.26,145.0,7119.26,0.6711,1,0,1.0,8673.69
OP0599,CU0599,EM0004,BR0001,CP1003,Customer 599,27,Affluent,111740.74,1,Business Owner,Tier 2,0,0,1,3,1,0,0,1,192204.52,6,6,12,0,0,4,22,Opened,0,0,685,Emerging,Hybrid,Insurance,1,1,2025-11-19T00:00:00,Rule-Based Recommendation Engine,520.0,0.4976,Low,Hold / Defer,Insurance,No Outreach,Keep out of the active audience until new engagement or relationship signals arrive.,0.0,0.0,0.0,0.0,0.4176,0,0,0.0,0.0
OP0600,CU0600,EM0006,BR0002,CP1003,Customer 600,23,Mass,87530.18,49,Salaried,Tier 2,1,0,1,1,0,0,0,0,168954.98,2,8,13,11,2,0,93,No Response,0,0,699,Growth,Digital,Insurance,1,1,2026-03-16T00:00:00,Rule-Based Recommendation Engine,520.0,0.6848,Low,Hold / Defer,Insurance,No Outreach,Keep out of the active audience until new engagement or relationship signals arrive.,0.0,0.0,0.0,0.0,0.6048,0,0,0.0,0.0
OP0601,CU0601,EM0004,BR0001,CP1001,Customer 601,24,Affluent,144947.79,34,Professional,Tier 1,1,1,1,2,1,0,0,0,301530.0,7,5,5,12,4,1,19,Accepted,2,0,789,Established,RM / Branch,Credit Card,1,1,2025-12-07T00:00:00,Rule-Based Recommendation Engine,500.0,0.6718,Suppressed,Suppress,Credit Card,No Outreach,"Suppress outreach. Address service, compliance, or contact-fatigue constraints before reactivating.",0.0,0.0,0.0,0.0,0.5918,0,0,0.0,0.0
OP0602,CU0602,EM0010,BR0002,CP1001,Customer 602,45,Affluent,194743.32,1,Business Owner,Tier 3,0,0,1,1,0,0,0,0,590456.02,11,3,9,6,1,4,143,Opened,0,0,819,Growth,RM / Branch,Credit Card,1,1,2025-11-21T00:00:00,Rule-Based Recommendation Engine,900.0,0.82,Prime,RM Priority Lead,Credit Card,RM / Branch,Route to RM within 48 hours with value talking points and product rationale.,2771.58,2916.58,145.0,2771.58,0.74,1,0,0.0,0.0
OP0603,CU0603,EM0005,BR0001,CP1002,Customer 603,48,Mass,93111.58,43,Salaried,Tier 2,1,1,1,2,1,0,0,0,34923.55,22,10,0,7,0,1,108,No Response,0,0,729,Established,Hybrid,Personal Loan,1,0,2026-03-03T00:00:00,Rule-Based Recommendation Engine,500.0,0.5691,Suppressed,Suppress,Personal Loan,No Outreach,"Suppress outreach. Address service, compliance, or contact-fatigue constraints before reactivating.",0.0,0.0,0.0,0.0,0.4891,0,0,0.0,0.0
OP0604,CU0604,EM0009,BR0002,CP1003,Customer 604,37,Affluent,150309.15,26,Professional,Tier 2,1,0,1,1,0,0,0,0,252222.64,8,10,0,8,0,0,112,No Response,0,0,777,Mature,Digital,Insurance,1,1,2025-12-03T00:00:00,Rule-Based Recommendation Engine,796.0,0.6848,Prime,RM Priority Lead,Insurance,RM / Branch,Route to RM within 48 hours with value talking points and product rationale.,4364.82,4509.82,145.0,4364.82,0.6048,1,0,1.0,5591.95
OP0605,CU0605,EM0005,BR0001,CP1003,Customer 605,50,Affluent,109720.32,92,Salaried,Tier 2,1,1,1,1,0,0,0,0,323891.16,12,3,12,1,2,4,84,Accepted,1,0,719,Established,Hybrid,Insurance,1,1,2025-11-09T00:00:00,Rule-Based Recommendation Engine,900.0,0.82,Prime,RM Priority Lead,Insurance,RM / Branch,Route to RM within 48 hours with value talking points and product rationale.,5255.19,5400.19,145.0,5255.19,0.74,1,0,1.0,7120.31
OP0606,CU0606,EM0009,BR0002,CP1002,Customer 606,35,Mass,73163.41,90,Salaried,Tier 2,1,0,1,1,0,0,0,0,137353.32,10,7,12,8,0,1,15,No Response,1,0,816,Emerging,Hybrid,Personal Loan,1,1,2026-01-21T00:00:00,Rule-Based Recommendation Engine,832.0,0.7316,Prime,RM Priority Lead,Personal Loan,RM / Branch,Route to RM within 48 hours with value talking points and product rationale.,6930.67,7075.67,145.0,6930.67,0.6516,1,0,0.0,0.0
OP0607,CU0607,EM0003,BR0001,CP1002,Customer 607,36,Mass,74986.25,40,Professional,Tier 3,1,1,1,1,0,0,0,0,37407.81,11,8,10,15,1,0,2,No Response,0,0,729,Established,Digital,Personal Loan,1,1,2026-04-08T00:00:00,Rule-Based Recommendation Engine,500.0,0.5171,Suppressed,Suppress,Personal Loan,No Outreach,"Suppress outreach. Address service, compliance, or contact-fatigue constraints before reactivating.",0.0,0.0,0.0,0.0,0.4371,0,0,0.0,0.0
OP0608,CU0608,EM0009,BR0002,CP1003,Customer 608,36,HNI,225408.61,48,Professional,Tier 1,1,1,1,2,0,1,0,0,850000.0,1,6,7,5,0,3,44,Declined,0,0,846,Established,Hybrid,Insurance,1,1,2026-02-18T00:00:00,Rule-Based Recommendation Engine,900.0,0.82,Prime,RM Priority Lead,Insurance,RM / Branch,Route to RM within 48 hours with value talking points and product rationale.,5255.19,5400.19,145.0,5255.19,0.74,1,0,0.0,0.0
OP0609,CU0609,EM0005,BR0001,CP1004,Customer 609,50,Affluent,135877.87,1,Salaried,Tier 1,1,1,1,3,1,0,0,1,115672.25,29,3,16,10,0,0,41,No Response,0,0,759,Established,Digital,Wealth Upgrade,1,1,2026-01-17T00:00:00,Rule-Based Recommendation Engine,817.0,0.7121,Prime,RM Priority Lead,Wealth Upgrade,RM / Branch,Route to RM within 48 hours with value talking points and product rationale.,12102.41,12247.41,145.0,12102.41,0.6321,1,0,0.0,0.0
OP0610,CU0610,EM0007,BR0002,CP1002,Customer 610,45,Affluent,140906.59,29,Self-Employed,Tier 1,1,0,1,2,0,1,0,0,382407.49,5,9,2,12,0,1,42,No Response,0,0,739,Growth,RM / Branch,Personal Loan,1,1,2025-12-07T00:00:00,Rule-Based Recommendation Engine,520.0,0.5483,Low,Hold / Defer,Personal Loan,No Outreach,Keep out of the active audience until new engagement or relationship signals arrive.,0.0,0.0,0.0,0.0,0.4683,0,0,0.0,0.0
OP0611,CU0611,EM0001,BR0001,CP1002,Customer 611,40,Affluent,132209.56,66,Self-Employed,Tier 2,1,1,1,2,1,0,0,0,124489.21,14,11,15,16,0,5,34,Declined,0,0,808,Growth,Digital,Personal Loan,1,1,2026-02-24T00:00:00,Rule-Based Recommendation Engine,866.0,0.7758,Prime,RM Priority Lead,Personal Loan,RM / Branch,Route to RM within 48 hours with value talking points and product rationale.,7358.15,7503.15,145.0,7358.15,0.6958,1,0,1.0,9019.81
OP0612,CU0612,EM0010,BR0002,CP1002,Customer 612,22,Mass,138602.39,38,Professional,Tier 1,0,1,1,2,0,0,1,0,78007.28,23,10,12,10,3,1,12,Opened,0,0,773,Emerging,RM / Branch,Personal Loan,1,1,2025-11-05T00:00:00,Rule-Based Recommendation Engine,500.0,0.6601,Suppressed,Suppress,Personal Loan,No Outreach,"Suppress outreach. Address service, compliance, or contact-fatigue constraints before reactivating.",0.0,0.0,0.0,0.0,0.5801,0,0,0.0,0.0
OP0613,CU0613,EM0003,BR0001,CP1001,Customer 613,38,Affluent,179757.27,28,Professional,Tier 1,1,1,1,4,1,1,1,0,225595.13,27,2,13,12,0,2,28,No Response,0,0,708,Growth,RM / Branch,Credit Card,1,1,2026-02-10T00:00:00,Rule-Based Recommendation Engine,520.0,0.5873,Low,Hold / Defer,Credit Card,No Outreach,Keep out of the active audience until new engagement or relationship signals arrive.,0.0,0.0,0.0,0.0,0.5073,0,0,0.0,0.0
OP0614,CU0614,EM0010,BR0002,CP1002,Customer 614,26,Mass,114014.75,40,Professional,Tier 1,1,1,1,2,1,0,0,0,12000.0,13,10,11,9,1,0,73,No Response,0,0,762,Emerging,RM / Branch,Personal Loan,1,1,2025-11-27T00:00:00,Rule-Based Recommendation Engine,797.0,0.6861,Prime,RM Priority Lead,Personal Loan,RM / Branch,Route to RM within 48 hours with value talking points and product rationale.,6490.62,6635.62,145.0,6490.62,0.6061,1,0,1.0,8351.23
OP0615,CU0615,EM0002,BR0001,CP1002,Customer 615,33,Mass,102153.67,47,Salaried,Tier 2,1,1,1,4,1,1,0,1,12000.0,6,4,20,7,1,0,65,Accepted,0,0,741,Established,Hybrid,Personal Loan,1,1,2025-11-08T00:00:00,Rule-Based Recommendation Engine,520.0,0.5275,Low,Hold / Defer,Personal Loan,No Outreach,Keep out of the active audience until new engagement or relationship signals arrive.,0.0,0.0,0.0,0.0,0.4475,0,0,0.0,0.0
OP0616,CU0616,EM0008,BR0002,CP1002,Customer 616,36,Affluent,154537.61,18,Business Owner,Tier 2,1,0,1,3,1,1,0,0,333581.06,9,2,1,11,1,1,43,No Response,0,0,742,Established,RM / Branch,Personal Loan,1,1,2025-11-21T00:00:00,Rule-Based Recommendation Engine,520.0,0.5327,Low,Hold / Defer,Personal Loan,No Outreach,Keep out of the active audience until new engagement or relationship signals arrive.,0.0,0.0,0.0,0.0,0.4527,0,0,0.0,0.0
OP0617,CU0617,EM0002,BR0001,CP1001,Customer 617,42,Mass,90648.55,42,Salaried,Tier 3,1,1,1,2,1,0,0,0,210826.31,2,4,17,7,0,2,8,Clicked,0,0,737,Growth,Hybrid,Credit Card,1,1,2026-03-28T00:00:00,Rule-Based Recommendation Engine,500.0,0.5587,Suppressed,Suppress,Credit Card,No Outreach,"Suppress outreach. Address service, compliance, or contact-fatigue constraints before reactivating.",0.0,0.0,0.0,0.0,0.4787,0,0,0.0,0.0
OP0618,CU0618,EM0008,BR0002,CP1002,Customer 618,45,Mass,193555.69,1,Business Owner,Tier 1,0,0,1,2,0,0,0,1,122581.98,12,9,11,13,2,1,38,No Response,1,0,814,Established,Hybrid,Personal Loan,1,1,2026-02-24T00:00:00,Rule-Based Recommendation Engine,839.0,0.7407,Prime,RM Priority Lead,Personal Loan,RM / Branch,Route to RM within 48 hours with value talking points and product rationale.,7018.68,7163.68,145.0,7018.68,0.6607,1,0,1.0,7873.02
OP0619,CU0619,EM0005,BR0001,CP1001,Customer 619,52,Affluent,206404.01,30,Business Owner,Tier 1,1,1,1,2,0,0,1,0,473239.62,20,6,3,1,2,1,23,Accepted,0,0,738,Established,RM / Branch,Credit Card,1,1,2025-12-31T00:00:00,Rule-Based Recommendation Engine,888.0,0.8044,Prime,RM Priority Lead,Credit Card,RM / Branch,Route to RM within 48 hours with value talking points and product rationale.,2716.09,2861.09,145.0,2716.09,0.7244,1,0,1.0,3630.66
OP0620,CU0620,EM0006,BR0002,CP1001,Customer 620,46,Affluent,125369.26,27,Salaried,Tier 2,1,0,1,3,0,1,0,1,320699.44,12,9,26,8,1,1,42,No Response,0,0,770,Growth,Digital,Credit Card,1,1,2026-02-22T00:00:00,Rule-Based Recommendation Engine,873.0,0.7849,Prime,RM Priority Lead,Credit Card,RM / Branch,Route to RM within 48 hours with value talking points and product rationale.,2646.73,2791.73,145.0,2646.73,0.7049,1,0,0.0,0.0
OP0621,CU0621,EM0001,BR0001,CP1001,Customer 621,35,Mass,65472.46,28,Salaried,Tier 3,1,1,1,2,1,0,0,0,69836.15,14,8,9,16,1,0,18,Opened,0,0,730,Growth,Hybrid,Credit Card,1,1,2026-02-10T00:00:00,Rule-Based Recommendation Engine,520.0,0.4781,Low,Hold / Defer,Credit Card,No Outreach,Keep out of the active audience until new engagement or relationship signals arrive.,0.0,0.0,0.0,0.0,0.3981,0,0,0.0,0.0
OP0622,CU0622,EM0006,BR0002,CP1003,Customer 622,21,Mass,93974.36,24,Professional,Tier 2,1,0,1,2,1,0,0,0,12000.0,9,9,3,0,2,2,31,Accepted,0,0,717,Established,RM / Branch,Insurance,1,1,2025-12-06T00:00:00,Rule-Based Recommendation Engine,520.0,0.5782,Low,Hold / Defer,Insurance,RM / Branch,Keep out of the active audience until new engagement or relationship signals arrive.,0.0,0.0,145.0,0.0,0.4982,0,0,0.0,0.0
OP0623,CU0623,EM0001,BR0001,CP1001,Customer 623,38,Mass,161383.27,34,Professional,Tier 3,1,0,1,1,0,0,0,0,12000.0,22,7,0,9,1,1,163,Opened,1,0,696,Established,RM / Branch,Credit Card,1,1,2026-03-12T00:00:00,Rule-Based Recommendation Engine,733.0,0.6029,High,Campaign Target,Credit Card,Outbound Campaign,Push into the next campaign wave with personalization tags and channel controls.,2126.39,2144.39,18.0,2126.39,0.5229,1,0,0.0,0.0
OP0624,CU0624,EM0010,BR0002,CP1003,Customer 624,49,Mass,146593.96,73,Salaried,Tier 2,1,1,1,3,1,1,0,0,237344.77,9,3,10,3,2,0,41,Opened,0,0,742,Growth,Digital,Insurance,1,1,2026-01-23T00:00:00,Rule-Based Recommendation Engine,846.0,0.7498,Prime,RM Priority Lead,Insurance,RM / Branch,Route to RM within 48 hours with value talking points and product rationale.,4792.88,4937.88,145.0,4792.88,0.6698,1,0,1.0,6255.38
OP0625,CU0625,EM0001,BR0001,CP1001,Customer 625,27,Mass,56908.14,49,Self-Employed,Tier 1,1,0,1,2,0,0,1,0,63629.99,1,5,12,0,1,2,57,No Response,0,0,699,Emerging,Hybrid,Credit Card,1,1,2025-12-04T00:00:00,Rule-Based Recommendation Engine,775.0,0.6575,High,Campaign Target,Credit Card,Hybrid,Push into the next campaign wave with personalization tags and channel controls.,2310.6,2338.6,28.0,2310.6,0.5775,0,1,0.0,0.0
OP0626,CU0626,EM0006,BR0002,CP1001,Customer 626,47,Mass,114046.8,16,Salaried,Tier 1,1,1,1,1,0,0,0,0,74632.62,23,12,8,13,2,0,103,No Response,0,0,727,Growth,RM / Branch,Credit Card,1,1,2026-02-19T00:00:00,Rule-Based Recommendation Engine,825.0,0.7225,Prime,RM Priority Lead,Credit Card,RM / Branch,Route to RM within 48 hours with value talking points and product rationale.,2424.79,2569.79,145.0,2424.79,0.6425,0,1,0.0,0.0
OP0627,CU0627,EM0003,BR0001,CP1003,Customer 627,24,Mass,91186.23,26,Salaried,Tier 2,1,1,1,3,1,1,0,0,95582.51,20,8,24,8,0,0,109,No Response,1,0,740,Growth,Digital,Insurance,1,1,2025-12-22T00:00:00,Rule-Based Recommendation Engine,520.0,0.6978,Low,Hold / Defer,Insurance,No Outreach,Keep out of the active audience until new engagement or relationship signals arrive.,0.0,0.0,0.0,0.0,0.6178,0,0,0.0,0.0
OP0628,CU0628,EM0009,BR0002,CP1002,Customer 628,37,Affluent,113884.43,55,Professional,Tier 1,1,1,1,3,1,0,1,0,216397.51,11,6,12,1,1,2,49,Opened,0,0,733,Established,Hybrid,Personal Loan,1,1,2025-11-02T00:00:00,Rule-Based Recommendation Engine,797.0,0.6861,Prime,RM Priority Lead,Personal Loan,RM / Branch,Route to RM within 48 hours with value talking points and product rationale.,6490.62,6635.62,145.0,6490.62,0.6061,1,0,0.0,0.0
OP0629,CU0629,EM0001,BR0001,CP1001,Customer 629,43,Mass,70837.96,1,Contract,Tier 2,1,0,1,2,0,1,0,0,47361.17,22,9,9,9,0,0,16,No Response,1,0,652,Growth,Digital,Credit Card,1,1,2025-12-22T00:00:00,Rule-Based Recommendation Engine,625.0,0.4625,Moderate,Digital Nurture,Credit Card,Digital,Start a lighter digital journey and rescore after the next engagement signal refresh.,1637.02,1645.02,8.0,1637.02,0.3825,0,1,0.0,0.0
OP0630,CU0630,EM0008,BR0002,CP1002,Customer 630,42,Mass,81064.47,5,Salaried,Tier 3,1,1,1,2,1,0,0,0,236216.23,11,5,16,9,0,0,46,Accepted,0,0,796,Established,Digital,Personal Loan,1,1,2025-12-09T00:00:00,Rule-Based Recommendation Engine,792.0,0.6796,Prime,RM Priority Lead,Personal Loan,RM / Branch,Route to RM within 48 hours with value talking points and product rationale.,6427.75,6572.75,145.0,6427.75,0.5996,1,0,0.0,0.0
OP0631,CU0631,EM0002,BR0001,CP1001,Customer 631,37,Mass,95970.33,40,Salaried,Tier 3,1,0,1,1,0,0,0,0,67220.13,10,8,5,11,1,0,43,Opened,0,0,696,Growth,Hybrid,Credit Card,1,1,2026-03-24T00:00:00,Rule-Based Recommendation Engine,765.0,0.6445,High,Campaign Target,Credit Card,Hybrid,Push into the next campaign wave with personalization tags and channel controls.,2264.36,2292.36,28.0,2264.36,0.5645,0,1,1.0,2758.71
OP0632,CU0632,EM0009,BR0002,CP1003,Customer 632,67,Mass,170337.71,10,Salaried,Tier 1,1,0,1,1,0,0,0,0,221855.84,21,6,11,13,1,1,65,No Response,0,0,731,Growth,Hybrid,Insurance,1,1,2025-11-12T00:00:00,Rule-Based Recommendation Engine,778.0,0.6614,High,Campaign Target,Insurance,Hybrid,Push into the next campaign wave with personalization tags and channel controls.,4327.72,4355.72,28.0,4327.72,0.5814,1,0,0.0,0.0
OP0633,CU0633,EM0002,BR0001,CP1003,Customer 633,29,Mass,65588.8,61,Salaried,Tier 3,1,0,1,2,1,0,0,0,76402.37,4,7,19,16,0,1,35,Clicked,0,0,809,Growth,Digital,Insurance,1,1,2025-11-21T00:00:00,Rule-Based Recommendation Engine,817.0,0.7121,Prime,RM Priority Lead,Insurance,RM / Branch,Route to RM within 48 hours with value talking points and product rationale.,4544.61,4689.61,145.0,4544.61,0.6321,1,0,1.0,6259.38
OP0634,CU0634,EM0010,BR0002,CP1001,Customer 634,21,Affluent,83543.54,21,Salaried,Tier 3,1,1,1,1,0,0,0,0,117336.32,3,12,15,3,3,0,39,No Response,0,0,697,Growth,Hybrid,Credit Card,1,1,2026-04-04T00:00:00,Rule-Based Recommendation Engine,773.0,0.6549,High,Campaign Target,Credit Card,Hybrid,Push into the next campaign wave with personalization tags and channel controls.,2301.35,2329.35,28.0,2301.35,0.5749,1,0,0.0,0.0
OP0635,CU0635,EM0003,BR0001,CP1001,Customer 635,37,Affluent,132286.06,1,Self-Employed,Tier 1,1,0,1,1,0,0,0,0,270044.4,20,4,10,15,1,2,27,No Response,0,0,749,Established,Hybrid,Credit Card,1,1,2025-11-03T00:00:00,Rule-Based Recommendation Engine,829.0,0.7277,Prime,RM Priority Lead,Credit Card,RM / Branch,Route to RM within 48 hours with value talking points and product rationale.,2443.28,2588.28,145.0,2443.28,0.6477,1,0,0.0,0.0
OP0636,CU0636,EM0009,BR0002,CP1001,Customer 636,33,Affluent,125967.83,53,Self-Employed,Tier 1,1,0,1,2,1,0,0,0,218532.97,14,6,15,13,1,0,14,No Response,0,0,712,Emerging,Digital,Credit Card,1,1,2026-01-18T00:00:00,Rule-Based Recommendation Engine,520.0,0.5249,Low,Hold / Defer,Credit Card,No Outreach,Keep out of the active audience until new engagement or relationship signals arrive.,0.0,0.0,0.0,0.0,0.4449,0,0,0.0,0.0
OP0637,CU0637,EM0003,BR0001,CP1002,Customer 637,21,Mass,96867.49,19,Self-Employed,Tier 2,1,0,1,2,0,1,0,0,223732.16,9,8,10,9,0,0,4,Accepted,0,0,732,Emerging,Digital,Personal Loan,1,1,2026-01-13T00:00:00,Rule-Based Recommendation Engine,500.0,0.4079,Suppressed,Suppress,Personal Loan,No Outreach,"Suppress outreach. Address service, compliance, or contact-fatigue constraints before reactivating.",0.0,0.0,0.0,0.0,0.3279,0,0,0.0,0.0
OP0638,CU0638,EM0008,BR0002,CP1002,Customer 638,41,Affluent,88668.25,39,Contract,Tier 3,1,1,1,2,1,0,0,0,224085.25,20,10,14,1,1,3,11,No Response,0,0,668,Growth,Hybrid,Personal Loan,1,1,2026-01-22T00:00:00,Rule-Based Recommendation Engine,500.0,0.5379,Suppressed,Suppress,Personal Loan,No Outreach,"Suppress outreach. Address service, compliance, or contact-fatigue constraints before reactivating.",0.0,0.0,0.0,0.0,0.4579,0,0,0.0,0.0
OP0639,CU0639,EM0001,BR0001,CP1003,Customer 639,42,Affluent,191752.82,89,Business Owner,Tier 1,1,1,1,2,1,0,0,0,158222.7,12,6,14,5,1,2,54,No Response,0,1,670,Emerging,Hybrid,Insurance,1,1,2025-11-08T00:00:00,Rule-Based Recommendation Engine,500.0,0.5184,Suppressed,Suppress,Insurance,No Outreach,"Suppress outreach. Address service, compliance, or contact-fatigue constraints before reactivating.",0.0,0.0,0.0,0.0,0.4384,0,0,0.0,0.0
OP0640,CU0640,EM0008,BR0002,CP1004,Customer 640,24,Affluent,81700.48,10,Salaried,Tier 2,0,1,1,2,1,0,0,0,318382.06,23,7,0,3,4,1,112,No Response,0,0,797,Growth,RM / Branch,Wealth Upgrade,1,1,2025-11-05T00:00:00,Rule-Based Recommendation Engine,834.0,0.7342,Prime,RM Priority Lead,Wealth Upgrade,RM / Branch,Route to RM within 48 hours with value talking points and product rationale.,12482.51,12627.51,145.0,12482.51,0.6542,1,0,1.0,13850.3
OP0641,CU0641,EM0004,BR0001,CP1003,Customer 641,39,Mass,92544.01,29,Salaried,Tier 3,1,1,1,2,1,0,0,0,217800.04,20,3,5,11,0,1,19,Opened,0,0,665,Mature,Hybrid,Insurance,1,1,2025-12-02T00:00:00,Rule-Based Recommendation Engine,500.0,0.482,Suppressed,Suppress,Insurance,No Outreach,"Suppress outreach. Address service, compliance, or contact-fatigue constraints before reactivating.",0.0,0.0,0.0,0.0,0.402,0,0,0.0,0.0
OP0642,CU0642,EM0006,BR0002,CP1001,Customer 642,33,Affluent,116844.05,58,Professional,Tier 2,1,1,1,1,0,0,0,0,359051.59,13,14,13,16,0,3,20,Opened,0,0,697,Emerging,Digital,Credit Card,1,1,2026-01-17T00:00:00,Rule-Based Recommendation Engine,863.0,0.7719,Prime,RM Priority Lead,Credit Card,RM / Branch,Route to RM within 48 hours with value talking points and product rationale.,2600.49,2745.49,145.0,2600.49,0.6919,1,0,0.0,0.0
OP0643,CU0643,EM0001,BR0001,CP1004,Customer 643,51,Affluent,210687.34,49,Business Owner,Tier 1,1,0,1,1,0,0,0,0,268036.39,35,6,2,5,5,3,39,Clicked,0,0,782,Mature,RM / Branch,Wealth Upgrade,1,1,2026-01-29T00:00:00,Rule-Based Recommendation Engine,885.0,0.8005,Prime,RM Priority Lead,Wealth Upgrade,RM / Branch,Route to RM within 48 hours with value talking points and product rationale.,13622.8,13767.8,145.0,13622.8,0.7205,1,0,0.0,0.0
OP0644,CU0644,EM0010,BR0002,CP1001,Customer 644,38,Affluent,97515.85,92,Salaried,Tier 2,1,1,1,3,1,0,1,0,252719.15,23,6,17,7,1,1,65,Clicked,0,0,808,Growth,Hybrid,Credit Card,1,1,2026-03-10T00:00:00,Rule-Based Recommendation Engine,520.0,0.6484,Low,Hold / Defer,Credit Card,No Outreach,Keep out of the active audience until new engagement or relationship signals arrive.,0.0,0.0,0.0,0.0,0.5684,0,0,0.0,0.0
OP0645,CU0645,EM0002,BR0001,CP1003,Customer 645,23,Mass,55972.42,74,Salaried,Tier 1,1,1,1,1,0,0,0,0,90341.02,27,8,4,3,0,2,11,Accepted,1,0,646,Growth,Digital,Insurance,1,1,2026-04-09T00:00:00,Rule-Based Recommendation Engine,500.0,0.4846,Suppressed,Suppress,Insurance,No Outreach,"Suppress outreach. Address service, compliance, or contact-fatigue constraints before reactivating.",0.0,0.0,0.0,0.0,0.4046,0,0,0.0,0.0
OP0646,CU0646,EM0006,BR0002,CP1001,Customer 646,36,Affluent,88950.57,84,Salaried,Tier 3,1,1,1,3,1,0,0,1,232975.46,14,5,2,5,2,2,91,No Response,0,0,781,Growth,RM / Branch,Credit Card,1,1,2026-03-03T00:00:00,Rule-Based Recommendation Engine,520.0,0.6146,Low,Hold / Defer,Credit Card,No Outreach,Keep out of the active audience until new engagement or relationship signals arrive.,0.0,0.0,0.0,0.0,0.5346,0,0,0.0,0.0
OP0647,CU0647,EM0001,BR0001,CP1001,Customer 647,48,Affluent,125569.5,61,Salaried,Tier 1,1,1,1,1,0,0,0,0,210101.04,18,7,8,6,2,3,167,Opened,0,0,750,Established,Hybrid,Credit Card,1,1,2026-03-13T00:00:00,Rule-Based Recommendation Engine,887.0,0.8031,Prime,RM Priority Lead,Credit Card,RM / Branch,Route to RM within 48 hours with value talking points and product rationale.,2711.47,2856.47,145.0,2711.47,0.7231,0,1,0.0,0.0
OP0648,CU0648,EM0006,BR0002,CP1004,Customer 648,42,Affluent,126966.8,50,Salaried,Tier 1,1,1,1,3,0,0,1,1,221830.72,16,9,14,0,1,1,37,Clicked,1,0,763,Growth,Digital,Wealth Upgrade,1,1,2026-02-04T00:00:00,Rule-Based Recommendation Engine,893.0,0.8109,Prime,RM Priority Lead,Wealth Upgrade,RM / Branch,Route to RM within 48 hours with value talking points and product rationale.,13801.67,13946.67,145.0,13801.67,0.7309,1,0,1.0,15153.25
OP0649,CU0649,EM0001,BR0001,CP1001,Customer 649,41,Affluent,144903.35,11,Salaried,Tier 1,0,1,1,1,0,0,0,0,214287.54,23,3,12,10,3,2,22,Opened,0,0,674,Emerging,Digital,Credit Card,1,1,2026-04-02T00:00:00,Rule-Based Recommendation Engine,733.0,0.6029,High,Campaign Target,Credit Card,Digital,Push into the next campaign wave with personalization tags and channel controls.,2136.39,2144.39,8.0,2136.39,0.5229,0,1,0.0,0.0
OP0650,CU0650,EM0007,BR0002,CP1002,Customer 650,45,Affluent,106924.8,56,Self-Employed,Tier 1,1,0,1,2,0,0,0,1,53668.0,24,3,1,11,1,4,14,Clicked,0,0,791,Growth,Digital,Personal Loan,1,1,2026-02-10T00:00:00,Rule-Based Recommendation Engine,500.0,0.677,Suppressed,Suppress,Personal Loan,No Outreach,"Suppress outreach. Address service, compliance, or contact-fatigue constraints before reactivating.",0.0,0.0,0.0,0.0,0.597,0,0,0.0,0.0
OP0651,CU0651,EM0002,BR0001,CP1004,Customer 651,34,Mass,108043.54,34,Salaried,Tier 1,1,1,1,1,0,0,0,0,179767.09,20,4,11,10,1,0,62,Opened,0,0,707,Growth,Hybrid,Wealth Upgrade,1,1,2025-11-30T00:00:00,Rule-Based Recommendation Engine,520.0,0.6731,Low,Hold / Defer,Wealth Upgrade,No Outreach,Keep out of the active audience until new engagement or relationship signals arrive.,0.0,0.0,0.0,0.0,0.5931,0,0,0.0,0.0
OP0652,CU0652,EM0009,BR0002,CP1004,Customer 652,37,Affluent,150204.12,18,Professional,Tier 1,1,1,1,1,0,0,0,0,548776.11,19,9,8,18,2,4,64,Clicked,0,0,787,Established,Digital,Wealth Upgrade,1,1,2025-11-11T00:00:00,Rule-Based Recommendation Engine,900.0,0.82,Prime,RM Priority Lead,Wealth Upgrade,RM / Branch,Route to RM within 48 hours with value talking points and product rationale.,13958.18,14103.18,145.0,13958.18,0.74,1,0,0.0,0.0
OP0653,CU0653,EM0005,BR0001,CP1001,Customer 653,40,Mass,109689.79,25,Salaried,Tier 2,1,1,1,4,1,1,0,1,100183.21,28,8,9,6,0,1,61,Clicked,1,0,750,Mature,Hybrid,Credit Card,1,1,2026-03-25T00:00:00,Rule-Based Recommendation Engine,520.0,0.5951,Low,Hold / Defer,Credit Card,No Outreach,Keep out of the active audience until new engagement or relationship signals arrive.,0.0,0.0,0.0,0.0,0.5151,0,0,0.0,0.0
OP0654,CU0654,EM0007,BR0002,CP1002,Customer 654,38,Mass,127853.34,57,Self-Employed,Tier 2,0,1,1,2,0,0,0,1,88554.45,18,4,18,2,0,2,42,Opened,0,0,708,Growth,Digital,Personal Loan,0,1,2026-01-12T00:00:00,Rule-Based Recommendation Engine,500.0,0.6887,Suppressed,Suppress,Personal Loan,No Outreach,"Suppress outreach. Address service, compliance, or contact-fatigue constraints before reactivating.",0.0,0.0,0.0,0.0,0.6087,0,0,0.0,0.0
OP0655,CU0655,EM0002,BR0001,CP1001,Customer 655,41,Mass,103905.45,57,Salaried,Tier 2,0,1,1,4,1,1,1,0,236979.77,9,10,15,6,6,0,73,No Response,0,0,703,Emerging,Digital,Credit Card,1,1,2026-03-10T00:00:00,Rule-Based Recommendation Engine,520.0,0.5847,Low,Hold / Defer,Credit Card,No Outreach,Keep out of the active audience until new engagement or relationship signals arrive.,0.0,0.0,0.0,0.0,0.5047,0,0,0.0,0.0
OP0656,CU0656,EM0006,BR0002,CP1004,Customer 656,40,Affluent,191667.01,48,Professional,Tier 2,1,1,1,2,1,0,0,0,311925.09,11,5,21,8,0,3,24,No Response,0,0,693,Established,Digital,Wealth Upgrade,1,1,2026-01-12T00:00:00,Rule-Based Recommendation Engine,500.0,0.82,Suppressed,Suppress,Wealth Upgrade,No Outreach,"Suppress outreach. Address service, compliance, or contact-fatigue constraints before reactivating.",0.0,0.0,0.0,0.0,0.74,0,0,0.0,0.0
OP0657,CU0657,EM0003,BR0001,CP1003,Customer 657,35,Mass,159441.34,2,Business Owner,Tier 2,0,0,1,2,1,0,0,0,316085.2,25,2,8,9,0,3,45,Opened,1,0,675,Established,Digital,Insurance,1,1,2025-12-31T00:00:00,Rule-Based Recommendation Engine,732.0,0.6016,High,Campaign Target,Insurance,RM / Branch,Push into the next campaign wave with personalization tags and channel controls.,3816.9,3961.9,145.0,3816.9,0.5216,1,0,0.0,0.0
OP0658,CU0658,EM0008,BR0002,CP1004,Customer 658,42,Affluent,129674.91,50,Self-Employed,Tier 3,0,1,1,2,1,0,0,0,72140.76,11,4,9,4,1,3,88,Clicked,1,1,731,Growth,RM / Branch,Wealth Upgrade,0,1,2026-01-14T00:00:00,Rule-Based Recommendation Engine,500.0,0.6276,Suppressed,Suppress,Wealth Upgrade,No Outreach,"Suppress outreach. Address service, compliance, or contact-fatigue constraints before reactivating.",0.0,0.0,0.0,0.0,0.5476,0,0,0.0,0.0
OP0659,CU0659,EM0003,BR0001,CP1001,Customer 659,21,Mass,137494.27,18,Professional,Tier 1,1,1,1,4,1,1,0,1,126885.56,20,2,5,2,1,0,7,No Response,0,0,762,Emerging,Hybrid,Credit Card,1,1,2025-11-22T00:00:00,Rule-Based Recommendation Engine,500.0,0.4885,Suppressed,Suppress,Credit Card,No Outreach,"Suppress outreach. Address service, compliance, or contact-fatigue constraints before reactivating.",0.0,0.0,0.0,0.0,0.4085,0,0,0.0,0.0
OP0660,CU0660,EM0008,BR0002,CP1003,Customer 660,36,Affluent,111555.91,33,Self-Employed,Tier 1,1,0,1,2,0,0,1,0,255942.37,1,4,5,5,1,1,45,No Response,0,0,730,Emerging,Hybrid,Insurance,1,1,2026-01-16T00:00:00,Rule-Based Recommendation Engine,776.0,0.6588,High,Campaign Target,Insurance,Hybrid,Push into the next campaign wave with personalization tags and channel controls.,4310.59,4338.59,28.0,4310.59,0.5788,1,0,0.0,0.0
OP0661,CU0661,EM0002,BR0001,CP1003,Customer 661,21,Affluent,84424.19,62,Salaried,Tier 3,1,1,1,1,0,0,0,0,67366.05,26,6,16,7,0,5,32,Clicked,2,0,743,Growth,Digital,Insurance,1,1,2025-11-17T00:00:00,Rule-Based Recommendation Engine,520.0,0.729,Low,Hold / Defer,Insurance,RM / Branch,Keep out of the active audience until new engagement or relationship signals arrive.,0.0,0.0,145.0,0.0,0.649,0,0,0.0,0.0
OP0662,CU0662,EM0010,BR0002,CP1004,Customer 662,35,Affluent,95900.85,51,Salaried,Tier 2,1,0,1,2,1,0,0,0,218751.63,25,7,7,8,0,7,36,No Response,0,0,812,Growth,RM / Branch,Wealth Upgrade,1,1,2025-11-15T00:00:00,Rule-Based Recommendation Engine,878.0,0.7914,Prime,RM Priority Lead,Wealth Upgrade,RM / Branch,Route to RM within 48 hours with value talking points and product rationale.,13466.29,13611.29,145.0,13466.29,0.7114,0,1,0.0,0.0
OP0663,CU0663,EM0004,BR0001,CP1001,Customer 663,22,Affluent,106313.59,46,Self-Employed,Tier 1,1,1,1,2,0,0,1,0,189655.62,20,1,0,6,2,2,52,Accepted,1,0,735,Emerging,RM / Branch,Credit Card,1,1,2025-12-19T00:00:00,Rule-Based Recommendation Engine,849.0,0.7537,Prime,RM Priority Lead,Credit Card,RM / Branch,Route to RM within 48 hours with value talking points and product rationale.,2535.76,2680.76,145.0,2535.76,0.6737,0,1,0.0,0.0
OP0664,CU0664,EM0010,BR0002,CP1001,Customer 664,31,Mass,75994.35,43,Salaried,Tier 3,1,1,1,2,1,0,0,0,114824.78,19,9,9,9,4,1,15,Opened,0,0,713,Established,Digital,Credit Card,1,1,2025-11-25T00:00:00,Rule-Based Recommendation Engine,520.0,0.4729,Low,Hold / Defer,Credit Card,No Outreach,Keep out of the active audience until new engagement or relationship signals arrive.,0.0,0.0,0.0,0.0,0.3929,0,0,0.0,0.0
OP0665,CU0665,EM0004,BR0001,CP1001,Customer 665,37,Affluent,207270.97,24,Professional,Tier 2,0,0,1,1,0,0,0,0,344788.18,7,2,13,9,1,2,53,No Response,0,0,753,Emerging,RM / Branch,Credit Card,1,1,2025-12-13T00:00:00,Rule-Based Recommendation Engine,892.0,0.8096,Prime,RM Priority Lead,Credit Card,RM / Branch,Route to RM within 48 hours with value talking points and product rationale.,2734.59,2879.59,145.0,2734.59,0.7296,1,0,0.0,0.0
OP0666,CU0666,EM0009,BR0002,CP1001,Customer 666,50,Mass,120365.77,85,Salaried,Tier 2,1,1,1,1,0,0,0,0,258470.26,31,6,5,4,1,0,22,No Response,2,0,741,Growth,RM / Branch,Credit Card,1,1,2026-01-19T00:00:00,Rule-Based Recommendation Engine,891.0,0.8083,Prime,RM Priority Lead,Credit Card,RM / Branch,Route to RM within 48 hours with value talking points and product rationale.,2729.96,2874.96,145.0,2729.96,0.7283,1,0,1.0,3137.37
OP0667,CU0667,EM0002,BR0001,CP1003,Customer 667,31,Affluent,146423.77,3,Professional,Tier 2,1,0,1,4,0,1,1,1,386425.76,21,6,9,7,1,0,92,No Response,0,0,792,Growth,Digital,Insurance,1,1,2025-11-29T00:00:00,Rule-Based Recommendation Engine,520.0,0.5951,Low,Hold / Defer,Insurance,No Outreach,Keep out of the active audience until new engagement or relationship signals arrive.,0.0,0.0,0.0,0.0,0.5151,0,0,0.0,0.0
OP0668,CU0668,EM0006,BR0002,CP1001,Customer 668,39,Affluent,201963.72,72,Professional,Tier 2,0,1,1,2,1,0,0,0,595559.96,29,2,14,0,1,0,17,Accepted,0,0,695,Established,Hybrid,Credit Card,1,1,2026-03-19T00:00:00,Rule-Based Recommendation Engine,520.0,0.6016,Low,Hold / Defer,Credit Card,No Outreach,Keep out of the active audience until new engagement or relationship signals arrive.,0.0,0.0,0.0,0.0,0.5216,0,0,0.0,0.0
OP0669,CU0669,EM0005,BR0001,CP1001,Customer 669,30,Mass,84235.43,23,Salaried,Tier 3,1,0,1,2,0,0,0,1,12000.0,11,8,7,8,2,2,41,No Response,1,0,765,Established,Digital,Credit Card,1,1,2026-02-08T00:00:00,Rule-Based Recommendation Engine,763.0,0.6419,High,Campaign Target,Credit Card,Digital,Push into the next campaign wave with personalization tags and channel controls.,2275.11,2283.11,8.0,2275.11,0.5619,1,0,0.0,0.0
OP0670,CU0670,EM0010,BR0002,CP1002,Customer 670,26,Mass,93648.18,27,Self-Employed,Tier 3,1,0,1,3,0,1,0,1,12521.57,11,5,16,6,0,0,57,No Response,1,0,754,Emerging,Digital,Personal Loan,1,1,2025-11-26T00:00:00,Rule-Based Recommendation Engine,520.0,0.4625,Low,Hold / Defer,Personal Loan,No Outreach,Keep out of the active audience until new engagement or relationship signals arrive.,0.0,0.0,0.0,0.0,0.3825,0,0,0.0,0.0
OP0671,CU0671,EM0001,BR0001,CP1001,Customer 671,61,HNI,263109.12,43,Professional,Tier 1,1,1,1,2,1,0,0,0,646893.4,16,8,11,6,2,0,13,No Response,0,0,789,Emerging,RM / Branch,Credit Card,1,0,2025-11-13T00:00:00,Rule-Based Recommendation Engine,500.0,0.6757,Suppressed,Suppress,Credit Card,No Outreach,"Suppress outreach. Address service, compliance, or contact-fatigue constraints before reactivating.",0.0,0.0,0.0,0.0,0.5957,0,0,0.0,0.0
OP0672,CU0672,EM0010,BR0002,CP1001,Customer 672,48,Affluent,125805.07,77,Salaried,Tier 3,1,1,1,2,1,0,0,0,253194.44,21,7,18,9,0,2,53,No Response,0,0,771,Growth,Digital,Credit Card,1,1,2025-11-28T00:00:00,Rule-Based Recommendation Engine,520.0,0.6419,Low,Hold / Defer,Credit Card,No Outreach,Keep out of the active audience until new engagement or relationship signals arrive.,0.0,0.0,0.0,0.0,0.5619,0,0,0.0,0.0
OP0673,CU0673,EM0002,BR0001,CP1002,Customer 673,41,Affluent,180320.46,3,Professional,Tier 2,0,1,1,1,0,0,0,0,637704.06,10,6,0,11,4,1,60,Clicked,1,0,742,Growth,Digital,Personal Loan,0,1,2025-12-28T00:00:00,Rule-Based Recommendation Engine,500.0,0.729,Suppressed,Suppress,Personal Loan,No Outreach,"Suppress outreach. Address service, compliance, or contact-fatigue constraints before reactivating.",0.0,0.0,0.0,0.0,0.649,0,0,0.0,0.0
OP0674,CU0674,EM0007,BR0002,CP1002,Customer 674,36,Mass,98543.98,1,Self-Employed,Tier 2,1,0,1,2,0,0,1,0,135368.9,8,11,0,0,3,2,133,Opened,0,0,766,Growth,Hybrid,Personal Loan,1,0,2026-02-01T00:00:00,Rule-Based Recommendation Engine,500.0,0.6315,Suppressed,Suppress,Personal Loan,No Outreach,"Suppress outreach. Address service, compliance, or contact-fatigue constraints before reactivating.",0.0,0.0,0.0,0.0,0.5515,0,0,0.0,0.0
OP0675,CU0675,EM0002,BR0001,CP1002,Customer 675,43,Affluent,86675.13,57,Salaried,Tier 1,1,0,1,2,0,1,0,0,237693.2,21,8,15,7,0,1,7,No Response,0,0,769,Emerging,Digital,Personal Loan,1,1,2025-12-08T00:00:00,Rule-Based Recommendation Engine,500.0,0.4625,Suppressed,Suppress,Personal Loan,No Outreach,"Suppress outreach. Address service, compliance, or contact-fatigue constraints before reactivating.",0.0,0.0,0.0,0.0,0.3825,0,0,0.0,0.0
OP0676,CU0676,EM0006,BR0002,CP1001,Customer 676,21,Mass,86345.8,41,Self-Employed,Tier 3,1,0,1,2,1,0,0,0,225979.07,4,12,25,8,1,0,41,Clicked,1,0,750,Mature,Digital,Credit Card,1,1,2025-11-03T00:00:00,Rule-Based Recommendation Engine,520.0,0.5873,Low,Hold / Defer,Credit Card,No Outreach,Keep out of the active audience until new engagement or relationship signals arrive.,0.0,0.0,0.0,0.0,0.5073,0,0,0.0,0.0
OP0677,CU0677,EM0003,BR0001,CP1001,Customer 677,38,Affluent,112897.75,46,Professional,Tier 1,1,1,1,2,1,0,0,0,298016.99,16,1,17,13,2,4,184,No Response,1,0,781,Emerging,Digital,Credit Card,1,1,2026-04-04T00:00:00,Rule-Based Recommendation Engine,520.0,0.7316,Low,Hold / Defer,Credit Card,No Outreach,Keep out of the active audience until new engagement or relationship signals arrive.,0.0,0.0,0.0,0.0,0.6516,0,0,0.0,0.0
OP0678,CU0678,EM0009,BR0002,CP1003,Customer 678,43,Mass,70128.19,20,Contract,Tier 2,1,1,1,1,0,0,0,0,37751.05,20,5,13,7,4,0,36,No Response,0,0,711,Established,Hybrid,Insurance,1,1,2026-02-05T00:00:00,Rule-Based Recommendation Engine,728.0,0.5964,High,Campaign Target,Insurance,Hybrid,Push into the next campaign wave with personalization tags and channel controls.,3899.65,3927.65,28.0,3899.65,0.5164,1,0,1.0,4964.5
OP0679,CU0679,EM0003,BR0001,CP1002,Customer 679,25,Mass,133854.92,22,Self-Employed,Tier 1,1,0,1,2,1,0,0,0,209107.05,16,5,1,5,2,0,108,Opened,0,0,732,Established,Digital,Personal Loan,1,1,2026-03-25T00:00:00,Rule-Based Recommendation Engine,759.0,0.6367,High,Campaign Target,Personal Loan,Digital,Push into the next campaign wave with personalization tags and channel controls.,6149.84,6157.84,8.0,6149.84,0.5567,1,0,0.0,0.0
OP0680,CU0680,EM0008,BR0002,CP1002,Customer 680,53,Affluent,123311.61,23,Salaried,Tier 1,1,1,1,1,0,0,0,0,380625.31,13,11,18,7,1,6,122,No Response,0,0,752,Mature,Hybrid,Personal Loan,1,1,2026-03-03T00:00:00,Rule-Based Recommendation Engine,900.0,0.82,Prime,RM Priority Lead,Personal Loan,RM / Branch,Route to RM within 48 hours with value talking points and product rationale.,7785.63,7930.63,145.0,7785.63,0.74,1,0,0.0,0.0
OP0681,CU0681,EM0003,BR0001,CP1001,Customer 681,45,Mass,115355.9,1,Salaried,Tier 1,0,1,1,4,1,1,0,1,269544.43,16,4,11,11,1,0,80,Clicked,0,0,835,Established,Digital,Credit Card,1,1,2026-04-01T00:00:00,Rule-Based Recommendation Engine,520.0,0.6302,Low,Hold / Defer,Credit Card,No Outreach,Keep out of the active audience until new engagement or relationship signals arrive.,0.0,0.0,0.0,0.0,0.5502,0,0,0.0,0.0
OP0682,CU0682,EM0007,BR0002,CP1001,Customer 682,37,Affluent,157646.17,39,Self-Employed,Tier 1,1,1,1,3,1,0,1,0,415652.38,9,1,17,11,0,3,57,No Response,0,0,744,Growth,Digital,Credit Card,1,1,2025-12-28T00:00:00,Rule-Based Recommendation Engine,520.0,0.6809,Low,Hold / Defer,Credit Card,No Outreach,Keep out of the active audience until new engagement or relationship signals arrive.,0.0,0.0,0.0,0.0,0.6009,0,0,0.0,0.0
OP0683,CU0683,EM0002,BR0001,CP1001,Customer 683,39,Mass,104793.75,19,Salaried,Tier 1,1,0,1,1,0,0,0,0,150150.06,11,8,24,6,0,4,33,No Response,0,0,736,Growth,Hybrid,Credit Card,1,1,2026-01-23T00:00:00,Rule-Based Recommendation Engine,869.0,0.7797,Prime,RM Priority Lead,Credit Card,RM / Branch,Route to RM within 48 hours with value talking points and product rationale.,2628.24,2773.24,145.0,2628.24,0.6997,1,0,0.0,0.0
OP0684,CU0684,EM0009,BR0002,CP1003,Customer 684,53,Affluent,134269.06,25,Salaried,Tier 2,1,1,1,4,1,0,1,1,143750.29,14,7,5,7,0,3,16,Opened,0,0,755,Growth,Digital,Insurance,1,1,2025-12-13T00:00:00,Rule-Based Recommendation Engine,500.0,0.5158,Suppressed,Suppress,Insurance,No Outreach,"Suppress outreach. Address service, compliance, or contact-fatigue constraints before reactivating.",0.0,0.0,0.0,0.0,0.4358,0,0,0.0,0.0
OP0685,CU0685,EM0004,BR0001,CP1001,Customer 685,44,Affluent,129109.64,1,Self-Employed,Tier 1,1,0,1,2,0,1,0,0,278966.04,21,5,8,5,0,2,24,No Response,2,0,690,Growth,Hybrid,Credit Card,1,1,2025-12-31T00:00:00,Rule-Based Recommendation Engine,813.0,0.7069,Prime,RM Priority Lead,Credit Card,RM / Branch,Route to RM within 48 hours with value talking points and product rationale.,2369.3,2514.3,145.0,2369.3,0.6269,1,0,0.0,0.0
OP0686,CU0686,EM0010,BR0002,CP1002,Customer 686,25,Affluent,93044.31,64,Salaried,Tier 3,1,0,1,2,1,0,0,0,231027.6,21,1,6,6,1,7,44,Clicked,0,0,716,Established,Digital,Personal Loan,1,1,2026-01-19T00:00:00,Rule-Based Recommendation Engine,785.0,0.6705,High,Campaign Target,Personal Loan,RM / Branch,Push into the next campaign wave with personalization tags and channel controls.,6339.74,6484.74,145.0,6339.74,0.5905,1,0,0.0,0.0
OP0687,CU0687,EM0001,BR0001,CP1002,Customer 687,42,Mass,101758.5,1,Salaried,Tier 2,1,1,1,2,1,0,0,0,125631.65,22,5,13,9,0,2,15,No Response,0,0,764,Established,Digital,Personal Loan,1,1,2026-01-22T00:00:00,Rule-Based Recommendation Engine,773.0,0.6549,High,Campaign Target,Personal Loan,Digital,Push into the next campaign wave with personalization tags and channel controls.,6325.87,6333.87,8.0,6325.87,0.5749,1,0,1.0,8425.42
OP0688,CU0688,EM0006,BR0002,CP1001,Customer 688,34,Mass,82795.96,5,Salaried,Tier 2,1,1,1,1,0,0,0,0,159356.85,7,3,17,7,0,0,8,Declined,0,0,722,Growth,Digital,Credit Card,1,1,2025-12-11T00:00:00,Rule-Based Recommendation Engine,745.0,0.6185,High,Campaign Target,Credit Card,Digital,Push into the next campaign wave with personalization tags and channel controls.,2191.88,2199.88,8.0,2191.88,0.5385,1,0,0.0,0.0
OP0689,CU0689,EM0003,BR0001,CP1002,Customer 689,33,Mass,66709.43,1,Salaried,Tier 3,1,1,1,3,1,1,0,0,57712.05,26,6,9,5,1,1,37,Clicked,0,0,783,Growth,Hybrid,Personal Loan,1,1,2026-04-06T00:00:00,Rule-Based Recommendation Engine,520.0,0.4846,Low,Hold / Defer,Personal Loan,No Outreach,Keep out of the active audience until new engagement or relationship signals arrive.,0.0,0.0,0.0,0.0,0.4046,0,0,0.0,0.0
OP0690,CU0690,EM0006,BR0002,CP1004,Customer 690,43,Affluent,179612.96,31,Professional,Tier 2,1,1,1,2,0,0,0,1,539775.54,19,4,15,12,0,2,20,Declined,0,0,687,Established,Digital,Wealth Upgrade,1,1,2026-03-06T00:00:00,Rule-Based Recommendation Engine,500.0,0.7355,Suppressed,Suppress,Wealth Upgrade,No Outreach,"Suppress outreach. Address service, compliance, or contact-fatigue constraints before reactivating.",0.0,0.0,0.0,0.0,0.6555,0,0,0.0,0.0
OP0691,CU0691,EM0003,BR0001,CP1001,Customer 691,43,Mass,122055.22,37,Salaried,Tier 2,1,0,1,1,0,0,0,0,65828.23,21,16,9,5,4,0,34,No Response,0,1,730,Established,Hybrid,Credit Card,1,1,2026-03-05T00:00:00,Rule-Based Recommendation Engine,500.0,0.547,Suppressed,Suppress,Credit Card,No Outreach,"Suppress outreach. Address service, compliance, or contact-fatigue constraints before reactivating.",0.0,0.0,0.0,0.0,0.467,0,0,0.0,0.0
OP0692,CU0692,EM0007,BR0002,CP1003,Customer 692,26,Mass,82791.16,31,Salaried,Tier 3,1,0,1,1,0,0,0,0,61205.57,6,7,12,4,1,0,48,No Response,0,0,772,Mature,Hybrid,Insurance,1,1,2026-02-21T00:00:00,Rule-Based Recommendation Engine,762.0,0.6406,High,Campaign Target,Insurance,Hybrid,Push into the next campaign wave with personalization tags and channel controls.,4190.74,4218.74,28.0,4190.74,0.5606,1,0,1.0,5106.7
OP0693,CU0693,EM0005,BR0001,CP1004,Customer 693,41,Mass,103326.46,1,Salaried,Tier 1,1,1,1,3,1,0,0,1,305119.01,16,5,4,16,0,0,23,No Response,1,0,774,Established,Digital,Wealth Upgrade,1,1,2025-11-05T00:00:00,Rule-Based Recommendation Engine,500.0,0.7225,Suppressed,Suppress,Wealth Upgrade,No Outreach,"Suppress outreach. Address service, compliance, or contact-fatigue constraints before reactivating.",0.0,0.0,0.0,0.0,0.6425,0,0,0.0,0.0
OP0694,CU0694,EM0006,BR0002,CP1002,Customer 694,47,Mass,127301.94,55,Business Owner,Tier 1,0,1,1,1,0,0,0,0,62692.3,17,9,3,8,0,2,54,Opened,0,0,749,Emerging,Hybrid,Personal Loan,1,1,2025-12-20T00:00:00,Rule-Based Recommendation Engine,811.0,0.7043,Prime,RM Priority Lead,Personal Loan,RM / Branch,Route to RM within 48 hours with value talking points and product rationale.,6666.64,6811.64,145.0,6666.64,0.6243,1,0,1.0,7541.65
OP0695,CU0695,EM0005,BR0001,CP1004,Customer 695,37,Mass,81984.94,40,Salaried,Tier 3,1,1,1,2,0,1,0,0,217135.79,21,7,17,18,0,1,108,No Response,0,0,757,Growth,Hybrid,Wealth Upgrade,1,0,2026-02-14T00:00:00,Rule-Based Recommendation Engine,500.0,0.6991,Suppressed,Suppress,Wealth Upgrade,No Outreach,"Suppress outreach. Address service, compliance, or contact-fatigue constraints before reactivating.",0.0,0.0,0.0,0.0,0.6191,0,0,0.0,0.0
OP0696,CU0696,EM0008,BR0002,CP1001,Customer 696,22,Affluent,138437.86,44,Professional,Tier 1,0,1,1,2,1,0,0,0,119572.96,12,3,4,10,2,3,27,Opened,0,0,748,Growth,Digital,Credit Card,1,1,2025-12-01T00:00:00,Rule-Based Recommendation Engine,520.0,0.5925,Low,Hold / Defer,Credit Card,No Outreach,Keep out of the active audience until new engagement or relationship signals arrive.,0.0,0.0,0.0,0.0,0.5125,0,0,0.0,0.0
OP0697,CU0697,EM0004,BR0001,CP1001,Customer 697,37,Mass,99230.69,49,Salaried,Tier 3,1,1,1,2,1,0,0,0,40469.05,35,3,20,5,1,1,50,Accepted,1,0,796,Growth,Hybrid,Credit Card,1,1,2026-04-06T00:00:00,Rule-Based Recommendation Engine,520.0,0.6198,Low,Hold / Defer,Credit Card,No Outreach,Keep out of the active audience until new engagement or relationship signals arrive.,0.0,0.0,0.0,0.0,0.5398,0,0,0.0,0.0
OP0698,CU0698,EM0010,BR0002,CP1001,Customer 698,44,Affluent,105531.07,78,Salaried,Tier 1,0,1,1,2,1,0,0,0,381226.99,2,7,6,2,1,3,14,No Response,0,0,713,Established,Hybrid,Credit Card,1,1,2025-12-22T00:00:00,Rule-Based Recommendation Engine,500.0,0.5691,Suppressed,Suppress,Credit Card,No Outreach,"Suppress outreach. Address service, compliance, or contact-fatigue constraints before reactivating.",0.0,0.0,0.0,0.0,0.4891,0,0,0.0,0.0
OP0699,CU0699,EM0001,BR0001,CP1003,Customer 699,44,Affluent,140949.67,23,Salaried,Tier 1,1,1,1,4,1,0,1,1,306163.95,14,12,19,4,2,4,20,No Response,0,0,754,Established,Digital,Insurance,1,1,2026-03-14T00:00:00,Rule-Based Recommendation Engine,500.0,0.6302,Suppressed,Suppress,Insurance,No Outreach,"Suppress outreach. Address service, compliance, or contact-fatigue constraints before reactivating.",0.0,0.0,0.0,0.0,0.5502,0,0,0.0,0.0
OP0700,CU0700,EM0006,BR0002,CP1004,Customer 700,49,Affluent,134717.69,16,Salaried,Tier 3,1,0,1,3,0,1,1,0,233006.63,13,4,8,10,2,3,92,No Response,0,1,700,Growth,RM / Branch,Wealth Upgrade,1,1,2026-03-01T00:00:00,Rule-Based Recommendation Engine,500.0,0.6484,Suppressed,Suppress,Wealth Upgrade,No Outreach,"Suppress outreach. Address service, compliance, or contact-fatigue constraints before reactivating.",0.0,0.0,0.0,0.0,0.5684,0,0,0.0,0.0
OP0701,CU0701,EM0004,BR0001,CP1001,Customer 701,34,Mass,89400.25,30,Salaried,Tier 2,0,1,1,2,1,0,0,0,114150.2,14,4,7,7,2,3,130,Opened,0,0,777,Growth,Digital,Credit Card,1,1,2025-12-07T00:00:00,Rule-Based Recommendation Engine,520.0,0.5457,Low,Hold / Defer,Credit Card,No Outreach,Keep out of the active audience until new engagement or relationship signals arrive.,0.0,0.0,0.0,0.0,0.4657,0,0,0.0,0.0
OP0702,CU0702,EM0007,BR0002,CP1003,Customer 702,40,Affluent,122109.31,47,Salaried,Tier 2,1,0,1,3,0,1,0,1,170501.3,16,1,6,14,2,2,32,No Response,0,0,721,Growth,RM / Branch,Insurance,1,0,2026-03-23T00:00:00,Rule-Based Recommendation Engine,500.0,0.5444,Suppressed,Suppress,Insurance,No Outreach,"Suppress outreach. Address service, compliance, or contact-fatigue constraints before reactivating.",0.0,0.0,0.0,0.0,0.4644,0,0,0.0,0.0
OP0703,CU0703,EM0004,BR0001,CP1004,Customer 703,43,Mass,84104.99,31,Salaried,Tier 2,1,0,1,2,0,0,0,1,61935.37,6,8,5,2,1,0,27,Clicked,0,0,720,Growth,Hybrid,Wealth Upgrade,1,1,2026-04-06T00:00:00,Rule-Based Recommendation Engine,500.0,0.5769,Suppressed,Suppress,Wealth Upgrade,No Outreach,"Suppress outreach. Address service, compliance, or contact-fatigue constraints before reactivating.",0.0,0.0,0.0,0.0,0.4969,0,0,0.0,0.0
OP0704,CU0704,EM0007,BR0002,CP1001,Customer 704,23,Affluent,124673.16,80,Self-Employed,Tier 1,1,0,1,3,1,0,0,1,343529.36,7,6,10,2,0,2,40,No Response,0,0,798,Growth,Digital,Credit Card,1,1,2026-01-16T00:00:00,Rule-Based Recommendation Engine,520.0,0.6666,Low,Hold / Defer,Credit Card,No Outreach,Keep out of the active audience until new engagement or relationship signals arrive.,0.0,0.0,0.0,0.0,0.5866,0,0,0.0,0.0
OP0705,CU0705,EM0004,BR0001,CP1001,Customer 705,40,HNI,264923.86,1,Business Owner,Tier 1,1,1,1,3,1,1,0,0,850000.0,35,10,12,5,0,0,210,No Response,0,0,714,Growth,Hybrid,Credit Card,1,0,2026-02-23T00:00:00,Rule-Based Recommendation Engine,500.0,0.6042,Suppressed,Suppress,Credit Card,No Outreach,"Suppress outreach. Address service, compliance, or contact-fatigue constraints before reactivating.",0.0,0.0,0.0,0.0,0.5242,0,0,0.0,0.0
OP0706,CU0706,EM0008,BR0002,CP1002,Customer 706,44,Affluent,136106.62,14,Salaried,Tier 1,1,1,1,2,1,0,0,0,375579.38,19,6,9,3,1,1,32,Opened,0,0,753,Growth,Hybrid,Personal Loan,1,1,2026-02-23T00:00:00,Rule-Based Recommendation Engine,843.0,0.7459,Prime,RM Priority Lead,Personal Loan,RM / Branch,Route to RM within 48 hours with value talking points and product rationale.,7068.97,7213.97,145.0,7068.97,0.6659,1,0,0.0,0.0
OP0707,CU0707,EM0005,BR0001,CP1004,Customer 707,21,Mass,89034.25,22,Salaried,Tier 3,1,0,1,1,0,0,0,0,115881.06,25,11,7,4,3,4,94,No Response,0,0,753,Emerging,Digital,Wealth Upgrade,1,1,2025-12-26T00:00:00,Rule-Based Recommendation Engine,520.0,0.6679,Low,Hold / Defer,Wealth Upgrade,RM / Branch,Keep out of the active audience until new engagement or relationship signals arrive.,0.0,0.0,145.0,0.0,0.5879,0,0,0.0,0.0
OP0708,CU0708,EM0010,BR0002,CP1003,Customer 708,28,Affluent,129381.82,56,Self-Employed,Tier 3,1,0,1,3,0,0,1,1,72021.91,1,7,8,24,0,3,40,No Response,1,0,753,Growth,Digital,Insurance,0,1,2026-01-15T00:00:00,Rule-Based Recommendation Engine,500.0,0.5548,Suppressed,Suppress,Insurance,No Outreach,"Suppress outreach. Address service, compliance, or contact-fatigue constraints before reactivating.",0.0,0.0,0.0,0.0,0.4748,0,0,0.0,0.0
OP0709,CU0709,EM0005,BR0001,CP1002,Customer 709,58,Mass,137586.21,1,Salaried,Tier 1,0,1,1,1,0,0,0,0,293420.55,23,4,17,7,1,0,21,No Response,0,0,665,Emerging,Digital,Personal Loan,1,1,2025-11-14T00:00:00,Rule-Based Recommendation Engine,520.0,0.5197,Low,Hold / Defer,Personal Loan,No Outreach,Keep out of the active audience until new engagement or relationship signals arrive.,0.0,0.0,0.0,0.0,0.4397,0,0,0.0,0.0
OP0710,CU0710,EM0008,BR0002,CP1004,Customer 710,40,Affluent,127232.62,71,Professional,Tier 2,1,1,1,3,1,0,0,1,262037.94,11,8,16,1,5,3,37,No Response,0,0,654,Established,Digital,Wealth Upgrade,1,1,2026-03-06T00:00:00,Rule-Based Recommendation Engine,773.0,0.6549,High,Campaign Target,Wealth Upgrade,RM / Branch,Push into the next campaign wave with personalization tags and channel controls.,11118.63,11263.63,145.0,11118.63,0.5749,1,0,0.0,0.0
OP0711,CU0711,EM0003,BR0001,CP1002,Customer 711,42,Affluent,148240.57,46,Professional,Tier 1,1,0,1,2,0,0,1,0,67869.09,12,6,10,2,1,4,47,Opened,0,0,750,Established,Digital,Personal Loan,1,1,2026-02-26T00:00:00,Rule-Based Recommendation Engine,817.0,0.7121,Prime,RM Priority Lead,Personal Loan,RM / Branch,Route to RM within 48 hours with value talking points and product rationale.,6742.08,6887.08,145.0,6742.08,0.6321,1,0,0.0,0.0
OP0712,CU0712,EM0007,BR0002,CP1002,Customer 712,21,Mass,90467.91,18,Salaried,Tier 1,1,0,1,2,1,0,0,0,136607.06,5,8,17,17,2,2,34,No Response,0,0,734,Growth,Digital,Personal Loan,1,1,2026-04-05T00:00:00,Rule-Based Recommendation Engine,785.0,0.6705,High,Campaign Target,Personal Loan,Digital,Push into the next campaign wave with personalization tags and channel controls.,6476.74,6484.74,8.0,6476.74,0.5905,1,0,0.0,0.0
OP0713,CU0713,EM0003,BR0001,CP1001,Customer 713,33,Mass,99715.9,42,Self-Employed,Tier 2,1,1,1,2,1,0,0,0,140805.5,13,4,13,7,3,0,69,Clicked,0,0,757,Growth,Digital,Credit Card,1,1,2026-03-06T00:00:00,Rule-Based Recommendation Engine,520.0,0.5951,Low,Hold / Defer,Credit Card,No Outreach,Keep out of the active audience until new engagement or relationship signals arrive.,0.0,0.0,0.0,0.0,0.5151,0,0,0.0,0.0
OP0714,CU0714,EM0008,BR0002,CP1003,Customer 714,52,Mass,138069.07,8,Self-Employed,Tier 1,1,0,1,1,0,0,0,0,192148.06,20,4,7,12,1,4,39,No Response,0,0,787,Established,Hybrid,Insurance,1,1,2026-04-05T00:00:00,Rule-Based Recommendation Engine,833.0,0.7329,Prime,RM Priority Lead,Insurance,RM / Branch,Route to RM within 48 hours with value talking points and product rationale.,4681.59,4826.59,145.0,4681.59,0.6529,1,0,1.0,6145.53
OP0715,CU0715,EM0005,BR0001,CP1002,Customer 715,57,Mass,192443.44,10,Professional,Tier 3,1,1,1,2,0,0,1,0,387185.95,16,13,12,6,1,1,104,Clicked,1,0,734,Growth,Hybrid,Personal Loan,0,1,2025-11-25T00:00:00,Rule-Based Recommendation Engine,500.0,0.742,Suppressed,Suppress,Personal Loan,No Outreach,"Suppress outreach. Address service, compliance, or contact-fatigue constraints before reactivating.",0.0,0.0,0.0,0.0,0.662,0,0,0.0,0.0
OP0716,CU0716,EM0007,BR0002,CP1001,Customer 716,45,Mass,114438.59,37,Salaried,Tier 1,0,1,1,1,0,0,0,0,12000.0,22,7,17,15,1,2,16,Declined,0,0,755,Growth,Digital,Credit Card,1,1,2026-02-04T00:00:00,Rule-Based Recommendation Engine,809.0,0.7017,Prime,RM Priority Lead,Credit Card,RM / Branch,Route to RM within 48 hours with value talking points and product rationale.,2350.81,2495.81,145.0,2350.81,0.6217,1,0,0.0,0.0
OP0717,CU0717,EM0004,BR0001,CP1001,Customer 717,46,Affluent,128549.27,60,Salaried,Tier 3,1,1,1,2,1,0,0,0,339763.95,31,6,6,10,2,1,21,No Response,0,0,752,Established,Hybrid,Credit Card,1,1,2026-02-03T00:00:00,Rule-Based Recommendation Engine,520.0,0.6471,Low,Hold / Defer,Credit Card,No Outreach,Keep out of the active audience until new engagement or relationship signals arrive.,0.0,0.0,0.0,0.0,0.5671,0,0,0.0,0.0
OP0718,CU0718,EM0008,BR0002,CP1001,Customer 718,21,Mass,69811.18,29,Salaried,Tier 1,1,0,1,2,0,1,0,0,56364.29,13,9,8,6,0,1,15,No Response,0,1,730,Emerging,RM / Branch,Credit Card,1,1,2025-11-15T00:00:00,Rule-Based Recommendation Engine,500.0,0.469,Suppressed,Suppress,Credit Card,No Outreach,"Suppress outreach. Address service, compliance, or contact-fatigue constraints before reactivating.",0.0,0.0,0.0,0.0,0.389,0,0,0.0,0.0
OP0719,CU0719,EM0004,BR0001,CP1004,Customer 719,48,Mass,176574.87,16,Professional,Tier 2,1,1,1,3,1,0,1,0,96829.01,34,11,14,15,0,0,33,No Response,0,0,729,Emerging,Digital,Wealth Upgrade,1,0,2025-12-29T00:00:00,Rule-Based Recommendation Engine,500.0,0.6471,Suppressed,Suppress,Wealth Upgrade,No Outreach,"Suppress outreach. Address service, compliance, or contact-fatigue constraints before reactivating.",0.0,0.0,0.0,0.0,0.5671,0,0,0.0,0.0
OP0720,CU0720,EM0008,BR0002,CP1002,Customer 720,46,Mass,103444.48,45,Salaried,Tier 1,1,1,1,2,1,0,0,0,302306.42,13,9,5,3,1,1,49,Opened,0,0,787,Established,Hybrid,Personal Loan,1,1,2025-12-09T00:00:00,Rule-Based Recommendation Engine,880.0,0.794,Prime,RM Priority Lead,Personal Loan,RM / Branch,Route to RM within 48 hours with value talking points and product rationale.,7534.17,7679.17,145.0,7534.17,0.714,1,0,1.0,8800.74
OP0721,CU0721,EM0003,BR0001,CP1004,Customer 721,37,Affluent,186523.3,39,Business Owner,Tier 1,1,0,1,2,0,0,1,0,742275.62,16,12,9,5,3,2,69,Declined,0,0,771,Growth,Digital,Wealth Upgrade,1,1,2026-02-20T00:00:00,Rule-Based Recommendation Engine,900.0,0.82,Prime,RM Priority Lead,Wealth Upgrade,RM / Branch,Route to RM within 48 hours with value talking points and product rationale.,13958.18,14103.18,145.0,13958.18,0.74,1,0,0.0,0.0
OP0722,CU0722,EM0006,BR0002,CP1002,Customer 722,49,Mass,112057.46,40,Salaried,Tier 1,1,1,1,2,1,0,0,0,260315.19,22,10,13,10,1,1,55,No Response,0,0,767,Growth,Hybrid,Personal Loan,1,1,2025-11-19T00:00:00,Rule-Based Recommendation Engine,837.0,0.7381,Prime,RM Priority Lead,Personal Loan,RM / Branch,Route to RM within 48 hours with value talking points and product rationale.,6993.53,7138.53,145.0,6993.53,0.6581,0,1,0.0,0.0
OP0723,CU0723,EM0004,BR0001,CP1002,Customer 723,21,Affluent,121891.44,63,Professional,Tier 2,1,1,1,5,1,1,1,1,221901.12,22,8,15,9,2,4,62,No Response,0,0,758,Emerging,Digital,Personal Loan,1,1,2026-03-13T00:00:00,Rule-Based Recommendation Engine,520.0,0.6133,Low,Hold / Defer,Personal Loan,No Outreach,Keep out of the active audience until new engagement or relationship signals arrive.,0.0,0.0,0.0,0.0,0.5333,0,0,0.0,0.0
OP0724,CU0724,EM0008,BR0002,CP1002,Customer 724,61,Mass,194579.18,56,Self-Employed,Tier 2,1,0,1,1,0,0,0,0,322736.39,14,5,13,3,1,1,58,No Response,1,0,695,Established,Digital,Personal Loan,1,1,2026-02-26T00:00:00,Rule-Based Recommendation Engine,862.0,0.7706,Prime,RM Priority Lead,Personal Loan,RM / Branch,Route to RM within 48 hours with value talking points and product rationale.,7307.86,7452.86,145.0,7307.86,0.6906,1,0,0.0,0.0
OP0725,CU0725,EM0004,BR0001,CP1001,Customer 725,46,Mass,128129.44,71,Self-Employed,Tier 2,1,1,1,1,0,0,0,0,152192.07,17,10,12,11,2,0,63,No Response,0,0,722,Established,Hybrid,Credit Card,1,1,2025-12-21T00:00:00,Rule-Based Recommendation Engine,861.0,0.7693,Prime,RM Priority Lead,Credit Card,RM / Branch,Route to RM within 48 hours with value talking points and product rationale.,2591.25,2736.25,145.0,2591.25,0.6893,1,0,0.0,0.0
OP0726,CU0726,EM0009,BR0002,CP1002,Customer 726,34,Mass,61459.64,1,Salaried,Tier 3,0,1,1,2,1,0,0,0,46354.92,18,7,1,3,1,1,48,Opened,1,0,775,Established,Hybrid,Personal Loan,1,1,2026-03-25T00:00:00,Rule-Based Recommendation Engine,717.0,0.5821,High,Campaign Target,Personal Loan,Hybrid,Push into the next campaign wave with personalization tags and channel controls.,5601.78,5629.78,28.0,5601.78,0.5021,1,0,0.0,0.0
OP0727,CU0727,EM0003,BR0001,CP1003,Customer 727,63,Mass,187465.59,30,Salaried,Tier 2,1,1,1,2,1,0,0,0,155840.55,19,5,3,4,0,1,120,Declined,0,0,713,Established,RM / Branch,Insurance,1,1,2025-12-14T00:00:00,Rule-Based Recommendation Engine,813.0,0.7069,Prime,RM Priority Lead,Insurance,RM / Branch,Route to RM within 48 hours with value talking points and product rationale.,4510.36,4655.36,145.0,4510.36,0.6269,1,0,0.0,0.0
OP0728,CU0728,EM0009,BR0002,CP1001,Customer 728,47,Mass,97852.83,57,Salaried,Tier 2,1,0,1,1,0,0,0,0,123586.88,32,9,15,10,0,1,47,No Response,1,0,748,Established,Digital,Credit Card,1,1,2025-11-14T00:00:00,Rule-Based Recommendation Engine,823.0,0.7199,Prime,RM Priority Lead,Credit Card,RM / Branch,Route to RM within 48 hours with value talking points and product rationale.,2415.54,2560.54,145.0,2415.54,0.6399,1,0,0.0,0.0
OP0729,CU0729,EM0005,BR0001,CP1001,Customer 729,25,Mass,62399.15,1,Contract,Tier 1,1,0,1,3,1,0,0,1,33338.86,6,10,13,10,1,2,81,No Response,0,0,713,Growth,Hybrid,Credit Card,1,1,2026-01-28T00:00:00,Rule-Based Recommendation Engine,520.0,0.4443,Low,Hold / Defer,Credit Card,No Outreach,Keep out of the active audience until new engagement or relationship signals arrive.,0.0,0.0,0.0,0.0,0.3643,0,0,0.0,0.0
OP0730,CU0730,EM0008,BR0002,CP1001,Customer 730,48,Affluent,154900.53,18,Salaried,Tier 1,1,1,1,3,1,0,1,0,206992.92,28,3,19,12,1,4,45,Declined,0,0,860,Growth,Digital,Credit Card,1,1,2026-01-21T00:00:00,Rule-Based Recommendation Engine,520.0,0.7004,Low,Hold / Defer,Credit Card,No Outreach,Keep out of the active audience until new engagement or relationship signals arrive.,0.0,0.0,0.0,0.0,0.6204,0,0,0.0,0.0
OP0731,CU0731,EM0003,BR0001,CP1002,Customer 731,43,Mass,80970.81,8,Salaried,Tier 1,1,1,1,1,0,0,0,0,146947.91,18,7,8,8,1,0,67,No Response,0,0,804,Established,Digital,Personal Loan,1,1,2025-12-01T00:00:00,Rule-Based Recommendation Engine,806.0,0.6978,Prime,RM Priority Lead,Personal Loan,RM / Branch,Route to RM within 48 hours with value talking points and product rationale.,6603.77,6748.77,145.0,6603.77,0.6178,1,0,0.0,0.0
OP0732,CU0732,EM0010,BR0002,CP1004,Customer 732,43,Affluent,123227.56,25,Salaried,Tier 1,0,0,1,1,0,0,0,0,171908.64,24,2,14,0,2,4,35,No Response,0,0,798,Established,RM / Branch,Wealth Upgrade,1,1,2025-11-01T00:00:00,Rule-Based Recommendation Engine,900.0,0.82,Prime,RM Priority Lead,Wealth Upgrade,RM / Branch,Route to RM within 48 hours with value talking points and product rationale.,13958.18,14103.18,145.0,13958.18,0.74,1,0,0.0,0.0
OP0733,CU0733,EM0003,BR0001,CP1004,Customer 733,58,Affluent,209944.69,14,Business Owner,Tier 2,1,0,1,2,1,0,0,0,701092.7,1,4,6,14,2,2,110,Declined,0,0,711,Growth,Digital,Wealth Upgrade,1,1,2026-03-27T00:00:00,Rule-Based Recommendation Engine,884.0,0.7992,Prime,RM Priority Lead,Wealth Upgrade,RM / Branch,Route to RM within 48 hours with value talking points and product rationale.,13600.44,13745.44,145.0,13600.44,0.7192,1,0,0.0,0.0
OP0734,CU0734,EM0007,BR0002,CP1002,Customer 734,34,Mass,96824.44,92,Salaried,Tier 2,1,1,1,2,1,0,0,0,276201.07,29,2,1,12,2,0,68,Clicked,1,0,734,Growth,RM / Branch,Personal Loan,1,1,2026-04-07T00:00:00,Rule-Based Recommendation Engine,777.0,0.6601,High,Campaign Target,Personal Loan,Outbound Campaign,Push into the next campaign wave with personalization tags and channel controls.,6366.16,6384.16,18.0,6366.16,0.5801,1,0,0.0,0.0
OP0735,CU0735,EM0001,BR0001,CP1003,Customer 735,36,Mass,73971.33,55,Salaried,Tier 3,1,0,1,1,0,0,0,0,73858.24,1,5,26,15,1,2,79,No Response,0,0,805,Growth,Digital,Insurance,1,1,2025-11-20T00:00:00,Rule-Based Recommendation Engine,855.0,0.7615,Prime,RM Priority Lead,Insurance,RM / Branch,Route to RM within 48 hours with value talking points and product rationale.,4869.93,5014.93,145.0,4869.93,0.6815,1,0,0.0,0.0
OP0736,CU0736,EM0007,BR0002,CP1003,Customer 736,27,Affluent,130124.92,23,Self-Employed,Tier 1,1,1,1,3,1,0,0,1,273755.43,33,4,8,0,1,1,54,No Response,0,0,742,Growth,RM / Branch,Insurance,1,1,2026-04-05T00:00:00,Rule-Based Recommendation Engine,520.0,0.5366,Low,Hold / Defer,Insurance,No Outreach,Keep out of the active audience until new engagement or relationship signals arrive.,0.0,0.0,0.0,0.0,0.4566,0,0,0.0,0.0
OP0737,CU0737,EM0005,BR0001,CP1002,Customer 737,43,Mass,138294.87,68,Salaried,Tier 1,0,0,1,3,1,0,1,0,195326.25,15,5,3,9,4,1,25,No Response,0,0,684,Growth,RM / Branch,Personal Loan,1,0,2026-01-10T00:00:00,Rule-Based Recommendation Engine,500.0,0.6523,Suppressed,Suppress,Personal Loan,No Outreach,"Suppress outreach. Address service, compliance, or contact-fatigue constraints before reactivating.",0.0,0.0,0.0,0.0,0.5723,0,0,0.0,0.0
OP0738,CU0738,EM0006,BR0002,CP1004,Customer 738,52,Affluent,142454.43,55,Salaried,Tier 1,1,1,0,3,0,1,0,1,202637.79,19,4,11,8,0,2,34,Opened,0,0,743,Growth,Hybrid,Wealth Upgrade,1,1,2026-02-09T00:00:00,Rule-Based Recommendation Engine,500.0,0.716,Suppressed,Suppress,Wealth Upgrade,No Outreach,"Suppress outreach. Address service, compliance, or contact-fatigue constraints before reactivating.",0.0,0.0,0.0,0.0,0.636,0,0,0.0,0.0
OP0739,CU0739,EM0004,BR0001,CP1001,Customer 739,34,Mass,100639.0,2,Self-Employed,Tier 2,0,0,0,3,0,0,1,1,12000.0,18,7,11,13,0,2,53,Declined,0,0,792,Growth,Digital,Credit Card,1,1,2025-12-21T00:00:00,Rule-Based Recommendation Engine,500.0,0.6003,Suppressed,Suppress,Credit Card,No Outreach,"Suppress outreach. Address service, compliance, or contact-fatigue constraints before reactivating.",0.0,0.0,0.0,0.0,0.5203,0,0,0.0,0.0
OP0740,CU0740,EM0010,BR0002,CP1004,Customer 740,49,Affluent,122133.32,18,Salaried,Tier 1,1,0,1,1,0,0,0,0,176115.01,5,3,13,9,0,3,158,Declined,0,0,743,Growth,Hybrid,Wealth Upgrade,1,1,2025-11-06T00:00:00,Rule-Based Recommendation Engine,875.0,0.7875,Prime,RM Priority Lead,Wealth Upgrade,RM / Branch,Route to RM within 48 hours with value talking points and product rationale.,13399.21,13544.21,145.0,13399.21,0.7075,1,0,0.0,0.0
OP0741,CU0741,EM0002,BR0001,CP1002,Customer 741,24,Affluent,75258.76,48,Contract,Tier 2,1,0,1,1,0,0,0,0,183202.13,8,4,16,3,4,4,49,Declined,0,0,692,Emerging,RM / Branch,Personal Loan,1,1,2026-01-22T00:00:00,Rule-Based Recommendation Engine,799.0,0.6887,Prime,RM Priority Lead,Personal Loan,RM / Branch,Route to RM within 48 hours with value talking points and product rationale.,6515.76,6660.76,145.0,6515.76,0.6087,1,0,0.0,0.0
OP0742,CU0742,EM0009,BR0002,CP1002,Customer 742,50,Affluent,98987.77,52,Salaried,Tier 3,1,0,1,2,1,0,0,0,220522.98,22,6,14,5,0,5,26,No Response,0,0,744,Growth,Hybrid,Personal Loan,1,1,2026-03-24T00:00:00,Rule-Based Recommendation Engine,829.0,0.7277,Prime,RM Priority Lead,Personal Loan,RM / Branch,Route to RM within 48 hours with value talking points and product rationale.,6892.95,7037.95,145.0,6892.95,0.6477,0,1,0.0,0.0
OP0743,CU0743,EM0005,BR0001,CP1003,Customer 743,49,Mass,113499.5,55,Salaried,Tier 1,1,0,1,2,1,0,0,0,231324.8,19,6,1,1,0,2,29,No Response,0,0,792,Growth,Digital,Insurance,1,1,2026-03-18T00:00:00,Rule-Based Recommendation Engine,833.0,0.7329,Prime,RM Priority Lead,Insurance,RM / Branch,Route to RM within 48 hours with value talking points and product rationale.,4681.59,4826.59,145.0,4681.59,0.6529,1,0,0.0,0.0
OP0744,CU0744,EM0010,BR0002,CP1001,Customer 744,35,Mass,93132.31,21,Salaried,Tier 1,1,0,1,2,0,1,0,0,45319.37,9,6,3,11,1,0,61,Declined,0,0,745,Growth,Hybrid,Credit Card,1,1,2025-11-09T00:00:00,Rule-Based Recommendation Engine,797.0,0.6861,Prime,RM Priority Lead,Credit Card,RM / Branch,Route to RM within 48 hours with value talking points and product rationale.,2295.32,2440.32,145.0,2295.32,0.6061,1,0,0.0,0.0
OP0745,CU0745,EM0003,BR0001,CP1003,Customer 745,50,Mass,171634.57,36,Self-Employed,Tier 1,1,0,1,2,0,0,0,1,194114.01,1,7,11,9,4,0,26,No Response,1,0,749,Growth,Digital,Insurance,1,1,2026-01-28T00:00:00,Rule-Based Recommendation Engine,520.0,0.6042,Low,Hold / Defer,Insurance,No Outreach,Keep out of the active audience until new engagement or relationship signals arrive.,0.0,0.0,0.0,0.0,0.5242,0,0,0.0,0.0
OP0746,CU0746,EM0010,BR0002,CP1002,Customer 746,35,Mass,90758.69,1,Contract,Tier 3,0,0,1,1,0,0,0,0,56110.72,16,5,10,5,0,1,117,Opened,2,1,762,Growth,Digital,Personal Loan,1,1,2026-01-26T00:00:00,Rule-Based Recommendation Engine,500.0,0.547,Suppressed,Suppress,Personal Loan,No Outreach,"Suppress outreach. Address service, compliance, or contact-fatigue constraints before reactivating.",0.0,0.0,0.0,0.0,0.467,0,0,0.0,0.0
OP0747,CU0747,EM0003,BR0001,CP1003,Customer 747,34,Mass,84929.75,45,Salaried,Tier 2,1,1,1,2,1,0,0,0,104951.31,34,8,16,10,0,1,18,No Response,1,0,736,Growth,Digital,Insurance,1,1,2026-03-28T00:00:00,Rule-Based Recommendation Engine,500.0,0.6562,Suppressed,Suppress,Insurance,No Outreach,"Suppress outreach. Address service, compliance, or contact-fatigue constraints before reactivating.",0.0,0.0,0.0,0.0,0.5762,0,0,0.0,0.0
OP0748,CU0748,EM0008,BR0002,CP1003,Customer 748,32,Mass,94407.09,45,Professional,Tier 2,1,0,1,3,1,0,1,0,267922.06,10,9,28,7,0,0,49,Clicked,0,0,771,Emerging,Digital,Insurance,1,1,2026-03-03T00:00:00,Rule-Based Recommendation Engine,826.0,0.7238,Prime,RM Priority Lead,Insurance,RM / Branch,Route to RM within 48 hours with value talking points and product rationale.,4621.66,4766.66,145.0,4621.66,0.6438,1,0,0.0,0.0
OP0749,CU0749,EM0004,BR0001,CP1003,Customer 749,47,Affluent,156619.76,37,Salaried,Tier 1,1,1,1,3,1,0,1,0,187527.27,8,11,1,0,0,1,65,Declined,0,0,779,Growth,RM / Branch,Insurance,1,1,2026-01-04T00:00:00,Rule-Based Recommendation Engine,808.0,0.7004,Prime,RM Priority Lead,Insurance,RM / Branch,Route to RM within 48 hours with value talking points and product rationale.,4467.55,4612.55,145.0,4467.55,0.6204,1,0,0.0,0.0
OP0750,CU0750,EM0009,BR0002,CP1001,Customer 750,31,Affluent,180919.59,36,Professional,Tier 2,1,0,1,2,1,0,0,0,385019.22,11,8,11,15,0,5,65,No Response,0,0,774,Emerging,Digital,Credit Card,1,1,2026-02-14T00:00:00,Rule-Based Recommendation Engine,520.0,0.7186,Low,Hold / Defer,Credit Card,No Outreach,Keep out of the active audience until new engagement or relationship signals arrive.,0.0,0.0,0.0,0.0,0.6386,0,0,0.0,0.0
OP0751,CU0751,EM0001,BR0001,CP1002,Customer 751,51,Affluent,176630.59,108,Self-Employed,Tier 3,1,1,1,3,1,0,0,1,155034.86,24,6,17,11,2,3,45,Opened,0,0,668,Emerging,Digital,Personal Loan,1,1,2025-12-04T00:00:00,Rule-Based Recommendation Engine,520.0,0.6029,Low,Hold / Defer,Personal Loan,No Outreach,Keep out of the active audience until new engagement or relationship signals arrive.,0.0,0.0,0.0,0.0,0.5229,0,0,0.0,0.0
OP0752,CU0752,EM0006,BR0002,CP1003,Customer 752,41,Affluent,105607.23,24,Salaried,Tier 2,1,0,1,1,0,0,0,0,196219.56,26,3,10,8,1,5,128,Opened,1,0,673,Growth,Digital,Insurance,1,1,2025-11-08T00:00:00,Rule-Based Recommendation Engine,756.0,0.6328,High,Campaign Target,Insurance,RM / Branch,Push into the next campaign wave with personalization tags and channel controls.,4022.37,4167.37,145.0,4022.37,0.5528,1,0,1.0,4706.33
OP0753,CU0753,EM0005,BR0001,CP1003,Customer 753,45,Affluent,133647.47,11,Salaried,Tier 1,1,1,1,3,1,0,1,0,254972.55,22,17,1,13,0,3,56,Clicked,1,0,752,Emerging,Digital,Insurance,1,1,2025-11-12T00:00:00,Rule-Based Recommendation Engine,782.0,0.6666,High,Campaign Target,Insurance,RM / Branch,Push into the next campaign wave with personalization tags and channel controls.,4244.96,4389.96,145.0,4244.96,0.5866,0,1,0.0,0.0
OP0754,CU0754,EM0006,BR0002,CP1001,Customer 754,66,Affluent,193113.07,20,Self-Employed,Tier 2,0,1,1,2,0,1,0,0,325237.61,15,2,10,0,2,2,57,Opened,0,0,677,Growth,RM / Branch,Credit Card,1,1,2026-01-23T00:00:00,Rule-Based Recommendation Engine,796.0,0.6848,Prime,RM Priority Lead,Credit Card,RM / Branch,Route to RM within 48 hours with value talking points and product rationale.,2290.7,2435.7,145.0,2290.7,0.6048,1,0,0.0,0.0
OP0755,CU0755,EM0003,BR0001,CP1002,Customer 755,46,Mass,123427.01,43,Self-Employed,Tier 3,1,0,1,1,0,0,0,0,86679.18,22,10,4,9,1,0,32,Declined,1,0,687,Growth,Digital,Personal Loan,1,1,2025-12-08T00:00:00,Rule-Based Recommendation Engine,783.0,0.6679,High,Campaign Target,Personal Loan,Digital,Push into the next campaign wave with personalization tags and channel controls.,6451.59,6459.59,8.0,6451.59,0.5879,1,0,0.0,0.0
OP0756,CU0756,EM0006,BR0002,CP1004,Customer 756,21,Mass,114578.69,8,Self-Employed,Tier 3,1,0,1,1,0,0,0,0,89750.32,1,12,12,6,1,0,39,Opened,0,0,721,Emerging,Hybrid,Wealth Upgrade,1,1,2026-02-17T00:00:00,Rule-Based Recommendation Engine,520.0,0.5899,Low,Hold / Defer,Wealth Upgrade,No Outreach,Keep out of the active audience until new engagement or relationship signals arrive.,0.0,0.0,0.0,0.0,0.5099,0,0,0.0,0.0
OP0757,CU0757,EM0003,BR0001,CP1003,Customer 757,36,Affluent,112147.95,19,Salaried,Tier 1,1,0,1,3,1,1,0,0,272327.48,16,6,20,9,2,5,0,Opened,0,0,702,Emerging,Digital,Insurance,1,1,2026-03-11T00:00:00,Rule-Based Recommendation Engine,500.0,0.6666,Suppressed,Suppress,Insurance,No Outreach,"Suppress outreach. Address service, compliance, or contact-fatigue constraints before reactivating.",0.0,0.0,0.0,0.0,0.5866,0,0,0.0,0.0
OP0758,CU0758,EM0010,BR0002,CP1001,Customer 758,40,Mass,98877.33,6,Self-Employed,Tier 2,1,1,1,1,0,0,0,0,113494.4,11,6,14,9,2,1,28,No Response,0,1,702,Established,Hybrid,Credit Card,1,1,2025-11-26T00:00:00,Rule-Based Recommendation Engine,500.0,0.4976,Suppressed,Suppress,Credit Card,No Outreach,"Suppress outreach. Address service, compliance, or contact-fatigue constraints before reactivating.",0.0,0.0,0.0,0.0,0.4176,0,0,0.0,0.0
OP0759,CU0759,EM0004,BR0001,CP1003,Customer 759,55,Affluent,206044.89,59,Business Owner,Tier 2,1,0,1,1,0,0,0,0,191151.29,19,4,16,5,2,2,96,Accepted,1,0,749,Growth,RM / Branch,Insurance,1,1,2026-04-01T00:00:00,Rule-Based Recommendation Engine,900.0,0.82,Prime,RM Priority Lead,Insurance,RM / Branch,Route to RM within 48 hours with value talking points and product rationale.,5255.19,5400.19,145.0,5255.19,0.74,1,0,0.0,0.0
OP0760,CU0760,EM0007,BR0002,CP1003,Customer 760,54,Mass,135169.13,1,Self-Employed,Tier 2,1,0,1,1,0,0,0,0,126700.79,4,3,20,15,0,1,63,No Response,0,0,700,Established,Hybrid,Insurance,1,1,2026-01-06T00:00:00,Rule-Based Recommendation Engine,794.0,0.6822,Prime,RM Priority Lead,Insurance,RM / Branch,Route to RM within 48 hours with value talking points and product rationale.,4347.7,4492.7,145.0,4347.7,0.6022,1,0,0.0,0.0
OP0761,CU0761,EM0004,BR0001,CP1004,Customer 761,28,Affluent,125861.38,32,Professional,Tier 1,1,1,1,2,1,0,0,0,264400.84,20,9,0,2,0,4,58,Declined,0,0,683,Growth,Hybrid,Wealth Upgrade,0,1,2026-04-06T00:00:00,Rule-Based Recommendation Engine,500.0,0.6991,Suppressed,Suppress,Wealth Upgrade,No Outreach,"Suppress outreach. Address service, compliance, or contact-fatigue constraints before reactivating.",0.0,0.0,0.0,0.0,0.6191,0,0,0.0,0.0
OP0762,CU0762,EM0006,BR0002,CP1001,Customer 762,42,Mass,126166.93,5,Salaried,Tier 1,1,1,1,2,1,0,0,0,100032.04,29,8,15,0,0,1,26,No Response,0,0,674,Growth,Hybrid,Credit Card,1,1,2026-02-28T00:00:00,Rule-Based Recommendation Engine,520.0,0.3715,Low,Hold / Defer,Credit Card,No Outreach,Keep out of the active audience until new engagement or relationship signals arrive.,0.0,0.0,0.0,0.0,0.2915,0,0,0.0,0.0
OP0763,CU0763,EM0002,BR0001,CP1004,Customer 763,40,Affluent,120152.86,54,Salaried,Tier 2,1,1,1,2,1,0,0,0,455878.47,8,4,15,5,2,2,16,Clicked,0,0,765,Established,Hybrid,Wealth Upgrade,1,1,2026-02-24T00:00:00,Rule-Based Recommendation Engine,500.0,0.7901,Suppressed,Suppress,Wealth Upgrade,No Outreach,"Suppress outreach. Address service, compliance, or contact-fatigue constraints before reactivating.",0.0,0.0,0.0,0.0,0.7101,0,0,0.0,0.0
OP0764,CU0764,EM0009,BR0002,CP1004,Customer 764,24,Mass,68842.67,3,Salaried,Tier 2,1,0,1,1,0,0,0,0,83189.23,4,9,12,16,0,0,100,Clicked,0,0,735,Emerging,Digital,Wealth Upgrade,1,1,2026-04-03T00:00:00,Rule-Based Recommendation Engine,520.0,0.6185,Low,Hold / Defer,Wealth Upgrade,No Outreach,Keep out of the active audience until new engagement or relationship signals arrive.,0.0,0.0,0.0,0.0,0.5385,0,0,0.0,0.0
OP0765,CU0765,EM0005,BR0001,CP1004,Customer 765,22,Affluent,146583.91,24,Professional,Tier 1,1,0,1,1,0,0,0,0,250742.78,8,6,15,4,0,2,49,Opened,0,0,692,Growth,Hybrid,Wealth Upgrade,1,1,2025-11-23T00:00:00,Rule-Based Recommendation Engine,831.0,0.7303,Prime,RM Priority Lead,Wealth Upgrade,RM / Branch,Route to RM within 48 hours with value talking points and product rationale.,12415.43,12560.43,145.0,12415.43,0.6503,1,0,0.0,0.0
OP0766,CU0766,EM0010,BR0002,CP1002,Customer 766,32,Mass,170266.59,93,Business Owner,Tier 1,1,0,1,3,1,0,1,0,174487.39,10,6,5,16,1,1,89,No Response,0,0,707,Growth,Digital,Personal Loan,1,1,2026-02-02T00:00:00,Rule-Based Recommendation Engine,799.0,0.6887,Prime,RM Priority Lead,Personal Loan,RM / Branch,Route to RM within 48 hours with value talking points and product rationale.,6515.76,6660.76,145.0,6515.76,0.6087,0,1,0.0,0.0
OP0767,CU0767,EM0005,BR0001,CP1004,Customer 767,29,Mass,81744.63,1,Salaried,Tier 3,0,1,1,2,0,1,0,0,138301.41,30,2,6,11,2,0,33,Opened,0,0,735,Established,RM / Branch,Wealth Upgrade,1,1,2025-12-01T00:00:00,Rule-Based Recommendation Engine,520.0,0.6133,Low,Hold / Defer,Wealth Upgrade,No Outreach,Keep out of the active audience until new engagement or relationship signals arrive.,0.0,0.0,0.0,0.0,0.5333,0,0,0.0,0.0
OP0768,CU0768,EM0008,BR0002,CP1001,Customer 768,45,Mass,152266.91,1,Professional,Tier 1,1,1,1,2,0,0,0,1,46988.77,15,10,16,7,0,1,7,Accepted,0,0,729,Emerging,Digital,Credit Card,1,1,2026-03-24T00:00:00,Rule-Based Recommendation Engine,500.0,0.5665,Suppressed,Suppress,Credit Card,No Outreach,"Suppress outreach. Address service, compliance, or contact-fatigue constraints before reactivating.",0.0,0.0,0.0,0.0,0.4865,0,0,0.0,0.0
OP0769,CU0769,EM0005,BR0001,CP1003,Customer 769,25,Mass,59203.73,11,Salaried,Tier 1,0,1,1,3,1,0,1,0,47896.1,18,4,0,6,1,1,164,No Response,0,0,795,Established,Hybrid,Insurance,1,1,2026-02-17T00:00:00,Rule-Based Recommendation Engine,739.0,0.6107,High,Campaign Target,Insurance,Hybrid,Push into the next campaign wave with personalization tags and channel controls.,3993.83,4021.83,28.0,3993.83,0.5307,0,1,0.0,0.0
OP0770,CU0770,EM0006,BR0002,CP1001,Customer 770,36,Mass,94546.19,28,Salaried,Tier 1,1,1,1,1,0,0,0,0,293864.7,14,6,10,12,0,0,143,No Response,1,0,797,Emerging,Digital,Credit Card,1,1,2025-11-13T00:00:00,Rule-Based Recommendation Engine,898.0,0.8174,Prime,RM Priority Lead,Credit Card,RM / Branch,Route to RM within 48 hours with value talking points and product rationale.,2762.33,2907.33,145.0,2762.33,0.7374,0,1,0.0,0.0
OP0771,CU0771,EM0002,BR0001,CP1001,Customer 771,64,Mass,146138.3,49,Salaried,Tier 1,1,1,1,2,1,0,0,0,40268.28,5,5,23,9,0,0,45,Accepted,2,0,753,Emerging,Hybrid,Credit Card,1,1,2026-02-13T00:00:00,Rule-Based Recommendation Engine,520.0,0.6341,Low,Hold / Defer,Credit Card,No Outreach,Keep out of the active audience until new engagement or relationship signals arrive.,0.0,0.0,0.0,0.0,0.5541,0,0,0.0,0.0
OP0772,CU0772,EM0008,BR0002,CP1003,Customer 772,34,Mass,105036.03,11,Salaried,Tier 1,1,1,1,3,0,0,1,1,73662.09,15,10,15,4,0,0,95,Declined,0,0,777,Growth,Hybrid,Insurance,1,1,2026-03-22T00:00:00,Rule-Based Recommendation Engine,520.0,0.5054,Low,Hold / Defer,Insurance,No Outreach,Keep out of the active audience until new engagement or relationship signals arrive.,0.0,0.0,0.0,0.0,0.4254,0,0,0.0,0.0
OP0773,CU0773,EM0001,BR0001,CP1004,Customer 773,40,Mass,126604.73,28,Salaried,Tier 3,1,1,1,3,0,0,1,1,309663.55,14,7,0,8,2,1,97,Opened,0,0,810,Growth,RM / Branch,Wealth Upgrade,1,1,2026-02-20T00:00:00,Rule-Based Recommendation Engine,854.0,0.7602,Prime,RM Priority Lead,Wealth Upgrade,RM / Branch,Route to RM within 48 hours with value talking points and product rationale.,12929.68,13074.68,145.0,12929.68,0.6802,1,0,0.0,0.0
OP0774,CU0774,EM0007,BR0002,CP1001,Customer 774,47,Mass,115666.53,32,Self-Employed,Tier 2,1,0,1,1,0,0,0,0,208188.69,13,6,22,6,1,0,85,No Response,0,0,685,Growth,Hybrid,Credit Card,1,1,2025-11-02T00:00:00,Rule-Based Recommendation Engine,827.0,0.7251,Prime,RM Priority Lead,Credit Card,RM / Branch,Route to RM within 48 hours with value talking points and product rationale.,2434.04,2579.04,145.0,2434.04,0.6451,1,0,1.0,2835.44
OP0775,CU0775,EM0005,BR0001,CP1003,Customer 775,37,Mass,83026.7,15,Salaried,Tier 1,1,0,1,3,0,1,1,0,79644.64,28,10,2,14,1,0,48,No Response,1,1,747,Growth,Digital,Insurance,1,1,2025-11-08T00:00:00,Rule-Based Recommendation Engine,500.0,0.5015,Suppressed,Suppress,Insurance,No Outreach,"Suppress outreach. Address service, compliance, or contact-fatigue constraints before reactivating.",0.0,0.0,0.0,0.0,0.4215,0,0,0.0,0.0
OP0776,CU0776,EM0009,BR0002,CP1002,Customer 776,49,Mass,132407.94,9,Salaried,Tier 1,1,1,1,2,1,0,0,0,154210.04,18,8,9,7,3,2,18,No Response,0,0,718,Established,Hybrid,Personal Loan,1,1,2025-11-18T00:00:00,Rule-Based Recommendation Engine,755.0,0.6315,High,Campaign Target,Personal Loan,Hybrid,Push into the next campaign wave with personalization tags and channel controls.,6079.55,6107.55,28.0,6079.55,0.5515,1,0,0.0,0.0
OP0777,CU0777,EM0005,BR0001,CP1002,Customer 777,42,Mass,91684.52,39,Salaried,Tier 2,1,1,1,2,1,0,0,0,21764.44,8,1,12,14,0,5,29,No Response,1,0,763,Emerging,RM / Branch,Personal Loan,1,1,2026-02-19T00:00:00,Rule-Based Recommendation Engine,789.0,0.6757,High,Campaign Target,Personal Loan,RM / Branch,Push into the next campaign wave with personalization tags and channel controls.,6390.03,6535.03,145.0,6390.03,0.5957,1,0,0.0,0.0
OP0778,CU0778,EM0006,BR0002,CP1002,Customer 778,56,Affluent,189374.73,50,Salaried,Tier 3,1,1,1,4,0,1,1,1,349924.93,4,7,7,12,0,5,42,Declined,1,0,739,Growth,Digital,Personal Loan,1,1,2025-12-28T00:00:00,Rule-Based Recommendation Engine,520.0,0.6484,Low,Hold / Defer,Personal Loan,No Outreach,Keep out of the active audience until new engagement or relationship signals arrive.,0.0,0.0,0.0,0.0,0.5684,0,0,0.0,0.0
OP0779,CU0779,EM0002,BR0001,CP1003,Customer 779,27,Mass,159128.89,1,Professional,Tier 2,0,1,1,2,1,0,0,0,12000.0,26,5,16,7,1,2,34,Declined,0,0,771,Emerging,Hybrid,Insurance,1,1,2025-12-08T00:00:00,Rule-Based Recommendation Engine,740.0,0.612,High,Campaign Target,Insurance,RM / Branch,Push into the next campaign wave with personalization tags and channel controls.,3885.39,4030.39,145.0,3885.39,0.532,1,0,0.0,0.0
OP0780,CU0780,EM0007,BR0002,CP1003,Customer 780,24,Affluent,147688.03,113,Professional,Tier 1,0,1,1,2,1,0,0,0,348876.55,19,4,0,7,1,4,84,No Response,0,0,736,Established,RM / Branch,Insurance,1,1,2026-03-25T00:00:00,Rule-Based Recommendation Engine,520.0,0.7758,Low,Hold / Defer,Insurance,RM / Branch,Keep out of the active audience until new engagement or relationship signals arrive.,0.0,0.0,145.0,0.0,0.6958,0,0,0.0,0.0
OP0781,CU0781,EM0004,BR0001,CP1002,Customer 781,43,Affluent,147047.79,43,Self-Employed,Tier 1,0,0,1,1,0,0,0,0,327654.12,20,3,14,5,2,1,12,No Response,1,0,719,Growth,Hybrid,Personal Loan,1,1,2026-02-09T00:00:00,Rule-Based Recommendation Engine,500.0,0.7069,Suppressed,Suppress,Personal Loan,No Outreach,"Suppress outreach. Address service, compliance, or contact-fatigue constraints before reactivating.",0.0,0.0,0.0,0.0,0.6269,0,0,0.0,0.0
OP0782,CU0782,EM0009,BR0002,CP1004,Customer 782,44,Mass,88591.39,12,Salaried,Tier 1,1,1,1,2,1,0,0,0,12000.0,26,8,19,7,2,2,76,Declined,0,0,783,Emerging,Hybrid,Wealth Upgrade,1,1,2026-02-27T00:00:00,Rule-Based Recommendation Engine,520.0,0.6848,Low,Hold / Defer,Wealth Upgrade,RM / Branch,Keep out of the active audience until new engagement or relationship signals arrive.,0.0,0.0,145.0,0.0,0.6048,0,0,0.0,0.0
OP0783,CU0783,EM0005,BR0001,CP1001,Customer 783,54,Affluent,154859.67,31,Business Owner,Tier 1,1,0,1,1,0,0,0,0,195657.93,16,11,7,12,1,3,154,Clicked,1,0,706,Established,RM / Branch,Credit Card,1,1,2026-03-11T00:00:00,Rule-Based Recommendation Engine,839.0,0.7407,Prime,RM Priority Lead,Credit Card,RM / Branch,Route to RM within 48 hours with value talking points and product rationale.,2489.52,2634.52,145.0,2489.52,0.6607,1,0,0.0,0.0
OP0784,CU0784,EM0009,BR0002,CP1002,Customer 784,57,Mass,135624.81,15,Salaried,Tier 3,1,0,1,1,0,0,0,0,71415.22,7,9,1,1,1,0,65,Clicked,0,0,777,Established,RM / Branch,Personal Loan,1,1,2026-03-30T00:00:00,Rule-Based Recommendation Engine,777.0,0.6601,High,Campaign Target,Personal Loan,Outbound Campaign,Push into the next campaign wave with personalization tags and channel controls.,6366.16,6384.16,18.0,6366.16,0.5801,1,0,1.0,8515.67
OP0785,CU0785,EM0004,BR0001,CP1004,Customer 785,33,Mass,160873.61,19,Professional,Tier 1,1,1,1,2,1,0,0,0,213030.9,14,7,5,9,0,0,128,No Response,0,0,706,Mature,Hybrid,Wealth Upgrade,1,1,2025-11-06T00:00:00,Rule-Based Recommendation Engine,520.0,0.6549,Low,Hold / Defer,Wealth Upgrade,No Outreach,Keep out of the active audience until new engagement or relationship signals arrive.,0.0,0.0,0.0,0.0,0.5749,0,0,0.0,0.0
OP0786,CU0786,EM0006,BR0002,CP1004,Customer 786,50,Affluent,110496.66,4,Salaried,Tier 1,1,0,1,1,0,0,0,0,205319.0,16,8,8,9,1,2,141,No Response,1,0,774,Emerging,Digital,Wealth Upgrade,1,1,2025-12-20T00:00:00,Rule-Based Recommendation Engine,863.0,0.7719,Prime,RM Priority Lead,Wealth Upgrade,RM / Branch,Route to RM within 48 hours with value talking points and product rationale.,13130.91,13275.91,145.0,13130.91,0.6919,0,1,0.0,0.0
OP0787,CU0787,EM0002,BR0001,CP1004,Customer 787,50,Affluent,152121.91,18,Self-Employed,Tier 1,1,0,1,2,1,0,0,0,417376.16,1,3,0,4,2,2,96,No Response,1,0,757,Established,RM / Branch,Wealth Upgrade,1,1,2025-11-16T00:00:00,Rule-Based Recommendation Engine,881.0,0.7953,Prime,RM Priority Lead,Wealth Upgrade,RM / Branch,Route to RM within 48 hours with value talking points and product rationale.,13533.36,13678.36,145.0,13533.36,0.7153,1,0,0.0,0.0
OP0788,CU0788,EM0009,BR0002,CP1001,Customer 788,44,Mass,104108.31,22,Salaried,Tier 1,1,0,1,3,0,0,1,1,116651.39,9,7,8,13,3,0,22,Declined,0,0,731,Established,Digital,Credit Card,0,1,2026-02-11T00:00:00,Rule-Based Recommendation Engine,500.0,0.6757,Suppressed,Suppress,Credit Card,No Outreach,"Suppress outreach. Address service, compliance, or contact-fatigue constraints before reactivating.",0.0,0.0,0.0,0.0,0.5957,0,0,0.0,0.0
OP0789,CU0789,EM0002,BR0001,CP1004,Customer 789,31,Mass,127165.34,20,Self-Employed,Tier 1,1,0,1,2,1,0,0,0,113747.42,17,7,3,2,1,2,17,Clicked,0,0,750,Mature,Digital,Wealth Upgrade,1,1,2026-03-16T00:00:00,Rule-Based Recommendation Engine,500.0,0.6263,Suppressed,Suppress,Wealth Upgrade,No Outreach,"Suppress outreach. Address service, compliance, or contact-fatigue constraints before reactivating.",0.0,0.0,0.0,0.0,0.5463,0,0,0.0,0.0
OP0790,CU0790,EM0010,BR0002,CP1001,Customer 790,28,Mass,153271.48,39,Business Owner,Tier 2,1,0,1,2,0,1,0,0,366682.91,13,9,10,0,2,1,50,Opened,0,0,708,Mature,Hybrid,Credit Card,1,1,2026-03-16T00:00:00,Rule-Based Recommendation Engine,839.0,0.7407,Prime,RM Priority Lead,Credit Card,RM / Branch,Route to RM within 48 hours with value talking points and product rationale.,2489.52,2634.52,145.0,2489.52,0.6607,1,0,0.0,0.0
OP0791,CU0791,EM0003,BR0001,CP1004,Customer 791,51,Mass,191998.42,1,Business Owner,Tier 3,1,0,1,3,0,1,1,0,324103.89,3,3,16,0,0,0,27,No Response,2,0,732,Emerging,Hybrid,Wealth Upgrade,1,1,2026-03-03T00:00:00,Rule-Based Recommendation Engine,500.0,0.7524,Suppressed,Suppress,Wealth Upgrade,No Outreach,"Suppress outreach. Address service, compliance, or contact-fatigue constraints before reactivating.",0.0,0.0,0.0,0.0,0.6724,0,0,0.0,0.0
OP0792,CU0792,EM0008,BR0002,CP1001,Customer 792,33,Mass,93821.17,58,Salaried,Tier 3,0,1,1,1,0,0,0,0,225496.2,27,2,15,11,5,1,68,No Response,1,0,740,Growth,RM / Branch,Credit Card,1,1,2026-03-20T00:00:00,Rule-Based Recommendation Engine,883.0,0.7979,Prime,RM Priority Lead,Credit Card,RM / Branch,Route to RM within 48 hours with value talking points and product rationale.,2692.97,2837.97,145.0,2692.97,0.7179,1,0,0.0,0.0
OP0793,CU0793,EM0005,BR0001,CP1003,Customer 793,29,Affluent,125232.4,56,Professional,Tier 1,1,1,1,2,1,0,0,0,260880.11,11,11,20,14,1,2,18,No Response,0,0,800,Established,Digital,Insurance,1,1,2025-11-27T00:00:00,Rule-Based Recommendation Engine,500.0,0.7537,Suppressed,Suppress,Insurance,No Outreach,"Suppress outreach. Address service, compliance, or contact-fatigue constraints before reactivating.",0.0,0.0,0.0,0.0,0.6737,0,0,0.0,0.0
OP0794,CU0794,EM0008,BR0002,CP1002,Customer 794,30,Mass,45987.52,29,Salaried,Tier 2,1,1,1,1,0,0,0,0,101997.56,15,7,1,14,4,1,13,Accepted,0,1,716,Growth,RM / Branch,Personal Loan,1,1,2026-01-14T00:00:00,Rule-Based Recommendation Engine,500.0,0.3572,Suppressed,Suppress,Personal Loan,No Outreach,"Suppress outreach. Address service, compliance, or contact-fatigue constraints before reactivating.",0.0,0.0,0.0,0.0,0.2772,0,0,0.0,0.0
OP0795,CU0795,EM0003,BR0001,CP1003,Customer 795,40,Affluent,152439.11,48,Professional,Tier 1,1,1,1,2,1,0,0,0,181312.53,24,8,13,12,1,1,48,No Response,0,0,782,Growth,Digital,Insurance,1,1,2026-03-19T00:00:00,Rule-Based Recommendation Engine,859.0,0.7667,Prime,RM Priority Lead,Insurance,RM / Branch,Route to RM within 48 hours with value talking points and product rationale.,4904.18,5049.18,145.0,4904.18,0.6867,1,0,0.0,0.0
OP0796,CU0796,EM0009,BR0002,CP1004,Customer 796,44,Affluent,117874.44,39,Self-Employed,Tier 1,1,1,1,2,1,0,0,0,184450.58,20,6,12,5,0,3,41,Declined,0,0,743,Established,RM / Branch,Wealth Upgrade,1,1,2026-03-18T00:00:00,Rule-Based Recommendation Engine,873.0,0.7849,Prime,RM Priority Lead,Wealth Upgrade,RM / Branch,Route to RM within 48 hours with value talking points and product rationale.,13354.5,13499.5,145.0,13354.5,0.7049,1,0,0.0,0.0
OP0797,CU0797,EM0003,BR0001,CP1002,Customer 797,53,Mass,100716.66,43,Contract,Tier 1,1,0,1,2,0,0,1,0,257050.57,18,3,10,12,3,0,59,Clicked,0,0,712,Growth,RM / Branch,Personal Loan,1,1,2025-11-21T00:00:00,Rule-Based Recommendation Engine,785.0,0.6705,High,Campaign Target,Personal Loan,Outbound Campaign,Push into the next campaign wave with personalization tags and channel controls.,6466.74,6484.74,18.0,6466.74,0.5905,0,1,0.0,0.0
OP0798,CU0798,EM0007,BR0002,CP1003,Customer 798,51,Affluent,148381.62,44,Professional,Tier 1,1,1,1,2,0,0,0,1,152409.88,25,2,8,12,2,1,101,No Response,0,0,740,Mature,RM / Branch,Insurance,0,1,2026-03-11T00:00:00,Rule-Based Recommendation Engine,500.0,0.6042,Suppressed,Suppress,Insurance,No Outreach,"Suppress outreach. Address service, compliance, or contact-fatigue constraints before reactivating.",0.0,0.0,0.0,0.0,0.5242,0,0,0.0,0.0
OP0799,CU0799,EM0005,BR0001,CP1001,Customer 799,37,Affluent,155758.63,64,Professional,Tier 3,1,0,1,2,1,0,0,0,385488.56,14,2,14,11,0,1,11,Opened,0,0,749,Growth,Digital,Credit Card,1,1,2026-03-11T00:00:00,Rule-Based Recommendation Engine,520.0,0.6029,Low,Hold / Defer,Credit Card,No Outreach,Keep out of the active audience until new engagement or relationship signals arrive.,0.0,0.0,0.0,0.0,0.5229,0,0,0.0,0.0
OP0800,CU0800,EM0009,BR0002,CP1003,Customer 800,21,Mass,98716.06,1,Salaried,Tier 3,0,1,1,2,1,0,0,0,119438.69,17,4,26,10,0,2,26,Accepted,1,0,752,Growth,Digital,Insurance,1,1,2026-03-18T00:00:00,Rule-Based Recommendation Engine,520.0,0.6614,Low,Hold / Defer,Insurance,RM / Branch,Keep out of the active audience until new engagement or relationship signals arrive.,0.0,0.0,145.0,0.0,0.5814,0,0,0.0,0.0
OP0801,CU0801,EM0004,BR0001,CP1002,Customer 801,38,Mass,174959.71,41,Professional,Tier 1,1,1,1,1,0,0,0,0,237524.61,8,5,14,0,0,1,37,Opened,0,0,764,Growth,Hybrid,Personal Loan,1,1,2026-02-20T00:00:00,Rule-Based Recommendation Engine,825.0,0.7225,Prime,RM Priority Lead,Personal Loan,RM / Branch,Route to RM within 48 hours with value talking points and product rationale.,6842.66,6987.66,145.0,6842.66,0.6425,1,0,0.0,0.0
OP0802,CU0802,EM0010,BR0002,CP1001,Customer 802,37,Mass,108890.08,61,Self-Employed,Tier 3,1,0,1,3,0,1,0,1,205603.73,7,5,10,16,1,0,6,Accepted,0,0,788,Growth,Digital,Credit Card,1,1,2026-03-14T00:00:00,Rule-Based Recommendation Engine,500.0,0.7134,Suppressed,Suppress,Credit Card,No Outreach,"Suppress outreach. Address service, compliance, or contact-fatigue constraints before reactivating.",0.0,0.0,0.0,0.0,0.6334,0,0,0.0,0.0
OP0803,CU0803,EM0002,BR0001,CP1004,Customer 803,44,Mass,155948.98,1,Salaried,Tier 1,1,1,1,1,0,0,0,0,16531.4,34,1,9,9,0,2,16,Declined,0,0,741,Established,Digital,Wealth Upgrade,0,1,2025-11-11T00:00:00,Rule-Based Recommendation Engine,500.0,0.5717,Suppressed,Suppress,Wealth Upgrade,No Outreach,"Suppress outreach. Address service, compliance, or contact-fatigue constraints before reactivating.",0.0,0.0,0.0,0.0,0.4917,0,0,0.0,0.0
OP0804,CU0804,EM0006,BR0002,CP1002,Customer 804,27,Mass,69907.96,13,Salaried,Tier 3,1,0,1,1,0,0,0,0,12000.0,1,10,19,19,0,1,63,Clicked,1,0,809,Growth,Digital,Personal Loan,1,1,2025-12-26T00:00:00,Rule-Based Recommendation Engine,820.0,0.716,Prime,RM Priority Lead,Personal Loan,RM / Branch,Route to RM within 48 hours with value talking points and product rationale.,6779.79,6924.79,145.0,6779.79,0.636,1,0,1.0,8370.71
OP0805,CU0805,EM0002,BR0001,CP1001,Customer 805,55,Affluent,189521.27,24,Professional,Tier 3,1,0,1,4,1,0,1,1,488077.91,11,11,8,7,2,1,33,No Response,0,0,782,Emerging,RM / Branch,Credit Card,1,1,2025-12-29T00:00:00,Rule-Based Recommendation Engine,520.0,0.6653,Low,Hold / Defer,Credit Card,No Outreach,Keep out of the active audience until new engagement or relationship signals arrive.,0.0,0.0,0.0,0.0,0.5853,0,0,0.0,0.0
OP0806,CU0806,EM0007,BR0002,CP1004,Customer 806,28,Mass,103576.68,52,Business Owner,Tier 2,1,1,1,1,0,0,0,0,114557.19,12,10,12,13,1,1,31,Opened,0,0,746,Emerging,Digital,Wealth Upgrade,1,1,2026-01-18T00:00:00,Rule-Based Recommendation Engine,520.0,0.6783,Low,Hold / Defer,Wealth Upgrade,No Outreach,Keep out of the active audience until new engagement or relationship signals arrive.,0.0,0.0,0.0,0.0,0.5983,0,0,0.0,0.0
OP0807,CU0807,EM0001,BR0001,CP1004,Customer 807,51,Mass,91989.47,1,Salaried,Tier 1,1,1,1,1,0,0,0,0,96307.16,25,8,0,1,2,1,118,No Response,0,0,792,Mature,RM / Branch,Wealth Upgrade,1,1,2026-04-05T00:00:00,Rule-Based Recommendation Engine,520.0,0.6042,Low,Hold / Defer,Wealth Upgrade,No Outreach,Keep out of the active audience until new engagement or relationship signals arrive.,0.0,0.0,0.0,0.0,0.5242,0,0,0.0,0.0
OP0808,CU0808,EM0006,BR0002,CP1001,Customer 808,48,Affluent,183814.96,2,Professional,Tier 1,1,1,1,3,1,0,0,1,430426.4,10,6,13,13,1,1,61,No Response,0,0,744,Established,Digital,Credit Card,1,1,2026-03-23T00:00:00,Rule-Based Recommendation Engine,520.0,0.664,Low,Hold / Defer,Credit Card,No Outreach,Keep out of the active audience until new engagement or relationship signals arrive.,0.0,0.0,0.0,0.0,0.584,0,0,0.0,0.0
OP0809,CU0809,EM0002,BR0001,CP1002,Customer 809,21,Affluent,114478.27,32,Self-Employed,Tier 2,1,0,1,1,0,0,0,0,115138.06,19,6,2,12,1,3,187,No Response,0,0,700,Emerging,RM / Branch,Personal Loan,1,1,2026-01-04T00:00:00,Rule-Based Recommendation Engine,747.0,0.6211,High,Campaign Target,Personal Loan,RM / Branch,Push into the next campaign wave with personalization tags and channel controls.,5861.97,6006.97,145.0,5861.97,0.5411,1,0,0.0,0.0
OP0810,CU0810,EM0008,BR0002,CP1001,Customer 810,45,Mass,211258.77,1,Professional,Tier 2,1,1,1,2,0,0,1,0,423210.45,28,4,0,0,0,0,54,No Response,1,0,776,Emerging,Hybrid,Credit Card,1,1,2026-02-05T00:00:00,Rule-Based Recommendation Engine,852.0,0.7576,Prime,RM Priority Lead,Credit Card,RM / Branch,Route to RM within 48 hours with value talking points and product rationale.,2549.63,2694.63,145.0,2549.63,0.6776,1,0,1.0,3296.15
OP0811,CU0811,EM0003,BR0001,CP1001,Customer 811,53,Affluent,113717.53,52,Salaried,Tier 2,1,1,1,2,1,0,0,0,296950.94,1,6,17,8,1,4,23,Clicked,0,0,730,Established,Digital,Credit Card,1,1,2026-03-08T00:00:00,Rule-Based Recommendation Engine,520.0,0.6003,Low,Hold / Defer,Credit Card,No Outreach,Keep out of the active audience until new engagement or relationship signals arrive.,0.0,0.0,0.0,0.0,0.5203,0,0,0.0,0.0
OP0812,CU0812,EM0006,BR0002,CP1001,Customer 812,27,Mass,111770.48,13,Professional,Tier 3,1,1,1,1,0,0,0,0,12000.0,16,7,11,10,1,0,88,No Response,1,1,677,Established,Digital,Credit Card,1,1,2025-12-11T00:00:00,Rule-Based Recommendation Engine,500.0,0.4638,Suppressed,Suppress,Credit Card,No Outreach,"Suppress outreach. Address service, compliance, or contact-fatigue constraints before reactivating.",0.0,0.0,0.0,0.0,0.3838,0,0,0.0,0.0
OP0813,CU0813,EM0002,BR0001,CP1002,Customer 813,62,Mass,144934.17,17,Salaried,Tier 1,1,0,1,2,1,0,0,0,67730.07,6,8,14,11,0,1,59,No Response,0,1,739,Growth,Hybrid,Personal Loan,1,1,2026-03-03T00:00:00,Rule-Based Recommendation Engine,500.0,0.5678,Suppressed,Suppress,Personal Loan,No Outreach,"Suppress outreach. Address service, compliance, or contact-fatigue constraints before reactivating.",0.0,0.0,0.0,0.0,0.4878,0,0,0.0,0.0
OP0814,CU0814,EM0007,BR0002,CP1003,Customer 814,38,Affluent,150513.06,47,Business Owner,Tier 2,1,1,1,1,0,0,0,0,198698.79,18,8,18,17,3,1,128,Clicked,1,0,714,Established,Digital,Insurance,1,1,2026-02-28T00:00:00,Rule-Based Recommendation Engine,860.0,0.768,Prime,RM Priority Lead,Insurance,RM / Branch,Route to RM within 48 hours with value talking points and product rationale.,4912.74,5057.74,145.0,4912.74,0.688,1,0,1.0,6569.59
OP0815,CU0815,EM0002,BR0001,CP1004,Customer 815,45,Affluent,124906.71,10,Salaried,Tier 1,0,1,1,2,0,0,1,0,335992.11,13,2,8,8,0,5,46,Clicked,0,0,797,Emerging,Digital,Wealth Upgrade,1,1,2026-02-21T00:00:00,Rule-Based Recommendation Engine,900.0,0.82,Prime,RM Priority Lead,Wealth Upgrade,RM / Branch,Route to RM within 48 hours with value talking points and product rationale.,13958.18,14103.18,145.0,13958.18,0.74,1,0,0.0,0.0
OP0816,CU0816,EM0009,BR0002,CP1002,Customer 816,26,Affluent,76370.29,38,Self-Employed,Tier 1,1,0,1,1,0,0,0,0,138051.05,1,7,8,0,2,3,28,Opened,0,0,731,Established,RM / Branch,Personal Loan,1,1,2025-12-30T00:00:00,Rule-Based Recommendation Engine,785.0,0.6705,High,Campaign Target,Personal Loan,RM / Branch,Push into the next campaign wave with personalization tags and channel controls.,6339.74,6484.74,145.0,6339.74,0.5905,1,0,0.0,0.0
OP0817,CU0817,EM0002,BR0001,CP1004,Customer 817,38,Affluent,113652.35,77,Professional,Tier 1,1,0,1,2,0,1,0,0,298395.49,2,12,12,14,0,6,51,No Response,0,0,762,Growth,Digital,Wealth Upgrade,1,1,2026-01-15T00:00:00,Rule-Based Recommendation Engine,887.0,0.8031,Prime,RM Priority Lead,Wealth Upgrade,RM / Branch,Route to RM within 48 hours with value talking points and product rationale.,13667.52,13812.52,145.0,13667.52,0.7231,1,0,0.0,0.0
OP0818,CU0818,EM0006,BR0002,CP1002,Customer 818,28,Mass,47474.63,26,Contract,Tier 3,1,0,1,2,1,0,0,0,27352.18,10,7,15,7,1,1,55,No Response,0,1,669,Growth,Hybrid,Personal Loan,1,1,2026-04-07T00:00:00,Rule-Based Recommendation Engine,490.0,0.287,Suppressed,Suppress,Personal Loan,No Outreach,"Suppress outreach. Address service, compliance, or contact-fatigue constraints before reactivating.",0.0,0.0,0.0,0.0,0.207,0,0,0.0,0.0
OP0819,CU0819,EM0002,BR0001,CP1001,Customer 819,34,Mass,186579.94,50,Business Owner,Tier 2,1,0,1,2,0,1,0,0,51120.09,11,7,2,7,2,1,13,Declined,0,0,716,Growth,Digital,Credit Card,1,1,2026-03-22T00:00:00,Rule-Based Recommendation Engine,744.0,0.6172,High,Campaign Target,Credit Card,Digital,Push into the next campaign wave with personalization tags and channel controls.,2187.26,2195.26,8.0,2187.26,0.5372,1,0,0.0,0.0
OP0820,CU0820,EM0008,BR0002,CP1004,Customer 820,41,Affluent,144973.41,46,Self-Employed,Tier 1,1,0,1,2,0,1,0,0,386463.44,18,7,25,13,0,4,45,No Response,1,0,752,Growth,Digital,Wealth Upgrade,1,1,2026-03-28T00:00:00,Rule-Based Recommendation Engine,900.0,0.82,Prime,RM Priority Lead,Wealth Upgrade,RM / Branch,Route to RM within 48 hours with value talking points and product rationale.,13958.18,14103.18,145.0,13958.18,0.74,1,0,0.0,0.0
OP0821,CU0821,EM0005,BR0001,CP1004,Customer 821,52,Mass,211345.72,79,Business Owner,Tier 1,1,0,1,2,1,0,0,0,21160.53,17,6,5,14,2,0,129,Clicked,0,0,740,Established,RM / Branch,Wealth Upgrade,1,1,2025-11-01T00:00:00,Rule-Based Recommendation Engine,520.0,0.6692,Low,Hold / Defer,Wealth Upgrade,No Outreach,Keep out of the active audience until new engagement or relationship signals arrive.,0.0,0.0,0.0,0.0,0.5892,0,0,0.0,0.0
OP0822,CU0822,EM0008,BR0002,CP1002,Customer 822,35,Mass,85389.19,8,Salaried,Tier 2,1,1,1,3,1,1,0,0,159080.07,15,3,11,11,2,1,35,Opened,0,0,704,Established,Digital,Personal Loan,1,1,2026-01-14T00:00:00,Rule-Based Recommendation Engine,520.0,0.4417,Low,Hold / Defer,Personal Loan,No Outreach,Keep out of the active audience until new engagement or relationship signals arrive.,0.0,0.0,0.0,0.0,0.3617,0,0,0.0,0.0
OP0823,CU0823,EM0001,BR0001,CP1001,Customer 823,55,Mass,207567.74,63,Professional,Tier 2,1,1,1,3,0,1,1,0,406541.3,29,4,12,10,0,0,46,Opened,0,0,799,Growth,Digital,Credit Card,1,1,2025-11-12T00:00:00,Rule-Based Recommendation Engine,900.0,0.82,Prime,RM Priority Lead,Credit Card,RM / Branch,Route to RM within 48 hours with value talking points and product rationale.,2771.58,2916.58,145.0,2771.58,0.74,1,0,0.0,0.0
OP0824,CU0824,EM0008,BR0002,CP1004,Customer 824,47,Affluent,142250.22,42,Salaried,Tier 3,1,1,1,2,1,0,0,0,458292.42,33,5,7,4,1,1,60,No Response,0,0,723,Growth,RM / Branch,Wealth Upgrade,1,1,2025-12-03T00:00:00,Rule-Based Recommendation Engine,861.0,0.7693,Prime,RM Priority Lead,Wealth Upgrade,RM / Branch,Route to RM within 48 hours with value talking points and product rationale.,13086.19,13231.19,145.0,13086.19,0.6893,1,0,1.0,17240.31
OP0825,CU0825,EM0002,BR0001,CP1004,Customer 825,52,Mass,166694.13,30,Self-Employed,Tier 3,1,0,1,2,0,1,0,0,331003.98,23,2,8,13,5,1,97,Opened,0,0,804,Established,RM / Branch,Wealth Upgrade,1,0,2026-03-25T00:00:00,Rule-Based Recommendation Engine,500.0,0.7862,Suppressed,Suppress,Wealth Upgrade,No Outreach,"Suppress outreach. Address service, compliance, or contact-fatigue constraints before reactivating.",0.0,0.0,0.0,0.0,0.7062,0,0,0.0,0.0
OP0826,CU0826,EM0010,BR0002,CP1001,Customer 826,38,Mass,114456.95,17,Salaried,Tier 3,1,1,1,1,0,0,0,0,147741.64,11,10,11,8,0,0,44,No Response,0,0,729,Mature,Hybrid,Credit Card,1,1,2026-03-30T00:00:00,Rule-Based Recommendation Engine,819.0,0.7147,Prime,RM Priority Lead,Credit Card,RM / Branch,Route to RM within 48 hours with value talking points and product rationale.,2397.04,2542.04,145.0,2397.04,0.6347,1,0,0.0,0.0
OP0827,CU0827,EM0004,BR0001,CP1001,Customer 827,24,Mass,55732.91,51,Salaried,Tier 2,1,1,1,3,1,1,0,0,73142.65,25,9,13,0,1,0,76,Declined,0,0,742,Growth,Hybrid,Credit Card,1,1,2025-12-13T00:00:00,Rule-Based Recommendation Engine,520.0,0.5639,Low,Hold / Defer,Credit Card,No Outreach,Keep out of the active audience until new engagement or relationship signals arrive.,0.0,0.0,0.0,0.0,0.4839,0,0,0.0,0.0
OP0828,CU0828,EM0010,BR0002,CP1003,Customer 828,46,Mass,149379.0,10,Salaried,Tier 1,1,1,1,2,1,0,0,0,155301.72,24,11,8,14,1,0,53,Declined,0,0,768,Growth,Digital,Insurance,1,1,2026-03-20T00:00:00,Rule-Based Recommendation Engine,794.0,0.6822,Prime,RM Priority Lead,Insurance,RM / Branch,Route to RM within 48 hours with value talking points and product rationale.,4347.7,4492.7,145.0,4347.7,0.6022,1,0,0.0,0.0
OP0829,CU0829,EM0001,BR0001,CP1002,Customer 829,40,Mass,89429.32,20,Salaried,Tier 1,1,1,1,2,0,0,0,1,155898.33,30,7,13,10,1,0,105,No Response,0,0,742,Established,Digital,Personal Loan,1,1,2025-12-22T00:00:00,Rule-Based Recommendation Engine,805.0,0.6965,Prime,RM Priority Lead,Personal Loan,RM / Branch,Route to RM within 48 hours with value talking points and product rationale.,6591.2,6736.2,145.0,6591.2,0.6165,1,0,0.0,0.0
OP0830,CU0830,EM0006,BR0002,CP1004,Customer 830,36,Affluent,121997.4,49,Self-Employed,Tier 2,1,0,1,1,0,0,0,0,350537.2,19,10,6,10,1,2,36,Clicked,0,0,760,Established,Digital,Wealth Upgrade,1,1,2026-03-20T00:00:00,Rule-Based Recommendation Engine,889.0,0.8057,Prime,RM Priority Lead,Wealth Upgrade,RM / Branch,Route to RM within 48 hours with value talking points and product rationale.,13712.23,13857.23,145.0,13712.23,0.7257,1,0,0.0,0.0
OP0831,CU0831,EM0001,BR0001,CP1003,Customer 831,26,Mass,90401.72,23,Salaried,Tier 1,1,1,1,3,1,0,0,1,96294.7,25,6,9,7,0,0,31,No Response,2,0,722,Growth,Hybrid,Insurance,1,1,2026-04-02T00:00:00,Rule-Based Recommendation Engine,520.0,0.4768,Low,Hold / Defer,Insurance,No Outreach,Keep out of the active audience until new engagement or relationship signals arrive.,0.0,0.0,0.0,0.0,0.3968,0,0,0.0,0.0
OP0832,CU0832,EM0010,BR0002,CP1003,Customer 832,69,Mass,186164.52,17,Salaried,Tier 2,1,0,1,1,0,0,0,0,188542.39,4,9,3,12,1,0,30,Declined,0,0,706,Growth,Digital,Insurance,0,1,2025-11-25T00:00:00,Rule-Based Recommendation Engine,500.0,0.6887,Suppressed,Suppress,Insurance,No Outreach,"Suppress outreach. Address service, compliance, or contact-fatigue constraints before reactivating.",0.0,0.0,0.0,0.0,0.6087,0,0,0.0,0.0
OP0833,CU0833,EM0003,BR0001,CP1003,Customer 833,32,Affluent,149405.14,40,Professional,Tier 1,1,0,1,1,0,0,0,0,285729.22,16,5,12,0,1,3,61,Opened,1,0,826,Growth,Hybrid,Insurance,1,1,2025-12-27T00:00:00,Rule-Based Recommendation Engine,899.0,0.8187,Prime,RM Priority Lead,Insurance,RM / Branch,Route to RM within 48 hours with value talking points and product rationale.,5246.63,5391.63,145.0,5246.63,0.7387,1,0,0.0,0.0
OP0834,CU0834,EM0008,BR0002,CP1001,Customer 834,38,Mass,82828.46,1,Contract,Tier 2,1,0,1,2,0,0,0,1,127135.04,16,6,18,11,1,1,10,Clicked,0,0,713,Emerging,Digital,Credit Card,1,1,2025-11-17T00:00:00,Rule-Based Recommendation Engine,755.0,0.6315,High,Campaign Target,Credit Card,Digital,Push into the next campaign wave with personalization tags and channel controls.,2238.12,2246.12,8.0,2238.12,0.5515,0,1,0.0,0.0
OP0835,CU0835,EM0001,BR0001,CP1004,Customer 835,42,Affluent,138033.99,20,Salaried,Tier 1,1,1,1,1,0,0,0,0,228757.38,17,7,0,7,3,2,19,Declined,0,0,831,Growth,RM / Branch,Wealth Upgrade,1,1,2026-01-09T00:00:00,Rule-Based Recommendation Engine,500.0,0.7212,Suppressed,Suppress,Wealth Upgrade,No Outreach,"Suppress outreach. Address service, compliance, or contact-fatigue constraints before reactivating.",0.0,0.0,0.0,0.0,0.6412,0,0,0.0,0.0
OP0836,CU0836,EM0007,BR0002,CP1002,Customer 836,55,Affluent,158061.24,58,Self-Employed,Tier 1,1,0,1,1,0,0,0,0,359680.57,7,8,25,12,2,5,53,No Response,0,1,707,Emerging,Digital,Personal Loan,1,1,2026-03-06T00:00:00,Rule-Based Recommendation Engine,500.0,0.6692,Suppressed,Suppress,Personal Loan,No Outreach,"Suppress outreach. Address service, compliance, or contact-fatigue constraints before reactivating.",0.0,0.0,0.0,0.0,0.5892,0,0,0.0,0.0
OP0837,CU0837,EM0005,BR0001,CP1002,Customer 837,41,Affluent,178472.37,59,Self-Employed,Tier 1,1,1,0,2,1,0,0,0,425410.34,24,7,26,6,1,4,107,Opened,0,0,771,Growth,Hybrid,Personal Loan,1,1,2025-12-11T00:00:00,Rule-Based Recommendation Engine,500.0,0.742,Suppressed,Suppress,Personal Loan,No Outreach,"Suppress outreach. Address service, compliance, or contact-fatigue constraints before reactivating.",0.0,0.0,0.0,0.0,0.662,0,0,0.0,0.0
OP0838,CU0838,EM0010,BR0002,CP1001,Customer 838,34,Affluent,105454.58,37,Self-Employed,Tier 3,1,0,1,2,0,0,0,1,160386.01,24,7,3,12,0,2,49,Clicked,0,0,774,Established,Digital,Credit Card,1,1,2026-02-04T00:00:00,Rule-Based Recommendation Engine,853.0,0.7589,Prime,RM Priority Lead,Credit Card,RM / Branch,Route to RM within 48 hours with value talking points and product rationale.,2554.26,2699.26,145.0,2554.26,0.6789,1,0,0.0,0.0
OP0839,CU0839,EM0004,BR0001,CP1001,Customer 839,38,Affluent,139627.3,66,Self-Employed,Tier 1,1,0,1,2,1,0,0,0,611531.9,15,8,2,10,2,2,87,No Response,0,0,770,Mature,Digital,Credit Card,1,1,2025-12-28T00:00:00,Rule-Based Recommendation Engine,520.0,0.6211,Low,Hold / Defer,Credit Card,No Outreach,Keep out of the active audience until new engagement or relationship signals arrive.,0.0,0.0,0.0,0.0,0.5411,0,0,0.0,0.0
OP0840,CU0840,EM0007,BR0002,CP1003,Customer 840,26,Mass,58546.04,26,Salaried,Tier 1,1,1,1,2,1,0,0,0,42181.62,20,9,3,2,0,1,75,No Response,1,0,721,Growth,Digital,Insurance,1,1,2026-02-04T00:00:00,Rule-Based Recommendation Engine,746.0,0.6198,High,Campaign Target,Insurance,Digital,Push into the next campaign wave with personalization tags and channel controls.,4073.75,4081.75,8.0,4073.75,0.5398,1,0,0.0,0.0
OP0841,CU0841,EM0001,BR0001,CP1003,Customer 841,60,Mass,204174.92,15,Professional,Tier 1,1,1,1,1,0,0,0,0,131992.75,18,11,14,0,0,1,12,Opened,0,0,720,Established,Digital,Insurance,1,0,2026-02-04T00:00:00,Rule-Based Recommendation Engine,500.0,0.6731,Suppressed,Suppress,Insurance,No Outreach,"Suppress outreach. Address service, compliance, or contact-fatigue constraints before reactivating.",0.0,0.0,0.0,0.0,0.5931,0,0,0.0,0.0
OP0842,CU0842,EM0006,BR0002,CP1004,Customer 842,27,Affluent,103709.66,1,Salaried,Tier 1,1,1,1,1,0,0,0,0,354890.33,24,8,6,0,1,1,71,Clicked,0,0,700,Growth,Hybrid,Wealth Upgrade,1,1,2026-03-01T00:00:00,Rule-Based Recommendation Engine,823.0,0.7199,Prime,RM Priority Lead,Wealth Upgrade,RM / Branch,Route to RM within 48 hours with value talking points and product rationale.,12236.56,12381.56,145.0,12236.56,0.6399,1,0,0.0,0.0
OP0843,CU0843,EM0005,BR0001,CP1003,Customer 843,51,Mass,183893.02,37,Self-Employed,Tier 1,0,0,1,1,0,0,0,0,415322.15,19,10,14,11,2,0,5,Declined,1,0,705,Mature,Digital,Insurance,1,1,2025-11-16T00:00:00,Rule-Based Recommendation Engine,500.0,0.7147,Suppressed,Suppress,Insurance,No Outreach,"Suppress outreach. Address service, compliance, or contact-fatigue constraints before reactivating.",0.0,0.0,0.0,0.0,0.6347,0,0,0.0,0.0
OP0844,CU0844,EM0010,BR0002,CP1003,Customer 844,58,Mass,139175.59,23,Salaried,Tier 1,1,1,1,3,1,0,1,0,249078.6,9,7,4,5,1,1,34,No Response,0,0,707,Established,RM / Branch,Insurance,1,1,2026-03-08T00:00:00,Rule-Based Recommendation Engine,776.0,0.6588,High,Campaign Target,Insurance,Outbound Campaign,Push into the next campaign wave with personalization tags and channel controls.,4320.59,4338.59,18.0,4320.59,0.5788,1,0,0.0,0.0
OP0845,CU0845,EM0001,BR0001,CP1001,Customer 845,42,Affluent,143225.1,101,Salaried,Tier 3,1,1,1,3,1,1,0,0,553154.8,21,9,14,0,0,6,10,No Response,0,0,792,Emerging,Digital,Credit Card,1,0,2025-11-11T00:00:00,Rule-Based Recommendation Engine,500.0,0.6978,Suppressed,Suppress,Credit Card,No Outreach,"Suppress outreach. Address service, compliance, or contact-fatigue constraints before reactivating.",0.0,0.0,0.0,0.0,0.6178,0,0,0.0,0.0
OP0846,CU0846,EM0006,BR0002,CP1002,Customer 846,21,Mass,68322.36,68,Salaried,Tier 1,1,1,1,2,1,0,0,0,151883.34,20,8,3,5,1,0,43,No Response,0,0,754,Growth,Digital,Personal Loan,1,1,2026-01-20T00:00:00,Rule-Based Recommendation Engine,801.0,0.6913,Prime,RM Priority Lead,Personal Loan,RM / Branch,Route to RM within 48 hours with value talking points and product rationale.,6540.91,6685.91,145.0,6540.91,0.6113,1,0,0.0,0.0
OP0847,CU0847,EM0005,BR0001,CP1003,Customer 847,43,Affluent,159482.89,54,Self-Employed,Tier 1,1,1,1,2,0,0,0,1,213350.25,24,10,8,11,1,0,18,Accepted,0,0,693,Established,Digital,Insurance,1,1,2026-01-07T00:00:00,Rule-Based Recommendation Engine,500.0,0.495,Suppressed,Suppress,Insurance,No Outreach,"Suppress outreach. Address service, compliance, or contact-fatigue constraints before reactivating.",0.0,0.0,0.0,0.0,0.415,0,0,0.0,0.0
OP0848,CU0848,EM0006,BR0002,CP1003,Customer 848,21,Affluent,77560.3,10,Self-Employed,Tier 2,0,1,1,2,1,0,0,0,200727.84,16,1,3,3,0,1,89,Opened,0,0,679,Emerging,RM / Branch,Insurance,1,1,2025-11-04T00:00:00,Rule-Based Recommendation Engine,520.0,0.4846,Low,Hold / Defer,Insurance,No Outreach,Keep out of the active audience until new engagement or relationship signals arrive.,0.0,0.0,0.0,0.0,0.4046,0,0,0.0,0.0
OP0849,CU0849,EM0003,BR0001,CP1002,Customer 849,23,Mass,28000.0,43,Salaried,Tier 3,1,1,1,3,1,1,0,0,63882.17,15,9,14,9,2,1,88,No Response,0,1,708,Established,Hybrid,Personal Loan,1,1,2026-02-23T00:00:00,Rule-Based Recommendation Engine,500.0,0.326,Suppressed,Suppress,Personal Loan,No Outreach,"Suppress outreach. Address service, compliance, or contact-fatigue constraints before reactivating.",0.0,0.0,0.0,0.0,0.246,0,0,0.0,0.0
OP0850,CU0850,EM0007,BR0002,CP1002,Customer 850,37,Affluent,127430.5,28,Salaried,Tier 3,1,1,1,1,0,0,0,0,221504.79,18,10,11,4,2,1,25,No Response,0,0,791,Growth,Hybrid,Personal Loan,1,1,2025-12-05T00:00:00,Rule-Based Recommendation Engine,852.0,0.7576,Prime,RM Priority Lead,Personal Loan,RM / Branch,Route to RM within 48 hours with value talking points and product rationale.,7182.13,7327.13,145.0,7182.13,0.6776,1,0,0.0,0.0
OP0851,CU0851,EM0005,BR0001,CP1002,Customer 851,25,Mass,95991.71,10,Salaried,Tier 2,0,0,1,1,0,0,0,0,127184.22,21,2,3,6,0,0,118,Clicked,1,0,666,Established,RM / Branch,Personal Loan,1,1,2026-02-09T00:00:00,Rule-Based Recommendation Engine,520.0,0.5093,Low,Hold / Defer,Personal Loan,No Outreach,Keep out of the active audience until new engagement or relationship signals arrive.,0.0,0.0,0.0,0.0,0.4293,0,0,0.0,0.0
OP0852,CU0852,EM0010,BR0002,CP1003,Customer 852,42,Affluent,118622.74,63,Self-Employed,Tier 1,1,0,1,2,0,1,0,0,149378.39,11,3,6,1,0,5,51,No Response,0,0,746,Growth,RM / Branch,Insurance,1,1,2025-11-26T00:00:00,Rule-Based Recommendation Engine,844.0,0.7472,Prime,RM Priority Lead,Insurance,RM / Branch,Route to RM within 48 hours with value talking points and product rationale.,4775.76,4920.76,145.0,4775.76,0.6672,0,1,1.0,6529.59
OP0853,CU0853,EM0003,BR0001,CP1002,Customer 853,41,Mass,125304.84,37,Self-Employed,Tier 1,1,0,1,2,0,1,0,0,51333.37,7,9,11,10,0,3,22,No Response,0,0,717,Growth,Hybrid,Personal Loan,1,1,2026-02-05T00:00:00,Rule-Based Recommendation Engine,520.0,0.5197,Low,Hold / Defer,Personal Loan,No Outreach,Keep out of the active audience until new engagement or relationship signals arrive.,0.0,0.0,0.0,0.0,0.4397,0,0,0.0,0.0
OP0854,CU0854,EM0006,BR0002,CP1002,Customer 854,26,Mass,85278.55,34,Salaried,Tier 1,1,1,1,2,1,0,0,0,41812.16,14,2,4,13,1,2,40,Declined,0,0,727,Emerging,RM / Branch,Personal Loan,1,1,2025-12-17T00:00:00,Rule-Based Recommendation Engine,735.0,0.6055,High,Campaign Target,Personal Loan,Outbound Campaign,Push into the next campaign wave with personalization tags and channel controls.,5838.09,5856.09,18.0,5838.09,0.5255,1,0,0.0,0.0
OP0855,CU0855,EM0005,BR0001,CP1003,Customer 855,50,Mass,155113.19,32,Self-Employed,Tier 2,1,1,1,2,1,0,0,0,128912.02,14,3,0,17,1,1,51,No Response,0,0,707,Established,RM / Branch,Insurance,0,1,2026-01-16T00:00:00,Rule-Based Recommendation Engine,500.0,0.6276,Suppressed,Suppress,Insurance,No Outreach,"Suppress outreach. Address service, compliance, or contact-fatigue constraints before reactivating.",0.0,0.0,0.0,0.0,0.5476,0,0,0.0,0.0
OP0856,CU0856,EM0007,BR0002,CP1004,Customer 856,52,HNI,262197.66,36,Business Owner,Tier 1,1,0,1,2,0,0,1,0,850000.0,6,1,0,8,0,2,62,No Response,0,0,726,Established,RM / Branch,Wealth Upgrade,1,1,2026-04-04T00:00:00,Rule-Based Recommendation Engine,872.0,0.7836,Prime,RM Priority Lead,Wealth Upgrade,RM / Branch,Route to RM within 48 hours with value talking points and product rationale.,13332.14,13477.14,145.0,13332.14,0.7036,1,0,1.0,17142.62
OP0857,CU0857,EM0005,BR0001,CP1001,Customer 857,54,Mass,102408.1,81,Contract,Tier 1,1,0,1,3,0,0,1,1,175325.99,15,1,11,9,3,1,87,Declined,0,0,730,Emerging,Digital,Credit Card,0,1,2026-02-12T00:00:00,Rule-Based Recommendation Engine,500.0,0.7199,Suppressed,Suppress,Credit Card,No Outreach,"Suppress outreach. Address service, compliance, or contact-fatigue constraints before reactivating.",0.0,0.0,0.0,0.0,0.6399,0,0,0.0,0.0
OP0858,CU0858,EM0009,BR0002,CP1002,Customer 858,53,Mass,154920.19,38,Salaried,Tier 1,0,0,1,4,0,1,1,1,194294.72,6,6,19,4,0,1,136,No Response,1,0,774,Growth,Digital,Personal Loan,0,1,2025-12-14T00:00:00,Rule-Based Recommendation Engine,500.0,0.6029,Suppressed,Suppress,Personal Loan,No Outreach,"Suppress outreach. Address service, compliance, or contact-fatigue constraints before reactivating.",0.0,0.0,0.0,0.0,0.5229,0,0,0.0,0.0
OP0859,CU0859,EM0004,BR0001,CP1001,Customer 859,51,Affluent,160183.68,46,Self-Employed,Tier 2,1,0,1,2,1,0,0,0,164429.16,14,6,13,9,1,3,69,No Response,0,0,677,Growth,RM / Branch,Credit Card,1,1,2025-11-29T00:00:00,Rule-Based Recommendation Engine,520.0,0.4573,Low,Hold / Defer,Credit Card,No Outreach,Keep out of the active audience until new engagement or relationship signals arrive.,0.0,0.0,0.0,0.0,0.3773,0,0,0.0,0.0
OP0860,CU0860,EM0009,BR0002,CP1001,Customer 860,41,Mass,110132.18,13,Salaried,Tier 1,1,1,1,2,0,0,0,1,69320.68,23,7,11,9,1,1,50,Declined,0,0,742,Emerging,Hybrid,Credit Card,1,1,2026-02-16T00:00:00,Rule-Based Recommendation Engine,825.0,0.7225,Prime,RM Priority Lead,Credit Card,RM / Branch,Route to RM within 48 hours with value talking points and product rationale.,2424.79,2569.79,145.0,2424.79,0.6425,1,0,0.0,0.0
OP0861,CU0861,EM0005,BR0001,CP1004,Customer 861,21,Affluent,112684.14,39,Self-Employed,Tier 1,1,1,1,4,1,1,0,1,279312.5,26,6,3,10,0,4,39,No Response,0,0,811,Growth,Hybrid,Wealth Upgrade,1,1,2026-04-01T00:00:00,Rule-Based Recommendation Engine,900.0,0.82,Prime,RM Priority Lead,Wealth Upgrade,RM / Branch,Route to RM within 48 hours with value talking points and product rationale.,13958.18,14103.18,145.0,13958.18,0.74,1,0,0.0,0.0
OP0862,CU0862,EM0008,BR0002,CP1001,Customer 862,50,Affluent,124297.39,43,Salaried,Tier 2,1,1,1,2,1,0,0,0,317281.42,16,8,7,8,0,4,39,Declined,1,0,780,Mature,Digital,Credit Card,1,1,2026-02-09T00:00:00,Rule-Based Recommendation Engine,520.0,0.7134,Low,Hold / Defer,Credit Card,No Outreach,Keep out of the active audience until new engagement or relationship signals arrive.,0.0,0.0,0.0,0.0,0.6334,0,0,0.0,0.0
OP0863,CU0863,EM0005,BR0001,CP1004,Customer 863,33,Mass,73563.74,67,Salaried,Tier 1,0,0,1,2,1,0,0,0,57939.1,20,9,17,6,1,1,52,No Response,0,0,689,Growth,Digital,Wealth Upgrade,1,1,2026-02-09T00:00:00,Rule-Based Recommendation Engine,520.0,0.6107,Low,Hold / Defer,Wealth Upgrade,No Outreach,Keep out of the active audience until new engagement or relationship signals arrive.,0.0,0.0,0.0,0.0,0.5307,0,0,0.0,0.0
OP0864,CU0864,EM0006,BR0002,CP1002,Customer 864,44,Affluent,120214.52,24,Salaried,Tier 2,0,1,1,1,0,0,0,0,437863.73,6,9,7,10,0,6,78,No Response,0,1,678,Established,Digital,Personal Loan,1,1,2025-11-06T00:00:00,Rule-Based Recommendation Engine,500.0,0.5184,Suppressed,Suppress,Personal Loan,No Outreach,"Suppress outreach. Address service, compliance, or contact-fatigue constraints before reactivating.",0.0,0.0,0.0,0.0,0.4384,0,0,0.0,0.0
OP0865,CU0865,EM0004,BR0001,CP1002,Customer 865,63,HNI,222081.14,37,Professional,Tier 2,1,1,1,2,0,0,0,1,707079.6,8,13,4,15,0,3,48,Clicked,1,0,703,Growth,RM / Branch,Personal Loan,1,1,2026-03-19T00:00:00,Rule-Based Recommendation Engine,872.0,0.7836,Prime,RM Priority Lead,Personal Loan,RM / Branch,Route to RM within 48 hours with value talking points and product rationale.,7433.59,7578.59,145.0,7433.59,0.7036,1,0,1.0,8435.77
OP0866,CU0866,EM0007,BR0002,CP1003,Customer 866,27,Mass,82771.05,24,Salaried,Tier 1,1,0,1,1,0,0,0,0,136902.06,19,8,7,13,2,1,38,Clicked,1,0,722,Growth,Digital,Insurance,1,1,2026-04-05T00:00:00,Rule-Based Recommendation Engine,770.0,0.651,High,Campaign Target,Insurance,Digital,Push into the next campaign wave with personalization tags and channel controls.,4279.23,4287.23,8.0,4279.23,0.571,1,0,1.0,5176.84
OP0867,CU0867,EM0003,BR0001,CP1002,Customer 867,22,Mass,85149.07,1,Salaried,Tier 1,1,1,1,3,1,0,0,1,123404.79,41,10,24,11,0,1,55,Opened,0,0,750,Established,Digital,Personal Loan,1,0,2025-12-02T00:00:00,Rule-Based Recommendation Engine,500.0,0.6497,Suppressed,Suppress,Personal Loan,No Outreach,"Suppress outreach. Address service, compliance, or contact-fatigue constraints before reactivating.",0.0,0.0,0.0,0.0,0.5697,0,0,0.0,0.0
OP0868,CU0868,EM0006,BR0002,CP1001,Customer 868,34,Mass,78418.34,41,Salaried,Tier 2,1,1,1,2,1,0,0,0,12000.0,15,5,3,12,0,1,49,Declined,0,0,726,Mature,Digital,Credit Card,1,0,2026-03-15T00:00:00,Rule-Based Recommendation Engine,500.0,0.4703,Suppressed,Suppress,Credit Card,No Outreach,"Suppress outreach. Address service, compliance, or contact-fatigue constraints before reactivating.",0.0,0.0,0.0,0.0,0.3903,0,0,0.0,0.0
OP0869,CU0869,EM0001,BR0001,CP1002,Customer 869,32,Mass,74780.05,2,Salaried,Tier 3,0,1,1,1,0,0,0,0,62842.04,17,4,0,9,1,0,51,No Response,0,0,737,Emerging,RM / Branch,Personal Loan,1,1,2025-11-14T00:00:00,Rule-Based Recommendation Engine,703.0,0.5639,High,Campaign Target,Personal Loan,Outbound Campaign,Push into the next campaign wave with personalization tags and channel controls.,5435.76,5453.76,18.0,5435.76,0.4839,1,0,0.0,0.0
OP0870,CU0870,EM0008,BR0002,CP1001,Customer 870,42,Mass,117212.64,8,Salaried,Tier 1,1,1,1,3,1,0,1,0,87479.64,14,12,1,7,0,0,45,Clicked,0,0,692,Mature,Hybrid,Credit Card,1,1,2025-12-29T00:00:00,Rule-Based Recommendation Engine,520.0,0.4365,Low,Hold / Defer,Credit Card,No Outreach,Keep out of the active audience until new engagement or relationship signals arrive.,0.0,0.0,0.0,0.0,0.3565,0,0,0.0,0.0
OP0871,CU0871,EM0001,BR0001,CP1004,Customer 871,22,Affluent,99757.23,73,Professional,Tier 2,0,0,1,1,0,0,0,0,205843.61,8,1,14,13,2,8,41,Accepted,0,0,728,Established,RM / Branch,Wealth Upgrade,1,1,2026-02-03T00:00:00,Rule-Based Recommendation Engine,835.0,0.7355,Prime,RM Priority Lead,Wealth Upgrade,RM / Branch,Route to RM within 48 hours with value talking points and product rationale.,12504.86,12649.86,145.0,12504.86,0.6555,1,0,0.0,0.0
OP0872,CU0872,EM0007,BR0002,CP1004,Customer 872,26,Mass,83917.14,40,Salaried,Tier 3,1,0,1,2,1,0,0,0,122857.38,9,6,6,9,0,0,2,Accepted,1,0,760,Growth,Digital,Wealth Upgrade,1,1,2026-02-26T00:00:00,Rule-Based Recommendation Engine,500.0,0.5665,Suppressed,Suppress,Wealth Upgrade,No Outreach,"Suppress outreach. Address service, compliance, or contact-fatigue constraints before reactivating.",0.0,0.0,0.0,0.0,0.4865,0,0,0.0,0.0
OP0873,CU0873,EM0003,BR0001,CP1001,Customer 873,41,Affluent,174832.1,40,Professional,Tier 2,1,1,1,2,1,0,0,0,583931.26,15,8,5,9,1,5,62,Clicked,1,0,712,Growth,Digital,Credit Card,1,1,2025-11-28T00:00:00,Rule-Based Recommendation Engine,520.0,0.6575,Low,Hold / Defer,Credit Card,No Outreach,Keep out of the active audience until new engagement or relationship signals arrive.,0.0,0.0,0.0,0.0,0.5775,0,0,0.0,0.0
OP0874,CU0874,EM0006,BR0002,CP1004,Customer 874,38,Mass,123917.08,65,Salaried,Tier 1,1,1,1,4,1,1,0,1,12000.0,17,6,23,12,1,1,46,No Response,0,0,750,Established,Digital,Wealth Upgrade,1,1,2025-12-20T00:00:00,Rule-Based Recommendation Engine,520.0,0.6835,Low,Hold / Defer,Wealth Upgrade,No Outreach,Keep out of the active audience until new engagement or relationship signals arrive.,0.0,0.0,0.0,0.0,0.6035,0,0,0.0,0.0
OP0875,CU0875,EM0001,BR0001,CP1004,Customer 875,48,Mass,150819.6,53,Self-Employed,Tier 2,1,0,1,4,1,1,1,0,407088.9,14,4,14,4,1,0,89,Opened,0,0,731,Established,Hybrid,Wealth Upgrade,1,1,2025-12-27T00:00:00,Rule-Based Recommendation Engine,847.0,0.7511,Prime,RM Priority Lead,Wealth Upgrade,RM / Branch,Route to RM within 48 hours with value talking points and product rationale.,12773.17,12918.17,145.0,12773.17,0.6711,1,0,1.0,16086.14
OP0876,CU0876,EM0008,BR0002,CP1001,Customer 876,21,Affluent,107528.75,7,Professional,Tier 2,1,1,1,1,0,0,0,0,219700.06,17,14,10,6,1,2,28,Clicked,1,0,759,Established,Hybrid,Credit Card,1,1,2025-11-23T00:00:00,Rule-Based Recommendation Engine,849.0,0.7537,Prime,RM Priority Lead,Credit Card,RM / Branch,Route to RM within 48 hours with value talking points and product rationale.,2535.76,2680.76,145.0,2535.76,0.6737,1,0,1.0,3153.9
OP0877,CU0877,EM0002,BR0001,CP1001,Customer 877,30,Affluent,72571.19,40,Salaried,Tier 3,1,1,1,1,0,0,0,0,167355.74,15,9,18,2,2,4,90,Opened,0,0,774,Established,Digital,Credit Card,1,1,2025-12-08T00:00:00,Rule-Based Recommendation Engine,895.0,0.8135,Prime,RM Priority Lead,Credit Card,RM / Branch,Route to RM within 48 hours with value talking points and product rationale.,2748.46,2893.46,145.0,2748.46,0.7335,1,0,1.0,3734.99
OP0878,CU0878,EM0008,BR0002,CP1003,Customer 878,46,Mass,118499.11,1,Salaried,Tier 1,0,0,1,1,0,0,0,0,134945.83,9,6,9,5,2,2,59,Opened,0,1,663,Established,RM / Branch,Insurance,1,1,2026-04-02T00:00:00,Rule-Based Recommendation Engine,500.0,0.4391,Suppressed,Suppress,Insurance,No Outreach,"Suppress outreach. Address service, compliance, or contact-fatigue constraints before reactivating.",0.0,0.0,0.0,0.0,0.3591,0,0,0.0,0.0
OP0879,CU0879,EM0004,BR0001,CP1003,Customer 879,21,Mass,195581.1,27,Business Owner,Tier 1,1,1,1,2,1,0,0,0,435088.69,20,5,27,7,1,2,62,No Response,1,0,742,Growth,Digital,Insurance,1,1,2025-12-19T00:00:00,Rule-Based Recommendation Engine,520.0,0.82,Low,Hold / Defer,Insurance,RM / Branch,Keep out of the active audience until new engagement or relationship signals arrive.,0.0,0.0,145.0,0.0,0.74,0,0,0.0,0.0
OP0880,CU0880,EM0010,BR0002,CP1003,Customer 880,28,Mass,64151.24,26,Salaried,Tier 2,1,1,1,1,0,0,0,0,88270.02,16,5,13,16,1,1,31,No Response,0,0,692,Emerging,Digital,Insurance,1,1,2026-01-15T00:00:00,Rule-Based Recommendation Engine,732.0,0.6016,High,Campaign Target,Insurance,Digital,Push into the next campaign wave with personalization tags and channel controls.,3953.9,3961.9,8.0,3953.9,0.5216,1,0,0.0,0.0
OP0881,CU0881,EM0004,BR0001,CP1001,Customer 881,54,Affluent,127175.24,51,Salaried,Tier 3,1,1,1,1,0,0,0,0,297331.73,28,13,1,4,2,3,17,Clicked,1,0,790,Emerging,RM / Branch,Credit Card,1,1,2026-01-10T00:00:00,Rule-Based Recommendation Engine,500.0,0.755,Suppressed,Suppress,Credit Card,No Outreach,"Suppress outreach. Address service, compliance, or contact-fatigue constraints before reactivating.",0.0,0.0,0.0,0.0,0.675,0,0,0.0,0.0
OP0882,CU0882,EM0006,BR0002,CP1002,Customer 882,26,Mass,124655.49,15,Self-Employed,Tier 1,1,0,1,1,0,0,0,0,204126.14,1,10,15,5,0,1,50,Declined,0,0,780,Emerging,Hybrid,Personal Loan,1,1,2026-02-17T00:00:00,Rule-Based Recommendation Engine,852.0,0.7576,Prime,RM Priority Lead,Personal Loan,RM / Branch,Route to RM within 48 hours with value talking points and product rationale.,7182.13,7327.13,145.0,7182.13,0.6776,1,0,0.0,0.0
OP0883,CU0883,EM0005,BR0001,CP1004,Customer 883,31,Affluent,97483.25,29,Self-Employed,Tier 1,1,0,1,2,1,0,0,0,201770.28,27,6,12,12,0,2,50,Accepted,0,1,728,Emerging,Digital,Wealth Upgrade,1,1,2025-11-20T00:00:00,Rule-Based Recommendation Engine,500.0,0.5782,Suppressed,Suppress,Wealth Upgrade,No Outreach,"Suppress outreach. Address service, compliance, or contact-fatigue constraints before reactivating.",0.0,0.0,0.0,0.0,0.4982,0,0,0.0,0.0
OP0884,CU0884,EM0007,BR0002,CP1003,Customer 884,38,Mass,76636.86,1,Salaried,Tier 3,1,1,1,2,1,0,0,0,66063.63,14,1,15,18,0,2,63,Clicked,2,0,763,Emerging,Digital,Insurance,1,1,2025-11-16T00:00:00,Rule-Based Recommendation Engine,804.0,0.6952,Prime,RM Priority Lead,Insurance,RM / Branch,Route to RM within 48 hours with value talking points and product rationale.,4433.31,4578.31,145.0,4433.31,0.6152,1,0,0.0,0.0
OP0885,CU0885,EM0003,BR0001,CP1003,Customer 885,41,Mass,85930.63,6,Salaried,Tier 2,0,1,1,2,1,0,0,0,53128.24,11,4,14,1,1,1,26,Accepted,1,0,677,Growth,Hybrid,Insurance,1,1,2025-11-07T00:00:00,Rule-Based Recommendation Engine,644.0,0.4872,Moderate,Digital Nurture,Insurance,Hybrid,Start a lighter digital journey and rescore after the next engagement signal refresh.,3180.5,3208.5,28.0,3180.5,0.4072,1,0,1.0,4062.8
OP0886,CU0886,EM0009,BR0002,CP1001,Customer 886,33,Affluent,88686.71,20,Salaried,Tier 2,1,0,1,2,1,0,0,0,179889.63,10,10,15,6,0,4,88,Accepted,0,0,698,Growth,Hybrid,Credit Card,1,1,2025-11-26T00:00:00,Rule-Based Recommendation Engine,520.0,0.5457,Low,Hold / Defer,Credit Card,No Outreach,Keep out of the active audience until new engagement or relationship signals arrive.,0.0,0.0,0.0,0.0,0.4657,0,0,0.0,0.0
OP0887,CU0887,EM0005,BR0001,CP1003,Customer 887,31,Affluent,82959.41,7,Salaried,Tier 2,0,1,1,2,1,0,0,0,155286.29,17,5,25,11,0,3,13,Opened,1,0,727,Growth,Hybrid,Insurance,1,1,2025-11-05T00:00:00,Rule-Based Recommendation Engine,500.0,0.6198,Suppressed,Suppress,Insurance,No Outreach,"Suppress outreach. Address service, compliance, or contact-fatigue constraints before reactivating.",0.0,0.0,0.0,0.0,0.5398,0,0,0.0,0.0
OP0888,CU0888,EM0006,BR0002,CP1003,Customer 888,27,Affluent,107887.14,16,Salaried,Tier 2,1,0,1,1,0,0,0,0,354456.23,1,9,9,5,0,2,40,No Response,0,0,789,Emerging,Digital,Insurance,1,1,2026-03-18T00:00:00,Rule-Based Recommendation Engine,877.0,0.7901,Prime,RM Priority Lead,Insurance,RM / Branch,Route to RM within 48 hours with value talking points and product rationale.,5058.28,5203.28,145.0,5058.28,0.7101,1,0,1.0,5846.34
OP0889,CU0889,EM0002,BR0001,CP1001,Customer 889,35,Affluent,144391.73,86,Self-Employed,Tier 1,1,0,1,1,0,0,0,0,438928.25,9,11,3,13,0,3,17,Opened,0,0,771,Growth,Digital,Credit Card,1,1,2025-11-24T00:00:00,Rule-Based Recommendation Engine,871.0,0.7823,Prime,RM Priority Lead,Credit Card,RM / Branch,Route to RM within 48 hours with value talking points and product rationale.,2637.48,2782.48,145.0,2637.48,0.7023,1,0,0.0,0.0
OP0890,CU0890,EM0007,BR0002,CP1004,Customer 890,38,Mass,83431.84,76,Contract,Tier 1,0,0,1,2,0,1,0,0,249619.9,1,8,7,9,3,1,29,No Response,0,0,685,Growth,RM / Branch,Wealth Upgrade,1,0,2026-03-23T00:00:00,Rule-Based Recommendation Engine,500.0,0.6237,Suppressed,Suppress,Wealth Upgrade,No Outreach,"Suppress outreach. Address service, compliance, or contact-fatigue constraints before reactivating.",0.0,0.0,0.0,0.0,0.5437,0,0,0.0,0.0
OP0891,CU0891,EM0001,BR0001,CP1003,Customer 891,53,Mass,160695.83,8,Salaried,Tier 1,1,1,1,2,0,0,1,0,248987.8,19,7,2,7,1,2,53,Opened,0,0,715,Growth,Hybrid,Insurance,1,1,2025-11-10T00:00:00,Rule-Based Recommendation Engine,738.0,0.6094,High,Campaign Target,Insurance,RM / Branch,Push into the next campaign wave with personalization tags and channel controls.,3868.26,4013.26,145.0,3868.26,0.5294,1,0,0.0,0.0
OP0892,CU0892,EM0007,BR0002,CP1003,Customer 892,21,Mass,88876.57,51,Salaried,Tier 2,1,0,0,2,0,1,0,0,21761.73,16,1,0,19,1,1,152,No Response,0,0,627,Growth,Digital,Insurance,1,1,2026-02-18T00:00:00,Rule-Based Recommendation Engine,500.0,0.3403,Suppressed,Suppress,Insurance,No Outreach,"Suppress outreach. Address service, compliance, or contact-fatigue constraints before reactivating.",0.0,0.0,0.0,0.0,0.2603,0,0,0.0,0.0
OP0893,CU0893,EM0003,BR0001,CP1001,Customer 893,37,Mass,117260.35,58,Self-Employed,Tier 3,0,0,1,3,1,0,0,1,74550.61,1,9,18,8,1,0,20,Accepted,1,0,734,Established,Digital,Credit Card,0,1,2026-01-21T00:00:00,Rule-Based Recommendation Engine,500.0,0.5119,Suppressed,Suppress,Credit Card,No Outreach,"Suppress outreach. Address service, compliance, or contact-fatigue constraints before reactivating.",0.0,0.0,0.0,0.0,0.4319,0,0,0.0,0.0
OP0894,CU0894,EM0007,BR0002,CP1003,Customer 894,28,Mass,103047.2,50,Self-Employed,Tier 1,1,0,1,2,0,1,0,0,69581.75,19,7,13,9,0,0,15,Opened,1,0,707,Growth,Digital,Insurance,1,1,2026-01-01T00:00:00,Rule-Based Recommendation Engine,500.0,0.6302,Suppressed,Suppress,Insurance,No Outreach,"Suppress outreach. Address service, compliance, or contact-fatigue constraints before reactivating.",0.0,0.0,0.0,0.0,0.5502,0,0,0.0,0.0
OP0895,CU0895,EM0002,BR0001,CP1002,Customer 895,36,Mass,102450.22,29,Salaried,Tier 3,1,0,1,2,0,0,0,1,93041.4,17,7,18,7,2,2,10,Opened,1,0,789,Established,Digital,Personal Loan,1,1,2025-11-03T00:00:00,Rule-Based Recommendation Engine,500.0,0.7316,Suppressed,Suppress,Personal Loan,No Outreach,"Suppress outreach. Address service, compliance, or contact-fatigue constraints before reactivating.",0.0,0.0,0.0,0.0,0.6516,0,0,0.0,0.0
OP0896,CU0896,EM0007,BR0002,CP1002,Customer 896,42,Mass,145711.46,6,Self-Employed,Tier 2,0,0,1,1,0,0,0,0,360766.91,7,5,13,8,0,1,59,Declined,1,1,662,Established,Digital,Personal Loan,1,1,2025-11-20T00:00:00,Rule-Based Recommendation Engine,500.0,0.4534,Suppressed,Suppress,Personal Loan,No Outreach,"Suppress outreach. Address service, compliance, or contact-fatigue constraints before reactivating.",0.0,0.0,0.0,0.0,0.3734,0,0,0.0,0.0
OP0897,CU0897,EM0002,BR0001,CP1002,Customer 897,40,Affluent,142891.4,48,Self-Employed,Tier 3,1,0,1,1,0,0,0,0,368789.81,26,9,3,4,1,1,67,Clicked,0,0,726,Growth,RM / Branch,Personal Loan,1,1,2026-01-10T00:00:00,Rule-Based Recommendation Engine,837.0,0.7381,Prime,RM Priority Lead,Personal Loan,RM / Branch,Route to RM within 48 hours with value talking points and product rationale.,6993.53,7138.53,145.0,6993.53,0.6581,1,0,0.0,0.0
OP0898,CU0898,EM0007,BR0002,CP1004,Customer 898,32,Affluent,123080.64,64,Professional,Tier 2,1,1,1,3,1,1,0,0,411387.05,22,3,29,13,2,1,70,Clicked,0,0,779,Growth,Digital,Wealth Upgrade,1,1,2026-02-19T00:00:00,Rule-Based Recommendation Engine,900.0,0.82,Prime,RM Priority Lead,Wealth Upgrade,RM / Branch,Route to RM within 48 hours with value talking points and product rationale.,13958.18,14103.18,145.0,13958.18,0.74,1,0,1.0,18714.09
OP0899,CU0899,EM0002,BR0001,CP1001,Customer 899,36,Affluent,92035.95,41,Self-Employed,Tier 3,1,0,1,2,0,0,1,0,263467.12,18,7,11,16,0,4,17,Declined,0,0,809,Established,Digital,Credit Card,1,1,2026-02-15T00:00:00,Rule-Based Recommendation Engine,860.0,0.768,Prime,RM Priority Lead,Credit Card,RM / Branch,Route to RM within 48 hours with value talking points and product rationale.,2586.62,2731.62,145.0,2586.62,0.688,1,0,0.0,0.0
OP0900,CU0900,EM0006,BR0002,CP1001,Customer 900,47,Affluent,109453.01,29,Salaried,Tier 2,1,0,1,1,0,0,0,0,312988.59,15,8,3,4,3,6,71,No Response,0,0,726,Growth,RM / Branch,Credit Card,1,1,2026-01-17T00:00:00,Rule-Based Recommendation Engine,853.0,0.7589,Prime,RM Priority Lead,Credit Card,RM / Branch,Route to RM within 48 hours with value talking points and product rationale.,2554.26,2699.26,145.0,2554.26,0.6789,1,0,0.0,0.0
OP0901,CU0901,EM0004,BR0001,CP1001,Golden - HNI Wealth Priority,45,HNI,360000.0,96,Professional,Tier 1,1,1,1,3,1,0,1,0,720000.0,36,14,22,20,4,6,95,Clicked,2,0,830,Established,RM / Branch,Auto Select,1,1,2026-04-25T00:00:00,Rule-Based Recommendation Engine,900.0,0.82,Prime,RM Priority Lead,Wealth Upgrade,RM / Branch,Route to RM within 48 hours with value talking points and product rationale.,13958.18,14103.18,145.0,13958.18,0.74,1,0,0.0,0.0
OP0902,CU0902,EM0008,BR0002,CP1001,Golden - Service Suppression,39,Affluent,190000.0,48,Salaried,Tier 1,1,1,1,2,0,0,1,0,320000.0,22,9,18,14,2,3,75,Opened,1,1,760,Growth,Hybrid,Auto Select,1,1,2026-04-15T00:00:00,Rule-Based Recommendation Engine,500.0,0.8083,Suppressed,Suppress,Credit Card,No Outreach,"Suppress outreach. Address service, compliance, or contact-fatigue constraints before reactivating.",0.0,0.0,0.0,0.0,0.7283,0,0,0.0,0.0
OP0903,CU0903,EM0002,BR0001,CP1001,Golden - Already Holds Card,34,Mass,95000.0,30,Salaried,Tier 1,1,1,1,2,1,0,0,0,145000.0,18,8,16,12,1,2,50,No Response,0,0,725,Growth,Digital,Credit Card,1,1,2026-04-19T00:00:00,Rule-Based Recommendation Engine,520.0,0.5587,Low,Hold / Defer,Credit Card,No Outreach,Keep out of the active audience until new engagement or relationship signals arrive.,0.0,0.0,0.0,0.0,0.4787,0,0,0.0,0.0
OP0904,CU0904,EM0007,BR0002,CP1001,Golden - Contact Fatigue,42,Affluent,210000.0,66,Business Owner,Tier 1,1,0,1,2,0,0,0,1,410000.0,28,10,20,15,2,4,3,Clicked,2,0,790,Established,Hybrid,Auto Select,1,1,2026-04-26T00:00:00,Rule-Based Recommendation Engine,500.0,0.82,Suppressed,Suppress,Credit Card,No Outreach,"Suppress outreach. Address service, compliance, or contact-fatigue constraints before reactivating.",0.0,0.0,0.0,0.0,0.74,0,0,0.0,0.0
OP0905,CU0905,EM0005,BR0001,CP1002,Golden - Suitability Hold,28,Mass,42000.0,10,Contract,Tier 2,1,0,1,1,0,0,0,0,28000.0,8,3,6,4,0,0,90,No Response,0,0,610,Emerging,Digital,Personal Loan,1,1,2026-05-14T00:00:00,Rule-Based Recommendation Engine,520.0,0.3767,Low,Hold / Defer,Personal Loan,No Outreach,Keep out of the active audience until new engagement or relationship signals arrive.,0.0,0.0,0.0,0.0,0.2967,0,0,0.0,0.0
OP0906,CU0906,EM0001,BR0001,CP1001,Customer A,36,Mass,90000.0,30,Salaried,Tier 1,1,1,1,2,0,0,0,0,145000.0,18,8,12,10,1,2,45,No Response,0,0,725,Growth,Digital,Auto Select,1,1,2026-06-16T19:32:09.380050,Rule-Based Recommendation Engine,825.0,0.7225,Prime,RM Priority Lead,Credit Card,RM / Branch,Route to RM within 48 hours with value talking points and product rationale.,2424.79,2569.79,145.0,2424.79,0.6425,1,0,,
OP0907,CU0907,EM0001,BR0001,CP1001,Customer A,36,Mass,90000.0,30,Salaried,Tier 1,1,1,1,2,0,0,0,0,145000.0,18,8,12,10,1,2,45,No Response,0,0,725,Growth,Digital,Auto Select,1,1,2026-06-16T19:55:14.692075,Rule-Based Recommendation Engine,825.0,0.7225,Prime,RM Priority Lead,Credit Card,RM / Branch,Route to RM within 48 hours with value talking points and product rationale.,2424.79,2569.79,145.0,2424.79,0.6425,1,0,,
OP0908,CU0908,EM0001,BR0001,CP1001,Customer A,36,Mass,90000.0,30,Salaried,Tier 1,1,1,1,2,0,0,0,0,145000.0,18,8,12,10,1,2,45,No Response,0,0,725,Growth,Digital,Auto Select,1,1,2026-06-16T19:55:15.626122,Rule-Based Recommendation Engine,825.0,0.7225,Prime,RM Priority Lead,Credit Card,RM / Branch,Route to RM within 48 hours with value talking points and product rationale.,2424.79,2569.79,145.0,2424.79,0.6425,1,0,,
